EAN;Produto_Pesquisa;Preco_Principal;Qtd_Pesquisas_Principal;Farmacia_Principal;Rede_Principal;Menor_Preco_Concorrente;Loja_Menor_Preco_Concorrente;Rede_Menor_Preco_Concorrente;Qtd_Pesquisas_Concorrentes;Produto;Laboratório;Família;CURVA;Recomendacao;Ganho_Potencial;Margem_%;Lucro_Unitario;Preco_Medio;Dif_vs_Concorrente_R$;Dif_vs_Concorrente_%;Custo_Estimado;Lucro_Apos_Acompanhar;Margem_Apos_Acompanhar_%;Tipo_Alerta;Prioridade;Ação Recomendada;Ordem_Prioridade
0;PRINCIPIA GL-02 - GEL DE LIMPEZA SUAVE 500ML;14.623541666666668;48;ZANOL E THOMAZ LTDA;Zanol e Thomaz;0.25;TRIANGULO DROGARIA LTDA;Triangulo;749.0;ADESIVO SILVER MAX PRETO SUPER BRILHO 1.22X50;;;;SEM CUSTO;;;;31.2;14.373541666666668;5749.416666666667;;;;🔴 Negociar Compras;🔴 Crítica;Enviar para compras negociar custo/condição antes de reduzir.;1
7896235353980;MONANGE SAB LIQ FRUTAS VERMELHAS 240ML;9.99;3;ZANOL E THOMAZ LTDA;Zanol e Thomaz;1.99;EMPREENDIMENTOS PAGUE MENOS S/A;Pague Menos;27.0;SAB MONANGE FRUTAS V;COTY;MONANGE;A;SUBIR PREÇO URGENTE;6.438571428571429;-196.4824120603015;-3.91;1.99;8.0;402.01005025125625;13.9;-11.91;-598.4924623115578;🔴 Negociar Compras;🔴 Crítica;Enviar para compras negociar custo/condição antes de reduzir.;1
7896423420180;SNICKERS RECH ORIGINAL 45GR;4.49;2;ZANOL E THOMAZ LTDA;Zanol e Thomaz;1.5;EMPREENDIMENTOS PAGUE MENOS S/A;Pague Menos;17.0;CHOC SNICKERS 45G;;;;SEM CUSTO;;;;3.495;2.99;199.33333333333334;;;;🔴 Negociar Compras;🔴 Crítica;Enviar para compras negociar custo/condição antes de reduzir.;1
7891317452964;DOXAZOSINA 2MG 30CPR EURO;20.99;2;ZANOL E THOMAZ LTDA;Zanol e Thomaz;7.69;EMPREENDIMENTOS PAGUE MENOS S/A;Pague Menos;7.0;MESIL DOXAZOSINA 2MG;EUROFARMA;DOXAZOSINA;B;SUBIR PREÇO URGENTE;2.870714285714286;3.868660598179457;0.2975000000000003;7.69;13.299999999999997;172.95188556566964;20.6925;-13.002499999999998;-169.08322496749022;🔴 Negociar Compras;🔴 Crítica;Enviar para compras negociar custo/condição antes de reduzir.;1
7896422504744;SIMETICONA 75MG GTS 15ML MEDLEY;12.99;4;ZANOL E THOMAZ LTDA;Zanol e Thomaz;5.54;TRIANGULO DROGARIA LTDA;Triangulo;26.0;SIMETICONA 75MG GTS 15ML MEDLEY;SANOFI-MEDLEY;SIMETICONA;A;COMPETITIVO;-1.603571428571428;50.26173285198556;2.7845;12.6352380952381;7.45;134.4765342960289;10.2055;-4.665500000000001;-84.21480144404333;🔴 Negociar Compras;🔴 Crítica;Enviar para compras negociar custo/condição antes de reduzir.;1
7891317431358;ESPIRONOLACTONA 25MG 30CPR EURO;19.99;6;ZANOL E THOMAZ LTDA;Zanol e Thomaz;8.7;EMPREENDIMENTOS PAGUE MENOS S/A;Pague Menos;40.0;ESPIRONOLACTONA 25MG;EUROFARMA;ESPIRONOLACTONA;A;SUBIR PREÇO;1.115486194477787;21.02482372259252;1.829159663865549;8.7;11.29;129.77011494252875;18.16084033613445;-9.46084033613445;-108.7452912199362;🔴 Negociar Compras;🔴 Crítica;Enviar para compras negociar custo/condição antes de reduzir.;1
7506339326055;ALWAYS ABS NOITE SUAVE  L32P26;41.99;2;ZANOL E THOMAZ LTDA;Zanol e Thomaz;18.9;MATEUS SUPERMERCADOS SA;Mateus Super Rcados;16.0;ABS ALWAYS NOTURNO SUAVE G CA 32X1;PROCTER GAMBLE;ALWAYS;B;SUBIR PREÇO URGENTE;8.695714285714288;7.278835386338184;1.949999999999999;27.32111111111111;23.090000000000003;122.16931216931219;40.040000000000006;-21.140000000000008;-111.85185185185189;🔴 Negociar Compras;🔴 Crítica;Enviar para compras negociar custo/condição antes de reduzir.;1
7891008123975;GAROTO CHOC TAB AO LEITE 80GR;10.99;1;ZANOL E THOMAZ LTDA;Zanol e Thomaz;5.0;POSTERUS SUPERMERCADOS LTDA;Posterus Super Rcados;19.0;CHOC BR GAROTO AO LEITE 80G;NESTLE;GAROTO;C;SUBIR PREÇO URGENTE;7.139285714285716;-69.95000000000002;-3.4975;6.645;5.99;119.8;14.4875;-9.4875;-189.75000000000003;🔴 Negociar Compras;🔴 Crítica;Enviar para compras negociar custo/condição antes de reduzir.;1
7897595602626;ACICLOVIR 200MG 25 CP SANDOZ;35.99;2;ZANOL E THOMAZ LTDA;Zanol e Thomaz;16.99;BRASIFARMA COMERCIO DE MEDICAMENTOS LTDA;Brasifarma;7.0;GEN ACICLOVIR 200MG 25CPR;SANDOZ;ACICLOVIR;B;SUBIR PREÇO URGENTE;5.595714285714291;6.945261918775739;1.179999999999998;16.99;19.000000000000004;111.83048852266042;34.81;-17.820000000000004;-104.88522660388466;🔴 Negociar Compras;🔴 Crítica;Enviar para compras negociar custo/condição antes de reduzir.;1
7896422505741;ACICLOVIR CR DERM 50MG/G 10G MEDLEY;17.99;2;ZANOL E THOMAZ LTDA;Zanol e Thomaz;8.65;RAIADROGASIL SA;Drogasil;11.0;ACICLOVIR 50 MEG 10G;SANOFI-MEDLEY;ACICLOVIR;B;SUBIR PREÇO;1.210714285714285;20.20231213872833;1.7475;8.65;9.339999999999998;107.97687861271675;16.2425;-7.592499999999999;-87.77456647398843;🔴 Negociar Compras;🔴 Crítica;Enviar para compras negociar custo/condição antes de reduzir.;1
7891150095601;DOVE LEAVEIN BOND INTENSE REPAIR 50ML;21.99;1;ZANOL E THOMAZ LTDA;Zanol e Thomaz;10.82;EMPREENDIMENTOS PAGUE MENOS S/A;Pague Menos;2.0;LEAVE IN DOVE BOND I;UNILEVER;DOVE;B;SUBIR PREÇO URGENTE;6.290714285714284;-10.6977818853974;-1.157499999999999;10.82;11.169999999999998;103.2347504621072;23.147499999999997;-12.327499999999997;-113.9325323475046;🔴 Negociar Compras;🔴 Crítica;Enviar para compras negociar custo/condição antes de reduzir.;1
78912366;GAROTO CHOC BATON BRANCO 16GR;1.9899999999999998;10;ZANOL E THOMAZ LTDA;Zanol e Thomaz;0.99;MATEUS SUPERMERCADOS SA;Mateus Super Rcados;62.0;CHOC BATON GAROTO BRANCO 16G;NESTLE;GAROTO;B;SUBIR PREÇO URGENTE;0.9465306122449002;-36.92640692640707;-0.36557142857143;1.851538461538462;0.9999999999999998;101.010101010101;2.3555714285714298;-1.3655714285714298;-137.93650793650806;🔴 Negociar Compras;🔴 Crítica;Enviar para compras negociar custo/condição antes de reduzir.;1
4005900521934;NIVEA SAB BARRA ERVA DOCE 85GR;3.99;3;ZANOL E THOMAZ LTDA;Zanol e Thomaz;1.99;MATEUS SUPERMERCADOS SA;Mateus Super Rcados;22.0;SAB NIVEA HID ERVA DOCE 85G;BEIERSDORF - NIVEA;NIVEA;B;SUBIR PREÇO URGENTE;1.524285714285715;-23.61809045226131;-0.47;2.667777777777777;2.0;100.50251256281406;4.46;-2.4699999999999998;-124.12060301507537;🔴 Negociar Compras;🔴 Crítica;Enviar para compras negociar custo/condição antes de reduzir.;1
7897947620131;JOAO E MARIA SAB LIQ GLICERINA 200ML;17.99;3;ZANOL E THOMAZ LTDA;Zanol e Thomaz;8.99;TRIANGULO DROGARIA LTDA;Triangulo;12.0;JOAO E MARIA SAB LIQ GLICERINA 200ML;CIMED;JOAO E MARIA;B;SUBIR PREÇO URGENTE;9.367142857142857;-42.93659621802001;-3.859999999999999;16.19;8.999999999999998;100.111234705228;21.849999999999998;-12.859999999999998;-143.04783092324803;🔴 Negociar Compras;🔴 Crítica;Enviar para compras negociar custo/condição antes de reduzir.;1
7897947622050;JOAO E MARIA CD GLICERINA 200ML;18.99;1;ZANOL E THOMAZ LTDA;Zanol e Thomaz;9.49;TRIANGULO DROGARIA LTDA;Triangulo;5.0;JOAO E MARIA CD GLICERINA 200ML;CIMED;JOAO E MARIA;B;SUBIR PREÇO URGENTE;10.09571428571429;-44.46786090621708;-4.220000000000001;12.65666666666667;9.499999999999998;100.10537407797679;23.21;-13.72;-144.5732349841939;🔴 Negociar Compras;🔴 Crítica;Enviar para compras negociar custo/condição antes de reduzir.;1
7897947621992;JOAO E MARIA CL LAVANDA 200ML;30.99;1;ZANOL E THOMAZ LTDA;Zanol e Thomaz;15.49;TRIANGULO DROGARIA LTDA;Triangulo;2.0;JOAO E MARIA CL LAVANDA 200ML;CIMED;JOAO E MARIA;B;SUBIR PREÇO URGENTE;17.33857142857143;-48.35377663008393;-7.49;23.24;15.499999999999998;100.0645577792124;38.48;-22.989999999999995;-148.41833440929628;🔴 Negociar Compras;🔴 Crítica;Enviar para compras negociar custo/condição antes de reduzir.;1
7896004708942;ESPIRONOLACTONA 25MG 30CPR EMS;17.01;4;ZANOL E THOMAZ LTDA;Zanol e Thomaz;8.7;IMIFARMA PRODU FARMACEU E COSMETIC S.A;Imifarma Produ Farmaceu;19.0;ESPIRONOLACTONA 25MG;EMS;ESPIRONOLACTONA;A;SUBIR PREÇO URGENTE;1.764285714285716;15.80459770114942;1.374999999999999;8.7;8.310000000000002;95.51724137931038;15.635000000000003;-6.935000000000004;-79.71264367816097;🔴 Negociar Compras;🔴 Crítica;Enviar para compras negociar custo/condição antes de reduzir.;1
7897947620513;CARMED ENX BUCAL DENTADURA 250ML;14.99;1;ZANOL E THOMAZ LTDA;Zanol e Thomaz;7.75;IMIFARMA PRODU FARMACEU E COSMETIC S.A;Imifarma Produ Farmaceu;5.0;ENX BUCAL CARMED FIN;CIMED;CARMED;B;SUBIR PREÇO URGENTE;4.026190476190473;-6.365591397849427;-0.4933333333333305;9.25;7.24;93.41935483870968;15.48333333333333;-7.733333333333331;-99.78494623655911;🔴 Negociar Compras;🔴 Crítica;Enviar para compras negociar custo/condição antes de reduzir.;1
7897947620520;CARMED ENX BUCAL BEIJOS 250ML;14.99;2;ZANOL E THOMAZ LTDA;Zanol e Thomaz;7.75;IMIFARMA PRODU FARMACEU E COSMETIC S.A;Imifarma Produ Farmaceu;11.0;ENX BUCAL CARMED FIN;CIMED;CARMED;B;SUBIR PREÇO URGENTE;4.027232142857144;-6.375000000000002;-0.4940625000000001;7.75;7.24;93.41935483870968;15.4840625;-7.7340625;-99.79435483870968;🔴 Negociar Compras;🔴 Crítica;Enviar para compras negociar custo/condição antes de reduzir.;1
7891317003050;DOXAZOSINA 4MG 30 CP EURO;39.99;2;ZANOL E THOMAZ LTDA;Zanol e Thomaz;20.99;TRIANGULO DROGARIA LTDA;Triangulo;8.0;DOXAZOSINA 4MG 30 CP EURO;EUROFARMA;DOXAZOSINA;B;SUBIR PREÇO URGENTE;3.017142857142861;19.93806574559313;4.184999999999999;35.24;19.000000000000004;90.51929490233447;35.80500000000001;-14.815000000000008;-70.58122915674136;🔴 Negociar Compras;🔴 Crítica;Enviar para compras negociar custo/condição antes de reduzir.;1
7897947620490;CARMED GEL DENTAL C/FLUOR DENTADURA 70GR;16.99;4;ZANOL E THOMAZ LTDA;Zanol e Thomaz;8.99;TRIANGULO DROGARIA LTDA;Triangulo;11.0;CARMED GEL DENTAL C/FLUOR DENTADURA 70GR;CIMED;CARMED;B;SUBIR PREÇO URGENTE;2.781428571428572;8.342602892102335;0.75;17.09;7.999999999999998;88.9877641824249;16.24;-7.249999999999998;-80.64516129032255;🔴 Negociar Compras;🔴 Crítica;Enviar para compras negociar custo/condição antes de reduzir.;1
7896714207551;DIPIRONA 1G 10 CPR NEO;14.99;1;ZANOL E THOMAZ LTDA;Zanol e Thomaz;7.99;RAIADROGASIL S.A.;Drogasil;34.0;DIPIRONA SODICA NEG10S;NEO QUIMICA;DIPIRONA;A;COMPETITIVO;-3.575714285714286;55.05505505505506;5.5;9.99;7.0;87.60951188986232;9.49;-1.5;-18.773466833541928;🔴 Negociar Compras;🔴 Crítica;Enviar para compras negociar custo/condição antes de reduzir.;1
7891317005269;DESLORATADINA 5MG 10 CP EURO;23.99;3;ZANOL E THOMAZ LTDA;Zanol e Thomaz;13.0;MARCOPHARMA COMERCIO DE MEDICAMENTOS EIRELI;Marcopharma De;32.0;GEN DESLORATADINA 5MG 10CPR REV;EUROFARMA;DESLORATADINA;A;COMPETITIVO;-5.960204081632657;62.09340659340662;8.072142857142861;13.0;10.989999999999998;84.53846153846153;15.917857142857137;-2.9178571428571374;-22.445054945054903;🔴 Negociar Compras;🔴 Crítica;Enviar para compras negociar custo/condição antes de reduzir.;1
7896094929807;TAMARINE GERMINA 4BI 5FLAC 5ML;36.17;1;ZANOL E THOMAZ LTDA;Zanol e Thomaz;19.89;EMPREENDIMENTOS PAGUE MENOS S/A;Pague Menos;2.0;TAMARINE GERMINA 4BI;HYPERA CH;TAMARINE GERMINA;B;SUBIR PREÇO URGENTE;18.79571428571428;-36.14881850175966;-7.189999999999998;19.89;16.28;81.85017596782302;43.36;-23.47;-117.99899446958268;🔴 Negociar Compras;🔴 Crítica;Enviar para compras negociar custo/condição antes de reduzir.;1
7891000393284;NINHO INTEGRAL INSTANTANEO 380GR;17.99;4;ZANOL E THOMAZ LTDA;Zanol e Thomaz;9.9;EMPREENDIMENTOS PAGUE MENOS S/A;Pague Menos;53.0;LEITE NINHO INTEGRAL;NESTLE;NINHO LEITE;A;SUBIR PREÇO URGENTE;12.22857142857143;-56.46464646464646;-5.59;13.23333333333333;8.089999999999998;81.7171717171717;23.58;-13.679999999999998;-138.18181818181816;🔴 Negociar Compras;🔴 Crítica;Enviar para compras negociar custo/condição antes de reduzir.;1
7896523201948;K-MED 2 EM 1 GEL FR 50G;17.99;4;ZANOL E THOMAZ LTDA;Zanol e Thomaz;9.95;RAIADROGASIL SA;Drogasil;14.0;K-MED GEL 2EM1 50G;CIMED;K-MED;B;SUBIR PREÇO URGENTE;8.892857142857142;-32.56281407035176;-3.24;9.95;8.04;80.8040201005025;21.229999999999997;-11.279999999999998;-113.36683417085425;🔴 Negociar Compras;🔴 Crítica;Enviar para compras negociar custo/condição antes de reduzir.;1
7896007550906;INTIMUS ABS NOT SECA C/ABAS C/30;24.99;1;ZANOL E THOMAZ LTDA;Zanol e Thomaz;13.91;EMPREENDIMENTOS PAGUE MENOS S/A;Pague Menos;10.0;INTIMUS ABS NOT SECA C/ABAS C/30;KIMBERLY CLARK;INTIMUS;B;SUBIR PREÇO;0.9346031746031471;27.38206393668587;6.842777777777798;24.99;11.079999999999998;79.65492451473759;18.1472222222222;-4.237222222222201;-30.46169821870741;🔴 Negociar Compras;🔴 Crítica;Enviar para compras negociar custo/condição antes de reduzir.;1
7891962015620;BAUDUCCO BOLINHO MORANG C/BAUNILHA 40GR UN;2.99;2;ZANOL E THOMAZ LTDA;Zanol e Thomaz;1.69;POSTERUS SUPERMERCADOS LTDA;Posterus Super Rcados;9.0;BOLINHO BAUDUCCO BAUNMORAN 40G;BAUDUCCO;BAUDUCCO;B;SUBIR PREÇO URGENTE;1.063571428571429;-14.05325443786982;-0.2375;1.69;1.3000000000000003;76.92307692307693;3.2275;-1.5375;-90.97633136094674;🔴 Negociar Compras;🔴 Crítica;Enviar para compras negociar custo/condição antes de reduzir.;1
7891962051574;BAUDUCCO BOLINHO ROLL CHOC 34GR;2.99;2;ZANOL E THOMAZ LTDA;Zanol e Thomaz;1.69;MATEUS SUPERMERCADOS SA;Mateus Super Rcados;8.0;BOLINHO BAUDUCCO ROLL CHOC 34G;BAUDUCCO;BAUDUCCO;B;SUBIR PREÇO URGENTE;1.218163265306129;-20.45646661031302;-0.3457142857142901;1.69;1.3000000000000003;76.92307692307693;3.3357142857142903;-1.6457142857142903;-97.37954353338996;🔴 Negociar Compras;🔴 Crítica;Enviar para compras negociar custo/condição antes de reduzir.;1
7897947622241;CARMED HID LAB SELECOES 5G;13.115;4;ZANOL E THOMAZ LTDA;Zanol e Thomaz;7.49;TRIANGULO DROGARIA LTDA;Triangulo;18.0;CARMED HID LAB SELECOES 5G;;;;SEM CUSTO;;;;11.70875;5.625;75.10013351134846;;;;🔴 Negociar Compras;🔴 Crítica;Enviar para compras negociar custo/condição antes de reduzir.;1
7891024035214;PROTEX SAB MACADAMIA 85G;4.99;3;ZANOL E THOMAZ LTDA;Zanol e Thomaz;2.89;MATEUS SUPERMERCADOS SA;Mateus Super Rcados;15.0;SAB PROTEX ANT MACADAMIA 85G;COLGATE;PROTEX;B;SUBIR PREÇO URGENTE;44.85285714285715;-1056.401384083045;-30.53;3.295;2.1;72.66435986159169;35.52;-32.63;-1129.0657439446368;🔴 Negociar Compras;🔴 Crítica;Enviar para compras negociar custo/condição antes de reduzir.;1
7896112486787;ARADOIS 50MG 30CPR;7.99;4;ZANOL E THOMAZ LTDA;Zanol e Thomaz;4.73;RAIADROGASIL S.A.;Drogasil;40.0;ARADOIS 50 MG 30 'S;BIOLAB;ARADOIS;A;SUBIR PREÇO URGENTE;2.099468438538199;-1.070357441368699;-0.05062790697673947;5.075;3.26;68.92177589852008;8.04062790697674;-3.3106279069767393;-69.99213333988877;🔴 Negociar Compras;🔴 Crítica;Enviar para compras negociar custo/condição antes de reduzir.;1
7896006219255;FONT D 50.000 UI X 08 COMP;58.99;4;ZANOL E THOMAZ LTDA;Zanol e Thomaz;35.0;SOUZA E MONTEIRO COMERCIO DE MEDICAMENTOS LTDA;Souza E Monteiro;16.0;FONT D 50.000UI COM REV X 8;UNIAO QUIMICA;FONT D;B;MANTER;-0.2535714285714263;30.50714285714286;10.6775;35.0;23.990000000000002;68.54285714285714;48.3125;-13.3125;-38.035714285714285;🔴 Negociar Compras;🔴 Crítica;Enviar para compras negociar custo/condição antes de reduzir.;1
7899620915046;SCAFLOGIN 100MG 12 CPR;3.33;1;ZANOL E THOMAZ LTDA;Zanol e Thomaz;2.0;ADRIELE COSTA S S EIRELI;Adriele Costa S;15.0;SCAFLOGIN 100MG 12 COMP NIMESULIDA;GLOBO;SCAFLOGIN;A;SUBIR PREÇO;0.07914893617021423;27.2297872340425;0.54459574468085;2.0;1.33;66.5;2.78540425531915;-0.78540425531915;-39.2702127659575;🔴 Negociar Compras;🔴 Crítica;Enviar para compras negociar custo/condição antes de reduzir.;1
7891058002725;IBUPROFENO 400MG 10CAPS MEDLEY;14.99;3;ZANOL E THOMAZ LTDA;Zanol e Thomaz;9.07;RAIADROGASIL SA;Drogasil;27.0;IBUPROFENO 400MG 10S;SANOFI-MEDLEY;IBUPROFENO;B;SUBIR PREÇO URGENTE;3.462142857142858;3.28004410143329;0.2974999999999994;9.683333333333334;5.92;65.27012127894156;14.6925;-5.6225000000000005;-61.990077177508276;🔴 Negociar Compras;🔴 Crítica;Enviar para compras negociar custo/condição antes de reduzir.;1
7896512941947;GRANADO BEBE SAB BARRA CAMOMILA 90G;10.99;8;ZANOL E THOMAZ LTDA;Zanol e Thomaz;6.69;MATEUS SUPERMERCADOS SA;Mateus Super Rcados;32.0;SAB GRANADO GLIC BEBE CAMOMILA 90G;GRANADO;GRANADO BEBE;B;MANTER;-0.04604395604395695;30.48177532482467;2.039230769230771;6.69;4.3;64.27503736920777;8.950769230769229;-2.2607692307692284;-33.793262044383084;🔴 Negociar Compras;🔴 Crítica;Enviar para compras negociar custo/condição antes de reduzir.;1
7509546679525;COLGATE ENX BUCAL PLAX ODOR CONTROL 250ML;12.99;4;ZANOL E THOMAZ LTDA;Zanol e Thomaz;7.99;SUPERMERCADO SANTA MARIA LTDA;Super Rcado Nta;5.0;ENX COLGATE PLAX 250ML FRESH MINT;COLGATE;COLGATE;B;SUBIR PREÇO URGENTE;5.724285714285715;-20.15018773466833;-1.609999999999999;7.99;5.0;62.57822277847309;14.6;-6.609999999999999;-82.72841051314141;🔴 Negociar Compras;🔴 Crítica;Enviar para compras negociar custo/condição antes de reduzir.;1
7896311708314;IM CREATINA HARDCORE 300GR;96.99;2;ZANOL E THOMAZ LTDA;Zanol e Thomaz;59.9;EMPREENDIMENTOS PAGUE MENOS S/A;Pague Menos;13.0;CREATINA INTEG MED M;INTEGRALMEDICA;CREATINA;A;SUBIR PREÇO;4.771428571428579;24.42404006677796;14.63;66.59666666666666;37.089999999999996;61.91986644407345;82.36;-22.46;-37.495826377295494;🔴 Negociar Compras;🔴 Crítica;Enviar para compras negociar custo/condição antes de reduzir.;1
7896902210905;FARMAX AMONIA 100ML;4.49;4;ZANOL E THOMAZ LTDA;Zanol e Thomaz;2.81;EAN COMERCIO DE COSMETICOS LTDA;Ean De;14.0;AMONIA FARMAX PELOS DOURADOS 100ML - UN;FARMAX;FARMAX;B;MANTER;-0.5385714285714283;43.41637010676156;1.22;2.81;1.6800000000000002;59.78647686832741;3.2700000000000005;-0.4600000000000004;-16.37010676156585;🔴 Negociar Compras;🔴 Crítica;Enviar para compras negociar custo/condição antes de reduzir.;1
7896422520669;SIMETICONA 125MG 10 CAPS GEL MEDLEY;10.99;4;ZANOL E THOMAZ LTDA;Zanol e Thomaz;6.9;RAIADROGASIL S.A.;Drogasil;26.0;SIMETICONA 125 MEG 10S;SANOFI-MEDLEY;SIMETICONA;A;COMPETITIVO;-2.235714285714286;52.68115942028986;3.635;6.9;4.09;59.27536231884057;7.355;-0.45500000000000007;-6.5942028985507255;🔴 Negociar Compras;🔴 Crítica;Enviar para compras negociar custo/condição antes de reduzir.;1
7896422506229;DIPIRONA GTS 10ML MEDLEY;9.1;6;ZANOL E THOMAZ LTDA;Zanol e Thomaz;5.79;IMIFARMA PRODU FARMACEU E COSMETIC S.A;Imifarma Produ Farmaceu;32.0;DIPIRONA SOD 10ML GN;SANOFI-MEDLEY;DIPIRONA;A;MANTER;-0.3813557779799854;34.61051890476667;2.00394904458599;5.79;3.3099999999999996;57.16753022452503;7.096050955414009;-1.3060509554140092;-22.557011319758363;🔴 Negociar Compras;🔴 Crítica;Enviar para compras negociar custo/condição antes de reduzir.;1
7891058001155;NOVALGINA 1000MG 10CPR;21.97;6;ZANOL E THOMAZ LTDA;Zanol e Thomaz;13.99;TRIANGULO DROGARIA LTDA;Triangulo;33.0;NOVALGINA 1000MG 10CPR;OPELLA;NOVALGINA;A;SUBIR PREÇO URGENTE;9.285714285714285;-4.355179704016902;-0.8239999999999981;20.7228;7.979999999999999;57.04074338813437;22.793999999999997;-8.803999999999997;-62.93066476054322;🔴 Negociar Compras;🔴 Crítica;Enviar para compras negociar custo/condição antes de reduzir.;1
7891317101985;AZITROMICINA 900MG PO SUSP 22,5ML EURO;38.99;5;ZANOL E THOMAZ LTDA;Zanol e Thomaz;25.0;BRASIFARMA COMERCIO DE MEDICAMENTOS LTDA;Brasifarma;34.0;GEN AZITROMICINA 900MG 22,5ML;EUROFARMA;AZITROMICINA;A;SUBIR PREÇO;0.5928571428571416;28.34;7.085000000000001;28.3075;13.990000000000002;55.96000000000001;31.905;-6.905000000000001;-27.620000000000005;🔴 Negociar Compras;🔴 Crítica;Enviar para compras negociar custo/condição antes de reduzir.;1
7891024035313;PROTEX SAB MEN SPORT 85G;4.49;2;ZANOL E THOMAZ LTDA;Zanol e Thomaz;2.89;MATEUS SUPERMERCADOS SA;Mateus Super Rcados;23.0;SAB PROTEX ANT MEN SPORT 85G;COLGATE;PROTEX;B;SUBIR PREÇO URGENTE;1.324285714285714;-2.07612456747405;-0.06000000000000005;3.415;1.6;55.36332179930796;4.550000000000001;-1.6600000000000006;-57.43944636678202;🔴 Negociar Compras;🔴 Crítica;Enviar para compras negociar custo/condição antes de reduzir.;1
78948150;LACTA CHOC WAFER OREO 20,1GR;1.99;4;ZANOL E THOMAZ LTDA;Zanol e Thomaz;1.29;MATEUS SUPERMERCADOS S.A. - MIX MARABA;Mateus Super Rcados;27.0;CHOC LACTA BB OREO 20G;;;;SEM CUSTO;;;;1.34;0.7;54.263565891472865;;;;🔴 Negociar Compras;🔴 Crítica;Enviar para compras negociar custo/condição antes de reduzir.;1
7891317140458;DIENOGESTE 2MG 30CPR EURO;38.99;2;ZANOL E THOMAZ LTDA;Zanol e Thomaz;25.32;BRASIFARMA COMERCIO DE MEDICAMENTOS LTDA;Brasifarma;9.0;GEN DIENOGESTE 2MG 30CPR;EUROFARMA;DIENOGESTE;A;MANTER;-6.05730158730157;46.74609443566785;11.8361111111111;25.32;13.670000000000002;53.988941548183256;27.1538888888889;-1.8338888888889002;-7.2428471125154035;🔴 Negociar Compras;🔴 Crítica;Enviar para compras negociar custo/condição antes de reduzir.;1
4005900453259;NIVEA HID LABIAL CAREC AMORA 4,8GR;19.99;1;ZANOL E THOMAZ LTDA;Zanol e Thomaz;12.99;IMIFARMA PRODU FARMACEU E COSMETIC S.A;Imifarma Produ Farmaceu;8.0;HID LABIAL NIVEA AMO;BEIERSDORF - NIVEA;NIVEA;B;SUBIR PREÇO URGENTE;4.185824175824143;7.443595665304851;0.9669230769231003;12.99;6.999999999999998;53.88760585065433;19.0230769230769;-6.0330769230769;-46.4440101853495;🔴 Negociar Compras;🔴 Crítica;Enviar para compras negociar custo/condição antes de reduzir.;1
78907461;GAROTO CHOC TALENTO AVELA 25G UN;4.99;7;ZANOL E THOMAZ LTDA;Zanol e Thomaz;3.25;MATEUS SUPERMERCADOS SA;Mateus Super Rcados;26.0;CHOC BR GAROTO TAL AVELA 25G;;;;SEM CUSTO;;;;3.32;1.7400000000000002;53.53846153846155;;;;🔴 Negociar Compras;🔴 Crítica;Enviar para compras negociar custo/condição antes de reduzir.;1
7896006219248;FONT D 50.000UI COM REV X 4;38.99;6;ZANOL E THOMAZ LTDA;Zanol e Thomaz;25.4;BRASIFARMA COMERCIO DE MEDICAMENTOS LTDA;Brasifarma;18.0;FONT D 50.000UI 04CPR;UNIAO QUIMICA;FONT D;B;MANTER;-6.503571428571426;47.92322834645669;12.1725;25.4;13.590000000000003;53.503937007874036;26.817500000000003;-1.417500000000004;-5.580708661417339;🔴 Negociar Compras;🔴 Crítica;Enviar para compras negociar custo/condição antes de reduzir.;1
7891150008137;CLEAR SH HIDRATACAO INTENSA 400ML;28.99;5;ZANOL E THOMAZ LTDA;Zanol e Thomaz;18.99;EMPREENDIMENTOS PAGUE MENOS S/A;Pague Menos;8.0;SHP CLEAR HIDRATACAO;UNILEVER;CLEAR;B;SUBIR PREÇO URGENTE;9.931428571428576;-6.608741442864679;-1.255000000000003;18.99;10.0;52.65929436545551;30.245;-11.255000000000003;-59.268035808320185;🔴 Negociar Compras;🔴 Crítica;Enviar para compras negociar custo/condição antes de reduzir.;1
7891150094741;DOVE DES CR SERUM REPARACAO DIARIA 50G;15.99;1;ZANOL E THOMAZ LTDA;Zanol e Thomaz;10.49;IMIFARMA PRODU FARMACEU E COSMETIC S.A;Imifarma Produ Farmaceu;12.0;DOVE ANT CR REP DIAR50;UNILEVER;DOVE;B;SUBIR PREÇO;0.2411069558712864;28.90548074507198;4.4572251308901;15.42;5.5;52.430886558627265;11.5327748691099;-1.0427748691099001;-9.940656521543376;🔴 Negociar Compras;🔴 Crítica;Enviar para compras negociar custo/condição antes de reduzir.;1
7891962067889;BOLINHO BAUDUCCO LARANJA 01X16X40GR UN;2.56;1;ZANOL E THOMAZ LTDA;Zanol e Thomaz;1.69;MATEUS SUPERMERCADOS SA;Mateus Super Rcados;9.0;BOLINHO BAUDUCCO LARANJA 40G;BAUDUCCO;BAUDUCCO;B;SUBIR PREÇO URGENTE;1.052857142857143;-13.6094674556213;-0.23;2.34;0.8700000000000001;51.47928994082841;2.79;-1.1;-65.08875739644971;🔴 Negociar Compras;🔴 Crítica;Enviar para compras negociar custo/condição antes de reduzir.;1
7896112158363;IBUPRIL 600MG 20CPR;13.99;2;ZANOL E THOMAZ LTDA;Zanol e Thomaz;9.24;MARCOPHARMA COMERCIO DE MEDICAMENTOS EIRELI;Marcopharma De;21.0;IBUPRIL 600MG C20 CPR.;TEUTO;IBUPRIL;A;COMPETITIVO;-4.105241128298457;61.10031157801862;5.64566878980892;9.24;4.75;51.4069264069264;8.34433121019108;0.8956687898089211;9.69338517109222;🔴 Perda Competitiva;🔴 Crítica;Avaliar redução de preço ou ação promocional.;1
7896512922373;GRANADO BEBE SAB LIQ REFIL GLICERINA NEUTRO 250ML;20.99;14;ZANOL E THOMAZ LTDA;Zanol e Thomaz;13.9;RAIADROGASIL S.A.;Drogasil;70.0;GRANADO SAB BB TRA 250;GRANADO;GRANADO BEBE;A;SUBIR PREÇO URGENTE;5.013953488372143;4.749874518989206;0.6602325581394997;14.46333333333333;7.089999999999998;51.00719424460431;20.329767441860497;-6.429767441860497;-46.25731972561508;🔴 Negociar Compras;🔴 Crítica;Enviar para compras negociar custo/condição antes de reduzir.;1
7896512922472;GRANADO BEBE SAB LIQ REFIL LAVANDA 250ML;20.99;14;ZANOL E THOMAZ LTDA;Zanol e Thomaz;13.9;MATEUS SUPERMERCADOS SA;Mateus Super Rcados;48.0;GRANADO BEBE SAB LIQ REFIL LAVANDA 250ML;GRANADO;GRANADO BEBE;B;SUBIR PREÇO;0.4698901098901445;28.17163381365702;5.068076923076898;20.52333333333333;7.089999999999998;51.00719424460431;15.9219230769231;-2.0219230769231;-14.546209186497123;🔴 Negociar Compras;🔴 Crítica;Enviar para compras negociar custo/condição antes de reduzir.;1
7896512941930;GRANADO BEBE SAB LIQ REFIL CAMOMILA 250ML;20.99;8;ZANOL E THOMAZ LTDA;Zanol e Thomaz;13.9;MATEUS SUPERMERCADOS SA;Mateus Super Rcados;44.0;SAB GRANADO BEBE CAM;GRANADO;GRANADO BEBE;B;SUBIR PREÇO;2.010000000000005;21.71865803413772;3.689999999999998;16.99;7.089999999999998;51.00719424460431;17.3;-3.4000000000000004;-24.46043165467626;🔴 Negociar Compras;🔴 Crítica;Enviar para compras negociar custo/condição antes de reduzir.;1
7896512959843;GRANADO BEBE SAB LIQ REFIL CALENDULA 250ML;20.99;12;ZANOL E THOMAZ LTDA;Zanol e Thomaz;13.9;MATEUS SUPERMERCADOS SA;Mateus Super Rcados;40.0;GRANADO BEBE SAB LIQ REFIL CALENDULA 250ML;GRANADO;GRANADO;B;SUBIR PREÇO;0.3895918367347164;28.48407845628515;5.124285714285698;20.83210526315789;7.089999999999998;51.00719424460431;15.8657142857143;-1.9657142857143004;-14.141829393628061;🔴 Negociar Compras;🔴 Crítica;Enviar para compras negociar custo/condição antes de reduzir.;1
7896094999510;NESINA PIO 25/30MG 30CPR;217.69;4;ZANOL E THOMAZ LTDA;Zanol e Thomaz;144.59;RAIADROGASIL S.A.;Drogasil;16.0;NESINA PIO 25/30MG 30S;HYPERA PP;NESINA PIO;A;SUBIR PREÇO URGENTE;179.5671428571429;-56.93339788367106;-82.32;188.4533333333333;73.1;50.55674666297807;300.01;-155.42;-107.49014454664913;🔴 Negociar Compras;🔴 Crítica;Enviar para compras negociar custo/condição antes de reduzir.;1
7896094999527;NESINA MET 12.5/850 60CPR;149.47;10;ZANOL E THOMAZ LTDA;Zanol e Thomaz;99.28;RAIADROGASIL S.A.;Drogasil;53.0;NESINA MET 12,5+850 60;HYPERA PP;NESINA MET;A;SUBIR PREÇO URGENTE;123.2914285714286;-56.92989524576954;-56.52000000000001;144.255;50.19;50.55398871877518;205.99;-106.71000000000001;-107.48388396454473;🔴 Negociar Compras;🔴 Crítica;Enviar para compras negociar custo/condição antes de reduzir.;1
7622300862442;LACTA CHOC TAB LAKA TRAD 20GR;2.99;2;ZANOL E THOMAZ LTDA;Zanol e Thomaz;1.99;TRIANGULO DROGARIA LTDA;Triangulo;20.0;LACTA CHOC TAB LAKA TRAD 20GR;;;;SEM CUSTO;;;;2.89;1.0000000000000002;50.251256281407045;;;;🔴 Negociar Compras;🔴 Crítica;Enviar para compras negociar custo/condição antes de reduzir.;1
4005808934980;NIVEA HID LABIAL MELANCIA 4,8GR;21.99;1;ZANOL E THOMAZ LTDA;Zanol e Thomaz;14.65;MATEUS SUPERMERCADOS SA;Mateus Super Rcados;5.0;PROT LABIAL NIVEA MELANCIA 4,8G;BEIERSDORF - NIVEA;NIVEA;B;SUBIR PREÇO URGENTE;2.526190476190427;17.92946530147919;2.626666666666701;14.65;7.339999999999998;50.10238907849828;19.363333333333298;-4.713333333333297;-32.17292377701909;🔴 Negociar Compras;🔴 Crítica;Enviar para compras negociar custo/condição antes de reduzir.;1
7897947621312;CARMED HID LAB COCA COLA INCOLOR 10G;14.989999999999998;4;ZANOL E THOMAZ LTDA;Zanol e Thomaz;9.99;TRIANGULO DROGARIA LTDA;Triangulo;3.0;CARMED HID LAB COCA COLA INCOLOR 10G;CIMED;CARMED;C;SUBIR PREÇO URGENTE;13.09809523809529;-61.77844511177878;-6.171666666666701;14.99;4.999999999999998;50.05005005005003;21.161666666666697;-11.171666666666697;-111.8284951618288;🔴 Negociar Compras;🔴 Crítica;Enviar para compras negociar custo/condição antes de reduzir.;1
7500435214667;ALWAYS ABS NOT SUAVE C/ABAS XG C/8;15.99;4;ZANOL E THOMAZ LTDA;Zanol e Thomaz;10.75;POSTERUS SUPERMERCADOS LTDA;Posterus Super Rcados;22.0;ABS ALWAYS NOTURNO SUAVE XG CA 8X1;PROCTER GAMBLE;ALWAYS;B;SUBIR PREÇO URGENTE;3.092857142857143;9.860465116279075;1.06;11.4575;5.24;48.74418604651163;14.93;-4.18;-38.883720930232556;🔴 Negociar Compras;🔴 Crítica;Enviar para compras negociar custo/condição antes de reduzir.;1
7500435127226;ALWAYS ABS LAR SECA C/ABAS C/8;5.99;4;ZANOL E THOMAZ LTDA;Zanol e Thomaz;4.05;MATEUS SUPERMERCADOS SA;Mateus Super Rcados;23.0;ABS ALWAYS SUPER PROT SECA P CA 8X1;PROCTER GAMBLE;ALWAYS;B;MANTER;-0.7928571428571427;43.7037037037037;1.77;4.268181818181819;1.9400000000000004;47.90123456790125;4.220000000000001;-0.17000000000000082;-4.197530864197551;🔴 Negociar Compras;🔴 Crítica;Enviar para compras negociar custo/condição antes de reduzir.;1
7500435127240;ALWAYS ABS LAR SUAVE 8 UNI C/ABAS;5.99;2;ZANOL E THOMAZ LTDA;Zanol e Thomaz;4.05;MATEUS SUPERMERCADOS SA;Mateus Super Rcados;23.0;ABS ALWAYS SUPER PROT SUAVE P CA 8X1;PROCTER GAMBLE;ALWAYS;A;SUBIR PREÇO URGENTE;0.6500000000000004;18.76543209876543;0.7599999999999998;4.343333333333333;1.9400000000000004;47.90123456790125;5.23;-1.1800000000000006;-29.135802469135818;🔴 Negociar Compras;🔴 Crítica;Enviar para compras negociar custo/condição antes de reduzir.;1
7500435127271;ALWAYS ABS BAS LAR SUAVE S/ABAS C/8;5.99;2;ZANOL E THOMAZ LTDA;Zanol e Thomaz;4.05;MATEUS SUPERMERCADOS SA;Mateus Super Rcados;23.0;ABS ALWAYS SUPER PROT SUAVE P SA 8X1;PROCTER GAMBLE;ALWAYS;B;SUBIR PREÇO URGENTE;0.6500000000000004;18.76543209876543;0.7599999999999998;4.558333333333334;1.9400000000000004;47.90123456790125;5.23;-1.1800000000000006;-29.135802469135818;🔴 Negociar Compras;🔴 Crítica;Enviar para compras negociar custo/condição antes de reduzir.;1
78907478;GAROTO CHOC TALENTO CAST PARA 25GR;4.99;7;ZANOL E THOMAZ LTDA;Zanol e Thomaz;3.39;MATEUS SUPERMERCADOS SA;Mateus Super Rcados;29.0;CHOC BR GAROTO TAL CASTANHA 25G;;;;SEM CUSTO;;;;3.39;1.6;47.1976401179941;;;;🔴 Negociar Compras;🔴 Crítica;Enviar para compras negociar custo/condição antes de reduzir.;1
78907492;TALENTO CHOC AMENDOAS/PASSAS 25G;4.99;2;ZANOL E THOMAZ LTDA;Zanol e Thomaz;3.39;MATEUS SUPERMERCADOS SA;Mateus Super Rcados;8.0;CHOC BR GAROTO TAL AMEND 25G;;;;SEM CUSTO;;;;3.39;1.6;47.1976401179941;;;;🔴 Negociar Compras;🔴 Crítica;Enviar para compras negociar custo/condição antes de reduzir.;1
7891150095540;DOVE OLEO BOND 110ML;33.49;1;ZANOL E THOMAZ LTDA;Zanol e Thomaz;22.79;EMPREENDIMENTOS PAGUE MENOS S/A;Pague Menos;2.0;DOVE OLEO BOND 110ML;UNILEVER;DOVE;B;SUBIR PREÇO;3.859999999999999;21.93191997611228;7.345000000000002;33.49;10.700000000000003;46.950416849495404;26.145;-3.3550000000000004;-14.72136902150066;🔴 Negociar Compras;🔴 Crítica;Enviar para compras negociar custo/condição antes de reduzir.;1
7500435260336;PANTENE CP MOLECULAR BOND REPAIR 240ML;20.49;2;ZANOL E THOMAZ LTDA;Zanol e Thomaz;13.99;MATEUS SUPERMERCADOS SA;Mateus Super Rcados;12.0;PANTENE CP MOLECULAR BOND REPAIR 240ML;PROCTER GAMBLE;PANTENE;B;MANTER;-5.675714285714283;49.38994631527574;10.12;20.49;6.499999999999998;46.46175839885631;10.37;3.620000000000001;25.875625446747684;🔴 Perda Competitiva;🔴 Crítica;Avaliar redução de preço ou ação promocional.;1
7896902200494;FARMAX ACETONA 80ML;3.99;3;ZANOL E THOMAZ LTDA;Zanol e Thomaz;2.75;MATEUS SUPERMERCADOS SA;Mateus Super Rcados;7.0;REMOVEDOR ACETONA FARMAX 80ML;FARMAX;POPY MAX;B;SUBIR PREÇO;0.1284226190476145;26.73106060606073;0.73510416666667;2.75;1.2400000000000002;45.0909090909091;3.25489583333333;-0.5048958333333302;-18.35984848484837;🔴 Negociar Compras;🔴 Crítica;Enviar para compras negociar custo/condição antes de reduzir.;1
7896006284369;CELESTRAT XP 120ML;18.99;2;ZANOL E THOMAZ LTDA;Zanol e Thomaz;13.12;RAIADROGASIL S.A.;Drogasil;12.0;CELESTRAT XPE 120ML;UNIAO QUIMICA;CELESTRAT;A;MANTER;-2.29142857142857;42.22560975609756;5.539999999999999;13.12;5.869999999999999;44.74085365853659;13.45;-0.33000000000000007;-2.515243902439025;🔴 Negociar Compras;🔴 Crítica;Enviar para compras negociar custo/condição antes de reduzir.;1
7506339394535;ALWAYS ABS NOITE TRANQ SECA C/8;11.99;3;ZANOL E THOMAZ LTDA;Zanol e Thomaz;8.29;MATEUS SUPERMERCADOS SA;Mateus Super Rcados;13.0;ABS ALWAYS NOTURNO SECA G CA 8X1;PROCTER GAMBLE;ALWAYS;B;SUBIR PREÇO;0.4957142857142873;25.81423401688781;2.139999999999999;8.893333333333333;3.700000000000001;44.632086851628486;9.850000000000001;-1.5600000000000023;-18.81785283474068;🔴 Negociar Compras;🔴 Crítica;Enviar para compras negociar custo/condição antes de reduzir.;1
7506339394603;ALWAYS ABS NOT TRANQ SUAVE C/8;11.99;4;ZANOL E THOMAZ LTDA;Zanol e Thomaz;8.29;MATEUS SUPERMERCADOS SA;Mateus Super Rcados;14.0;ABS ALWAYS NOTURNO SUAVE G CA 8X1;PROCTER GAMBLE;ALWAYS;B;SUBIR PREÇO;0.9814285714285731;21.71290711700843;1.799999999999999;8.77;3.700000000000001;44.632086851628486;10.190000000000001;-1.9000000000000021;-22.91917973462005;🔴 Negociar Compras;🔴 Crítica;Enviar para compras negociar custo/condição antes de reduzir.;1
7896512909732;PHEBO SAB AMAZONIAN 90G;5.99;5;ZANOL E THOMAZ LTDA;Zanol e Thomaz;4.15;MATEUS SUPERMERCADOS SA;Mateus Super Rcados;26.0;SAB PHEBO AMAZONIAN 90G;GRANADO;PHEBO;B;SUBIR PREÇO URGENTE;0.8899999999999997;14.98795180722892;0.6220000000000003;4.700000000000001;1.8399999999999999;44.33734939759035;5.368;-1.218;-29.34939759036144;🔴 Negociar Compras;🔴 Crítica;Enviar para compras negociar custo/condição antes de reduzir.;1
7896512918536;SAB PHEBO RAIZ DO ORIENTE 90G;5.99;5;ZANOL E THOMAZ LTDA;Zanol e Thomaz;4.15;MATEUS SUPERMERCADOS SA;Mateus Super Rcados;19.0;SAB PHEBO RAIZ ORIENTE 90G;GRANADO;PHEBO;B;SUBIR PREÇO URGENTE;0.8214285714285712;16.14457831325302;0.6700000000000004;4.653076923076923;1.8399999999999999;44.33734939759035;5.32;-1.17;-28.19277108433735;🔴 Negociar Compras;🔴 Crítica;Enviar para compras negociar custo/condição antes de reduzir.;1
7896512934536;PHEBO SAB BARRA PATCHOULY 90G;5.99;5;ZANOL E THOMAZ LTDA;Zanol e Thomaz;4.15;MATEUS SUPERMERCADOS SA;Mateus Super Rcados;33.0;SAB PHEBO PATCHOULY 90G;GRANADO;PHEBO;B;SUBIR PREÇO URGENTE;0.7484126984127002;17.37617135207494;0.7211111111111101;4.802;1.8399999999999999;44.33734939759035;5.26888888888889;-1.1188888888888897;-26.96117804551541;🔴 Negociar Compras;🔴 Crítica;Enviar para compras negociar custo/condição antes de reduzir.;1
7891106916516;BEPANTOL DERMO TATTOO 30G;43.99;4;ZANOL E THOMAZ LTDA;Zanol e Thomaz;30.49;FARMACIA MODERNA LTDA.;Moderna .;9.0;BEPANTOL TATTOO CR RESTAURA 30G;BAYER OTC;BEPANTOL;B;SUBIR PREÇO;0.768241758241718;28.23624391351525;8.609230769230798;30.49;13.500000000000004;44.276812069531005;35.380769230769204;-4.890769230769205;-16.040568156015762;🔴 Negociar Compras;🔴 Crítica;Enviar para compras negociar custo/condição antes de reduzir.;1
7891008124583;GAROTO CHOC CROCANTE 25G;3.99;2;ZANOL E THOMAZ LTDA;Zanol e Thomaz;2.8;BOLINHA CONVENIENCIA LTDA;Bolinha Convenien;21.0;BOMBOM GAROTO CROCANTE 30X25G;;;;SEM CUSTO;;;;2.8;1.1900000000000004;42.500000000000014;;;;🔴 Negociar Compras;🔴 Crítica;Enviar para compras negociar custo/condição antes de reduzir.;1
7896004723020;ACIDO TRANEXAMICO 250MG 12 CPR EMS;48.88;3;ZANOL E THOMAZ LTDA;Zanol e Thomaz;34.51;RAIADROGASIL S.A.;Drogasil;17.0;TRANEXAMICO EMG 250 12;EMS;ACIDO TRANEXAMICO;A;SUBIR PREÇO URGENTE;34.01857142857143;-39.00318748188931;-13.46;34.51;14.370000000000005;41.64010431758912;62.34;-27.830000000000005;-80.64329179947843;🔴 Negociar Compras;🔴 Crítica;Enviar para compras negociar custo/condição antes de reduzir.;1
7899470807362;MAXALGINA 1G 10CPR;11.99;5;ZANOL E THOMAZ LTDA;Zanol e Thomaz;8.49;EMPREENDIMENTOS PAGUE MENOS S/A;Pague Menos;27.0;MAXALGINA 1G C/10S;NATULAB;MAXALGINA;A;COMPETITIVO;-2.844566326530614;52.52484647705236;4.64319642857143;8.84;3.5;41.22497055359246;7.346803571428571;1.1431964285714296;13.465211172808358;🔴 Perda Competitiva;🔴 Crítica;Avaliar redução de preço ou ação promocional.;1
7896006210771;DOXAPROST 2MG 30CPR;19.99;1;ZANOL E THOMAZ LTDA;Zanol e Thomaz;14.16;RAIADROGASIL S.A.;Drogasil;9.0;DOXAPROST 2 MG 30'S;UNIAO QUIMICA;DOXAPROST;B;COMPETITIVO;-6.174285714285714;60.5225988700565;8.57;14.16;5.829999999999998;41.17231638418078;11.419999999999998;2.740000000000002;19.35028248587572;🔴 Perda Competitiva;🔴 Crítica;Avaliar redução de preço ou ação promocional.;1
4005900807854;NIVEA SAB BARRA MILK SENS 90GR;5.489999999999999;3;ZANOL E THOMAZ LTDA;Zanol e Thomaz;3.89;MATEUS SUPERMERCADOS SA;Mateus Super Rcados;16.0;SAB NIVEA BOX PURE MILK SENSITIVE 90G;BEIERSDORF - NIVEA;NIVEA;B;SUBIR PREÇO URGENTE;1.167142857142858;8.997429305912599;0.3500000000000001;3.89;1.5999999999999992;41.131105398457564;5.139999999999999;-1.2499999999999987;-32.13367609254495;🔴 Negociar Compras;🔴 Crítica;Enviar para compras negociar custo/condição antes de reduzir.;1
7896512900043;GRANADO SAB ANTISSEPTICO ENXOFRE 90G;9.99;7;ZANOL E THOMAZ LTDA;Zanol e Thomaz;7.09;RAIADROGASIL SA;Drogasil;46.0;GRAN SAB ENXOFRE 90G;GRANADO;GRANADO;A;SUBIR PREÇO URGENTE;2.081428571428573;9.449929478138221;0.6699999999999999;7.09;2.9000000000000004;40.90267983074754;9.32;-2.2300000000000004;-31.452750352609314;🔴 Negociar Compras;🔴 Crítica;Enviar para compras negociar custo/condição antes de reduzir.;1
7891000460207;PRESTIGIO CHOC COCO 33G UN;4.49;2;ZANOL E THOMAZ LTDA;Zanol e Thomaz;3.19;MATEUS SUPERMERCADOS S.A. - MIX MARABA;Mateus Super Rcados;17.0;CHOC NESTLE PRESTIGIO 33G;;;;SEM CUSTO;;;;3.19;1.3000000000000003;40.75235109717869;;;;🔴 Negociar Compras;🔴 Crítica;Enviar para compras negociar custo/condição antes de reduzir.;1
7896512949417;GRANADO BEBE SAB LIQ GLICERINA NEUTRO 500ML;41.99;7;ZANOL E THOMAZ LTDA;Zanol e Thomaz;29.9;RAIADROGASIL SA;Drogasil;35.0;GRANADO SAB BB TRA 500;GRANADO;PHEBO;A;SUBIR PREÇO URGENTE;7.21857142857143;13.10033444816053;3.916999999999998;43.64333333333334;12.090000000000003;40.43478260869566;38.07300000000001;-8.173000000000009;-27.334448160535146;🔴 Negociar Compras;🔴 Crítica;Enviar para compras negociar custo/condição antes de reduzir.;1
7891150088238;DOVE SAB ERVA-DOCE E CAMOMILA 90GR;6.989999999999999;3;ZANOL E THOMAZ LTDA;Zanol e Thomaz;4.99;MATEUS SUPERMERCADOS SA;Mateus Super Rcados;7.0;SAB DOVE ERVA DOCE 90G;UNILEVER;DOVE;B;SUBIR PREÇO;0.213571428571429;27.00400801603207;1.3475;5.323333333333333;1.9999999999999991;40.08016032064126;5.642499999999999;-0.652499999999999;-13.076152304609199;🔴 Negociar Compras;🔴 Crítica;Enviar para compras negociar custo/condição antes de reduzir.;1
7891317452995;DOMPERIDONA 10MG 30CPR EURO;13.99;6;ZANOL E THOMAZ LTDA;Zanol e Thomaz;9.99;BRASIFARMA COMERCIO DE MEDICAMENTOS LTDA;Brasifarma;37.0;GEN DOMPERIDONA 10MG 30CPR;EUROFARMA;DOMPERIDONA;A;MANTER;-1.429372822299657;40.01562538147908;3.99756097560976;9.99;4.0;40.04004004004004;9.99243902439024;-0.002439024390239908;-0.024414658560960034;🔴 Negociar Compras;🔴 Crítica;Enviar para compras negociar custo/condição antes de reduzir.;1
7891317489366;ATORVASTATINA CALCICA 20MG 30CPR EURO;27.99;2;ZANOL E THOMAZ LTDA;Zanol e Thomaz;19.99;FARMACIA MODERNA LTDA.;Moderna .;14.0;ATORVASTATINA CALCICA 20MG CX 30 COMP RE;EUROFARMA;ATORVASTATINA CALCICA;A;COMPETITIVO;-7.739999999999998;57.10355177588794;11.415;19.99;8.0;40.020010005002504;16.575;3.414999999999999;17.08354177088544;🔴 Perda Competitiva;🔴 Crítica;Avaliar redução de preço ou ação promocional.;1
7891317127725;TADALAFILA 5MG 30CPR EURO;19.99;4;ZANOL E THOMAZ LTDA;Zanol e Thomaz;14.29;RAIADROGASIL SA;Drogasil;26.0;TADALAFILA 5MG EUG 30S;EUROFARMA;TADALAFILA;A;COMPETITIVO;-4.249834368530014;50.8179430228902;7.26188405797101;14.29;5.699999999999999;39.88803358992302;12.728115942028989;1.5618840579710103;10.929909432967182;🔴 Perda Competitiva;🔴 Crítica;Avaliar redução de preço ou ação promocional.;1
7898656390216;MAMYPOKO FRD DIA&NOITE CALCA MEGA G C/34;45.99;6;ZANOL E THOMAZ LTDA;Zanol e Thomaz;32.9;MATEUS SUPERMERCADOS SA;Mateus Super Rcados;39.0;FRALDA MAMYPOKO CALCA DN MEGA G 30X1;UNICHARM;MAMYPOKO;A;SUBIR PREÇO URGENTE;34.52857142857143;-43.46504559270518;-14.3;32.9;13.090000000000003;39.7872340425532;60.290000000000006;-27.390000000000008;-83.25227963525839;🔴 Negociar Compras;🔴 Crítica;Enviar para compras negociar custo/condição antes de reduzir.;1
7896004733234;PREDNISOLONA 20MG 10CPR EMS;12.99;3;ZANOL E THOMAZ LTDA;Zanol e Thomaz;9.3;IMIFARMA PRODU FARMACEU E COSMETIC S.A;Imifarma Produ Farmaceu;13.0;PREDNISOLONA 20MG CP;EMS;PREDNISOLONA;A;MANTER;-2.042857142857143;45.37634408602151;4.220000000000001;9.3;3.6899999999999995;39.6774193548387;8.77;0.5300000000000011;5.6989247311828075;🔴 Perda Competitiva;🔴 Crítica;Avaliar redução de preço ou ação promocional.;1
7896112160281;IBUPRIL 400MG 08CAPS GEL;8.99;6;ZANOL E THOMAZ LTDA;Zanol e Thomaz;6.49;BRASIFARMA COMERCIO DE MEDICAMENTOS LTDA;Brasifarma;27.0;IBUPRIL 400MG BL 8 CAP;TEUTO;IBUPRIL;A;MANTER;-1.3206307277628;44.24409105445239;2.87144150943396;6.69;2.5;38.52080123266563;6.11855849056604;0.3714415094339598;5.723289821786746;🔴 Perda Competitiva;🔴 Crítica;Avaliar redução de preço ou ação promocional.;1
7891317007607;IBANDRONATO SODIO 150MG 01CPR EURO;28.99;2;ZANOL E THOMAZ LTDA;Zanol e Thomaz;20.94;BRASIFARMA COMERCIO DE MEDICAMENTOS LTDA;Brasifarma;11.0;GEN IBANDRONATO DE SODIO 150MG 01CPR;EUROFARMA;IBANDRONATO SODIO;B;MANTER;-3.297142857142859;41.02196752626553;8.590000000000002;20.94;8.049999999999997;38.44317096466092;20.4;0.5400000000000027;2.5787965616045976;🔴 Perda Competitiva;🔴 Crítica;Avaliar redução de preço ou ação promocional.;1
7896423481853;SNICKERS RECH DARK CHOC 42GR;4.49;2;ZANOL E THOMAZ LTDA;Zanol e Thomaz;3.25;MATEUS SUPERMERCADOS S.A. - MIX MARABA;Mateus Super Rcados;15.0;CHOC SNICKERS DARK 4;;;;SEM CUSTO;;;;4.375;1.2400000000000002;38.15384615384616;;;;🔴 Negociar Compras;🔴 Crítica;Enviar para compras negociar custo/condição antes de reduzir.;1
7891150025981;DOVE BABY SAB LIQ HIDRA ENRIQ 200ML;21.99;6;ZANOL E THOMAZ LTDA;Zanol e Thomaz;15.92;RAIADROGASIL S.A.;Drogasil;26.0;SAB BABY DOVE HIDR.ENRIQUECIDA 200ML;UNILEVER;BABY DOVE;B;MANTER;-1.661992945326286;36.12313190383369;6.863395061728401;19.0;6.0699999999999985;38.12814070351757;15.126604938271598;0.7933950617284022;4.983637322414587;🔴 Perda Competitiva;🔴 Crítica;Avaliar redução de preço ou ação promocional.;1
7891024035047;PROTEX SAB LIMPEZA PROFUNDA 85G;3.99;2;ZANOL E THOMAZ LTDA;Zanol e Thomaz;2.89;MATEUS SUPERMERCADOS SA;Mateus Super Rcados;26.0;SAB PROTEX ANT LIMP PROF 85G;COLGATE;PROTEX;B;SUBIR PREÇO URGENTE;1.324285714285714;-2.07612456747405;-0.06000000000000005;3.456666666666667;1.1;38.062283737024224;4.050000000000001;-1.1600000000000006;-40.13840830449829;🔴 Negociar Compras;🔴 Crítica;Enviar para compras negociar custo/condição antes de reduzir.;1
7896423488883;SNICKERS RECH BRANCO 42GR;4.49;2;ZANOL E THOMAZ LTDA;Zanol e Thomaz;3.26;EMPREENDIMENTOS PAGUE MENOS S/A;Pague Menos;9.0;CHOC SNICKERS BRANCO;MARS BRASIL;SNICKERS;B;SUBIR PREÇO URGENTE;1.44;-0.9202453987730138;-0.03000000000000025;3.26;1.2300000000000004;37.730061349693266;4.5200000000000005;-1.2600000000000007;-38.65030674846628;🔴 Negociar Compras;🔴 Crítica;Enviar para compras negociar custo/condição antes de reduzir.;1
602883743076;TOPWAY WHEY PROT COCO 35G;10.99;2;ZANOL E THOMAZ LTDA;Zanol e Thomaz;7.99;TRIANGULO DROGARIA LTDA;Triangulo;6.0;TOPWAY WHEY PROT COCO 35G;;;;SEM CUSTO;;;;10.24;3.0;37.546933667083856;;;;🔴 Negociar Compras;🔴 Crítica;Enviar para compras negociar custo/condição antes de reduzir.;1
602883743090;TOPWAY WHEY PROT BANOF 35G;10.99;2;ZANOL E THOMAZ LTDA;Zanol e Thomaz;7.99;TRIANGULO DROGARIA LTDA;Triangulo;4.0;TOPWAY WHEY PROT BANOF 35G;;;;SEM CUSTO;;;;10.49;3.0;37.546933667083856;;;;🔴 Negociar Compras;🔴 Crítica;Enviar para compras negociar custo/condição antes de reduzir.;1
7896422506236;DIPIRONA GTS 20ML MEDLEY;10.99;6;ZANOL E THOMAZ LTDA;Zanol e Thomaz;7.99;RAIADROGASIL S.A.;Drogasil;38.0;DIPIRONA 500 MEG 20ML;SANOFI-MEDLEY;DIPIRONA;A;MANTER;-1.210204081632656;40.60253888789562;3.24414285714286;7.99;3.0;37.546933667083856;7.74585714285714;0.24414285714285988;3.055605220811763;🔴 Perda Competitiva;🔴 Crítica;Avaliar redução de preço ou ação promocional.;1
7891317025083;ACETILCISTEINA XP PED 20MG/ML 120ML EURO;21.99;6;ZANOL E THOMAZ LTDA;Zanol e Thomaz;15.99;BRASIFARMA COMERCIO DE MEDICAMENTOS LTDA;Brasifarma;35.0;GEN ACETILCISTEINA XPE 20MGML 120ML;EUROFARMA;ACETILCISTEINA;A;MANTER;-1.731558441558441;37.5803058729888;6.00909090909091;15.99;5.999999999999998;37.523452157598484;15.980909090909089;0.009090909090911481;0.05685371539031571;🔴 Perda Competitiva;🔴 Crítica;Avaliar redução de preço ou ação promocional.;1
7896902210608;FARMAX AGUA OXIG CREM VOL30 90ML;2.99;2;ZANOL E THOMAZ LTDA;Zanol e Thomaz;2.19;Nobrega Comercio de Alimentos Ltda - EPP;Nobrega De Ali;39.0;AGUA CREM OXIG 30VOL 90ML FARMAX;FARMAX;FARMAX;A;MANTER;-0.005354713313900028;30.171155220079;0.66074829931973;2.19;0.8000000000000003;36.52968036529682;2.3292517006802704;-0.13925170068027048;-6.358525145217831;🔴 Negociar Compras;🔴 Crítica;Enviar para compras negociar custo/condição antes de reduzir.;1
7891317496753;CLOPIDOGREL 75MG 30CPR EURO;32.99;2;ZANOL E THOMAZ LTDA;Zanol e Thomaz;24.21;BRASIFARMA COMERCIO DE MEDICAMENTOS LTDA;Brasifarma;11.0;GEN CLOPIDOGREL 75MG 30CPR;EUROFARMA;CLOPIDOGREL;B;MANTER;-4.834489795918429;43.97828524222594;10.6471428571429;24.21;8.780000000000001;36.26600578273441;22.342857142857103;1.8671428571428983;7.712279459491525;🔴 Perda Competitiva;🔴 Crítica;Avaliar redução de preço ou ação promocional.;1
7891317427542;LOSARTANA POTASSICA 50MG 30CPR EURO;4.99;6;ZANOL E THOMAZ LTDA;Zanol e Thomaz;3.67;BRASIFARMA COMERCIO DE MEDICAMENTOS LTDA;Brasifarma;37.0;GEN LOSARTANA POTASSICA 50MG 30CPR;EUROFARMA;LOSARTANA POTASSICA;A;COMPETITIVO;-1.786483516483514;64.07461748061199;2.35153846153846;3.67;1.3200000000000003;35.96730245231608;2.63846153846154;1.0315384615384597;28.107315028295904;🔴 Perda Competitiva;🔴 Crítica;Avaliar redução de preço ou ação promocional.;1
7896049528567;HERBISSIMO DES CRM SENSITIVE 55GR;6.99;2;ZANOL E THOMAZ LTDA;Zanol e Thomaz;5.15;MATEUS SUPERMERCADOS SA;Mateus Super Rcados;37.0;DES CREME HERBISSIMO PT SENSITI 55G;DANA DO BRASIL;HERBISSIMO;A;MANTER;-0.3071428571428569;34.1747572815534;1.76;5.9775;1.8399999999999999;35.728155339805824;5.23;-0.08000000000000007;-1.5533980582524285;🔴 Negociar Compras;🔴 Crítica;Enviar para compras negociar custo/condição antes de reduzir.;1
7896049528574;HERBISSIMO DES CRM VANILLA 55G;6.99;2;ZANOL E THOMAZ LTDA;Zanol e Thomaz;5.15;MATEUS SUPERMERCADOS SA;Mateus Super Rcados;26.0;DES CREME HERBISSIMO PT VANILLA 55G;DANA DO BRASIL;HERBISSIMO;A;MANTER;-0.3071428571428569;34.1747572815534;1.76;5.901999999999999;1.8399999999999999;35.728155339805824;5.23;-0.08000000000000007;-1.5533980582524285;🔴 Negociar Compras;🔴 Crítica;Enviar para compras negociar custo/condição antes de reduzir.;1
7896049528598;HERBISSIMO DES CRM ACTION 55G;6.99;4;ZANOL E THOMAZ LTDA;Zanol e Thomaz;5.15;MATEUS SUPERMERCADOS SA;Mateus Super Rcados;14.0;DES CREME HERBISSIMO PT ACT 55G;DANA DO BRASIL;HERBISSIMO;B;MANTER;-0.3071428571428569;34.1747572815534;1.76;5.68;1.8399999999999999;35.728155339805824;5.23;-0.08000000000000007;-1.5533980582524285;🔴 Negociar Compras;🔴 Crítica;Enviar para compras negociar custo/condição antes de reduzir.;1
7891317016265;NITAZOXANIDA 500MG 06CPR EURO;36.99;4;ZANOL E THOMAZ LTDA;Zanol e Thomaz;27.29;BRASIFARMA COMERCIO DE MEDICAMENTOS LTDA;Brasifarma;42.0;GEN NITAZOXANIDA 500MG 6CPR;EUROFARMA;NITAZOXANIDA;A;COMPETITIVO;-8.234201680672282;51.12107430000219;13.9509411764706;27.292;9.700000000000003;35.54415536826678;23.039058823529402;4.250941176470597;15.576918931735426;🔴 Perda Competitiva;🔴 Crítica;Avaliar redução de preço ou ação promocional.;1
7898636190782;EXPECTOVIC XPE MORANGO 13,3MG 120ML;17.58;1;ZANOL E THOMAZ LTDA;Zanol e Thomaz;13.0;FARMACIA DROGASHOP EIRELI;Shop;1.0;EXPECTOVIC XPE 120ML SB MORANGO;GENOMMA;EXPECTOVIC;B;SUBIR PREÇO URGENTE;5.364285714285717;1.115384615384612;0.1449999999999996;13.0;4.579999999999998;35.23076923076921;17.435;-4.434999999999999;-34.115384615384606;🔴 Negociar Compras;🔴 Crítica;Enviar para compras negociar custo/condição antes de reduzir.;1
7899547527681;ALBENDAZOL 400MG 05 CPR MAST PRATI;13.99;7;ZANOL E THOMAZ LTDA;Zanol e Thomaz;10.36;BRASIFARMA COMERCIO DE MEDICAMENTOS LTDA;Brasifarma;41.0;ALBENDAZ 400MG PDG 5'S;PRATI DONADUZZI;ALBENDAZOL;A;COMPETITIVO;-5.127142857142856;59.13149350649351;7.285;12.32;3.630000000000001;35.038610038610045;6.705;3.6549999999999994;35.27992277992277;🔴 Perda Competitiva;🔴 Crítica;Avaliar redução de preço ou ação promocional.;1
7891010255763;J&J POM HIPOGLOS ORIGINAL 40GR;26.99;3;ZANOL E THOMAZ LTDA;Zanol e Thomaz;19.99;TRIANGULO DROGARIA LTDA;Triangulo;13.0;J&J POM HIPOGLOS ORIGINAL 40GR;KENVUE;HIPOGLOS;A;SUBIR PREÇO URGENTE;3.138571428571435;19.00950475237617;3.799999999999997;26.29;7.0;35.01750875437719;23.19;-3.200000000000003;-16.008004002001016;🔴 Negociar Compras;🔴 Crítica;Enviar para compras negociar custo/condição antes de reduzir.;1
7894321722016;TODDYNHO CHOCOLATE 200ML;3.49;2;ZANOL E THOMAZ LTDA;Zanol e Thomaz;2.61;Carro Chefe Comercio de Alimentos Ltda - Me;Carro Chefe De;13.0;ACHOC LIQ TODDYNHO TRAD 200ML;PEPSICO BRASIL;TODDYNHO;B;SUBIR PREÇO URGENTE;0.4078571428571429;19.06130268199234;0.4975000000000001;2.874;0.8800000000000003;33.716475095785455;2.9925;-0.3825000000000003;-14.655172413793116;🔴 Negociar Compras;🔴 Crítica;Enviar para compras negociar custo/condição antes de reduzir.;1
7898133131011;MAXALGINA GTS 500MG/ML 20ML;3.9899999999999998;7;ZANOL E THOMAZ LTDA;Zanol e Thomaz;2.99;RAIADROGASIL S.A.;Drogasil;58.0;MAXALGINA 20ML;NATULAB;MAXALGINA;A;SUBIR PREÇO URGENTE;1.278237082066871;0.0747171422471697;0.002234042553190374;4.35125;0.9999999999999996;33.44481605351169;3.9877659574468094;-0.9977659574468092;-33.37009891126452;🔴 Negociar Compras;🔴 Crítica;Enviar para compras negociar custo/condição antes de reduzir.;1
7897947620643;JOAO E MARIA LENCO UMED NEUTRO C/90;12.99;3;ZANOL E THOMAZ LTDA;Zanol e Thomaz;9.74;TRIANGULO DROGARIA LTDA;Triangulo;8.0;JOAO E MARIA LENCO UMED NEUTRO C/90;CIMED;JOAO E MARIA;B;SUBIR PREÇO URGENTE;9.502857142857144;-38.29568788501027;-3.73;14.615;3.25;33.36755646817248;16.72;-6.979999999999999;-71.66324435318273;🔴 Negociar Compras;🔴 Crítica;Enviar para compras negociar custo/condição antes de reduzir.;1
7899095203532;CISTEIL 20 MG/ML XPE PED 120 ML;19.99;1;ZANOL E THOMAZ LTDA;Zanol e Thomaz;14.99;BRASIFARMA COMERCIO DE MEDICAMENTOS LTDA;Brasifarma;41.0;CISTEIL 20MG INF.120ML;GEOLAB;CISTEIL;A;MANTER;-2.987664835164829;43.95173705547285;6.588365384615381;14.99;4.999999999999998;33.35557038025349;13.401634615384618;1.5883653846153827;10.596166675219363;🔴 Perda Competitiva;🔴 Crítica;Avaliar redução de preço ou ação promocional.;1
7896112102441;FENAFLAN ICE MASSAGEADOR AEROSSOL 150ML;17.99;4;ZANOL E THOMAZ LTDA;Zanol e Thomaz;13.5;FARMACIA DROGASHOP EIRELI;Shop;19.0;FENAFLAN ICE AEROSSOL 150ML;TEUTO;FENAFLAN ICE;A;SUBIR PREÇO;1.112505959002002;24.23145058295259;3.2712458286986;13.5;4.489999999999998;33.25925925925925;14.718754171301399;-1.2187541713013985;-9.027808676306655;🔴 Negociar Compras;🔴 Crítica;Enviar para compras negociar custo/condição antes de reduzir.;1
7506339325249;ALWAYS ABS ACTIVE C/ABAS SECAS C/16;20.99;4;ZANOL E THOMAZ LTDA;Zanol e Thomaz;15.79;POSTERUS SUPERMERCADOS LTDA;Posterus Super Rcados;19.0;ABS ALWAYS NOTURNO SECA G CA 16X1;PROCTER GAMBLE;ALWAYS;B;SUBIR PREÇO URGENTE;3.567142857142859;14.18619379354021;2.239999999999998;15.82;5.199999999999999;32.932235592146924;18.75;-2.960000000000001;-18.74604179860672;🔴 Negociar Compras;🔴 Crítica;Enviar para compras negociar custo/condição antes de reduzir.;1
7891008124828;GAROTO CHOC TAB CAJU PASSAS 80GR;10.99;1;ZANOL E THOMAZ LTDA;Zanol e Thomaz;8.29;MATEUS SUPERMERCADOS SA;Mateus Super Rcados;17.0;CHOC BR GAROTO UVAS PASS CAST CAJU 80G;;;;SEM CUSTO;;;;8.79;2.700000000000001;32.569360675512684;;;;🔴 Negociar Compras;🔴 Crítica;Enviar para compras negociar custo/condição antes de reduzir.;1
7896512909787;PHEBO SAB ODOR DE ROSAS 90G;5.49;5;ZANOL E THOMAZ LTDA;Zanol e Thomaz;4.15;MATEUS SUPERMERCADOS SA;Mateus Super Rcados;34.0;SAB PHEBO ODOR DE ROSAS 90G;GRANADO;PHEBO;B;SUBIR PREÇO URGENTE;0.9299999999999997;14.3132530120482;0.5940000000000003;4.536;1.3399999999999999;32.28915662650601;4.896;-0.7459999999999996;-17.97590361445782;🔴 Negociar Compras;🔴 Crítica;Enviar para compras negociar custo/condição antes de reduzir.;1
7896009419324;SENSODYNE CRM DENTAL ORIGINAL 90G;19.99;2;ZANOL E THOMAZ LTDA;Zanol e Thomaz;15.12;RAIADROGASIL SA;Drogasil;15.0;SENSODYNE ORIGINAL 90G;HALEON;SENSODYNE;B;MANTER;-0.6022771213748541;32.78832000636508;4.957593984962399;16.38;4.869999999999999;32.2089947089947;15.0324060150376;0.08759398496239967;0.5793252973703682;🔴 Perda Competitiva;🔴 Crítica;Avaliar redução de preço ou ação promocional.;1
7891150060142;LUX SAB LIQ ORQUIDEA NEGRA 250ML;13.19;2;ZANOL E THOMAZ LTDA;Zanol e Thomaz;9.99;TRIANGULO DROGARIA LTDA;Triangulo;4.0;LUX SAB LIQ ORQUIDEA NEGRA 250ML;UNILEVER;LUX;B;MANTER;-0.5126642555756433;33.59224203106056;3.35586497890295;11.59;3.1999999999999993;32.03203203203203;9.83413502109705;0.15586497890295092;1.5602099990285379;🔴 Perda Competitiva;🔴 Crítica;Avaliar redução de preço ou ação promocional.;1
7891150096783;DOVE DES CR SERUM PREVINE ESCURECIMENTO 50G;18.99;2;ZANOL E THOMAZ LTDA;Zanol e Thomaz;14.39;RAIADROGASIL SA;Drogasil;13.0;DOVE ANT CR PREV ESC50;UNILEVER;DOVE;A;SUBIR PREÇO URGENTE;3.014545454545431;15.33577610714524;2.2068181818182;14.39;4.599999999999998;31.96664350243223;16.7831818181818;-2.393181818181798;-16.63086739528699;🔴 Negociar Compras;🔴 Crítica;Enviar para compras negociar custo/condição antes de reduzir.;1
7896004705682;INFRALAX 30CPR;12.99;4;ZANOL E THOMAZ LTDA;Zanol e Thomaz;9.86;BRASIFARMA COMERCIO DE MEDICAMENTOS LTDA;Brasifarma;28.0;INFRALAX 30CPR;EMS;INFRALAX;A;SUBIR PREÇO;1.161428571428573;21.75456389452332;2.145;12.70545454545455;3.130000000000001;31.74442190669372;10.845;-0.9850000000000012;-9.989858012170398;🔴 Negociar Compras;🔴 Crítica;Enviar para compras negociar custo/condição antes de reduzir.;1
7896049528529;HERBISSIMO DES CRM LAVANDA 55GR;6.99;4;ZANOL E THOMAZ LTDA;Zanol e Thomaz;5.31;EAN CORMECIO DE COSMETICOS LTDA;Ean Cor Cio;43.0;DESOD CR HERBISSIMO LAVANDA 55G - UN;DANA DO BRASIL;HERBISSIMO;A;MANTER;-0.4671428571428562;36.15819209039547;1.919999999999999;5.602857142857142;1.6800000000000006;31.63841807909606;5.070000000000001;0.23999999999999844;4.519774011299406;🔴 Perda Competitiva;🔴 Crítica;Avaliar redução de preço ou ação promocional.;1
7500435167567;ALWAYS PROT DIARIO S/PERFUME PROMO C/80;27.49;1;ZANOL E THOMAZ LTDA;Zanol e Thomaz;20.89;MATEUS SUPERMERCADOS SA;Mateus Super Rcados;9.0;ABS PROT DIARIO ALWAYS RESPIRAVEL 80X1;;;;SEM CUSTO;;;;25.19;6.599999999999998;31.594064145524165;;;;🔴 Negociar Compras;🔴 Crítica;Enviar para compras negociar custo/condição antes de reduzir.;1
5000456028387;XIGDUO XR 10/1000MG 30CPR;217.41;2;ZANOL E THOMAZ LTDA;Zanol e Thomaz;165.74;RAIADROGASIL S.A.;Drogasil;5.0;XIGDUO XR ******MG 30;ASTRAZENECA;XIGDUO XR;A;SUBIR PREÇO URGENTE;135.9733333333328;-27.42810023731928;-45.45933333333298;165.74;51.66999999999999;31.17533486183178;262.869333333333;-97.12933333333297;-58.603435099151056;🔴 Negociar Compras;🔴 Crítica;Enviar para compras negociar custo/condição antes de reduzir.;1
7896049525726;HERBISSIMO DES CRM HIBISCO 55GR;6.99;2;ZANOL E THOMAZ LTDA;Zanol e Thomaz;5.35;MATEUS SUPERMERCADOS SA;Mateus Super Rcados;25.0;DES CREME HERBISSIMO CX HIBIS 55G;DANA DO BRASIL;HERBISSIMO;B;MANTER;-0.5178571428571423;36.77570093457943;1.9675;6.625;1.6400000000000006;30.654205607476648;5.0225;0.3274999999999997;6.121495327102798;🔴 Perda Competitiva;🔴 Crítica;Avaliar redução de preço ou ação promocional.;1
7899095202146;NISTATINA CR VAG 60GR+14 APLIC GEOLAB;21.99;3;ZANOL E THOMAZ LTDA;Zanol e Thomaz;16.87;RAIADROGASIL S.A.;Drogasil;9.0;NISTATINA GEG 60G 14AP;GEOLAB;NISTATINA;B;MANTER;-0.4158928571428575;31.72569650266746;5.352125000000001;16.87;5.119999999999997;30.34973325429755;16.637874999999998;0.23212500000000347;1.3759632483699078;🔴 Perda Competitiva;🔴 Crítica;Avaliar redução de preço ou ação promocional.;1
7896004711195;NISTATINA+OXIDO DE ZINCO POM DERM 60G EMS;12.99;1;ZANOL E THOMAZ LTDA;Zanol e Thomaz;9.99;BRASIFARMA COMERCIO DE MEDICAMENTOS LTDA;Brasifarma;13.0;GEN NISTATINAOX.ZINCO PDA 60G EMS;EMS;NISTATINA + OXIDO ZINCO;A;SUBIR PREÇO URGENTE;8.513296703296716;-29.65272965272973;-2.9623076923077;9.99;3.0;30.03003003003003;15.9523076923077;-5.9623076923077;-59.68275968275976;🔴 Negociar Compras;🔴 Crítica;Enviar para compras negociar custo/condição antes de reduzir.;1
7891150065291;DOVE BABY SAB LIQ HIDRA GLIC 200ML;21.99;3;ZANOL E THOMAZ LTDA;Zanol e Thomaz;16.99;TRIANGULO DROGARIA LTDA;Triangulo;32.0;DOVE BAB SB L HID 200;UNILEVER;BABY DOVE;B;MANTER;-1.56137566137571;35.78287281991005;6.762962962962998;18.9;5.0;29.429075927015898;15.227037037037;1.7629629629629981;10.376474178710996;🔴 Perda Competitiva;🔴 Crítica;Avaliar redução de preço ou ação promocional.;1
7509546653587;PROTEX SAB LIQ REF BABY 180ML;12.99;2;ZANOL E THOMAZ LTDA;Zanol e Thomaz;10.05;MATEUS SUPERMERCADOS SA;Mateus Super Rcados;3.0;SAB LIQ PROTEX BABY PROT DELIC REF 180ML;COLGATE;PROTEX;B;SUBIR PREÇO URGENTE;4.707142857142857;-2.786069651741287;-0.2799999999999994;10.05;2.9399999999999995;29.253731343283572;13.27;-3.219999999999999;-32.03980099502486;🔴 Negociar Compras;🔴 Crítica;Enviar para compras negociar custo/condição antes de reduzir.;1
4005808257553;NIVEA DES ROLLON DRY IMPACT 50ML;11.99;1;ZANOL E THOMAZ LTDA;Zanol e Thomaz;9.29;MATEUS SUPERMERCADOS SA;Mateus Super Rcados;3.0;DES ROLL NIVEA MEN DRY IMPAC 50ML;BEIERSDORF - NIVEA;NIVEA;B;SUBIR PREÇO;0.04952380952381574;29.62683889486899;2.752333333333329;9.29;2.700000000000001;29.06350914962326;9.237666666666671;0.052333333333328014;0.5633297452457268;🔴 Perda Competitiva;🔴 Crítica;Avaliar redução de preço ou ação promocional.;1
4005900036759;NIVEA DES ROLLON INVIS BLACK & WHITE 50ML;11.99;2;ZANOL E THOMAZ LTDA;Zanol e Thomaz;9.29;MATEUS SUPERMERCADOS SA;Mateus Super Rcados;9.0;DES ROLL NIVEA MEN BLACK POW 50ML;BEIERSDORF - NIVEA;NIVEA;B;MANTER;-1.022142857142857;37.70182992465016;3.5025;11.735;2.700000000000001;29.06350914962326;8.4875;0.8024999999999984;8.638320775026894;🔴 Perda Competitiva;🔴 Crítica;Avaliar redução de preço ou ação promocional.;1
7622210674050;LACTA CHOC TAB DIAMANTE NEGRO 80GR UN;8.99;6;ZANOL E THOMAZ LTDA;Zanol e Thomaz;6.99;MATEUS SUPERMERCADOS SA;Mateus Super Rcados;14.0;CHOC LACTA BR DIAMANTE NEGRO 80G;LACTA;LACTA;B;SUBIR PREÇO URGENTE;5.300756302521014;-23.08339644870829;-1.613529411764709;6.99;2.0;28.612303290414875;10.60352941176471;-3.613529411764709;-51.69569973912316;🔴 Negociar Compras;🔴 Crítica;Enviar para compras negociar custo/condição antes de reduzir.;1
7896006214441;SIMETICONA 125MG 10 CAPS GEL UNIAO QUIMICA;8.99;4;ZANOL E THOMAZ LTDA;Zanol e Thomaz;6.99;BRASIFARMA COMERCIO DE MEDICAMENTOS LTDA;Brasifarma;20.0;GEN SIMETICONA 125MG 10CPS;UNIAO QUIMICA;SIMETICONA;A;COMPETITIVO;-2.628571428571429;56.3233190271817;3.937;6.99;2.0;28.612303290414875;5.053000000000001;1.9369999999999994;27.711015736766797;🔴 Perda Competitiva;🔴 Crítica;Avaliar redução de preço ou ação promocional.;1
7891060679724;MUNDIAL ALICATE CUT R.522;26.99;2;ZANOL E THOMAZ LTDA;Zanol e Thomaz;21.0;PARAISO COMERCIO DE ALIMENTOS LTDA;Paraiso De Ali;7.0;ALICATE MUNDIAL CLASSICO 522 12X1;MUNDIAL;MUNDIAL;A;SUBIR PREÇO URGENTE;12.08571428571429;-10.28571428571429;-2.16;21.0;5.989999999999998;28.52380952380952;29.15;-8.149999999999999;-38.8095238095238;🔴 Negociar Compras;🔴 Crítica;Enviar para compras negociar custo/condição antes de reduzir.;1
7622210674357;LACTA CHOC TAB LAKA OREO 80GR;8.99;3;ZANOL E THOMAZ LTDA;Zanol e Thomaz;7.0;EMPREENDIMENTOS PAGUE MENOS S/A;Pague Menos;25.0;CHOC LACTA BRANCO OR;LACTA;LACTA;B;SUBIR PREÇO URGENTE;5.325714285714287;-23.25714285714286;-1.628;7.0;1.9900000000000002;28.42857142857143;10.618;-3.6180000000000003;-51.68571428571429;🔴 Negociar Compras;🔴 Crítica;Enviar para compras negociar custo/condição antes de reduzir.;1
4005900294722;NIVEA SAB CREME CARE 90GR;4.99;2;ZANOL E THOMAZ LTDA;Zanol e Thomaz;3.89;MATEUS SUPERMERCADOS S.A. - MIX MARABA;Mateus Super Rcados;18.0;SAB NIVEA BOX CREME CARE 90G;BEIERSDORF - NIVEA;NIVEA;B;SUBIR PREÇO URGENTE;1.167142857142858;8.997429305912599;0.3500000000000001;3.89;1.1;28.277634961439592;4.640000000000001;-0.7500000000000004;-19.280205655527002;🔴 Negociar Compras;🔴 Crítica;Enviar para compras negociar custo/condição antes de reduzir.;1
7898133134784;RIFOTRAT SPRAY 20ML;16.99;3;ZANOL E THOMAZ LTDA;Zanol e Thomaz;13.31;RAIADROGASIL S.A.;Drogasil;17.0;RIFOTRAT SPRAY 20ML;NATULAB;RIFOTRAT;A;MANTER;-3.738571428571428;49.66190833959429;6.61;16.622;3.679999999999998;27.648384673178043;10.379999999999999;2.9300000000000015;22.013523666416237;🔴 Perda Competitiva;🔴 Crítica;Avaliar redução de preço ou ação promocional.;1
7891317016920;NORETISTERONA+ESTRADIOL 1ML INJ EURO;24.2;7;ZANOL E THOMAZ LTDA;Zanol e Thomaz;18.99;BRASIFARMA COMERCIO DE MEDICAMENTOS LTDA;Brasifarma;36.0;GEN NORETISTERONAESTRADIOL 50MG5MG 1FA INJ;EUROFARMA;NORETISTERONA;A;MANTER;-2.164999999999999;37.98051606108478;7.212499999999999;19.12333333333333;5.210000000000001;27.435492364402325;16.9875;2.0024999999999977;10.545023696682454;🔴 Perda Competitiva;🔴 Crítica;Avaliar redução de preço ou ação promocional.;1
7891150037397;SEDA SH CERAMIDAS 325ML;13.99;1;ZANOL E THOMAZ LTDA;Zanol e Thomaz;10.99;MATEUS SUPERMERCADOS SA;Mateus Super Rcados;29.0;SH SEDA SOS CERAMIDAS 325 ML (NOVO) - UN;UNILEVER;SEDA;B;MANTER;-2.305;41.96958456973294;5.657500000000001;13.48;3.0;27.2975432211101;8.3325;2.6575000000000006;24.1810737033667;🔴 Perda Competitiva;🔴 Crítica;Avaliar redução de preço ou ação promocional.;1
7891150037526;SEDA SH PRETOS LIMINOSOS 325ML;13.99;3;ZANOL E THOMAZ LTDA;Zanol e Thomaz;10.99;MATEUS SUPERMERCADOS SA;Mateus Super Rcados;20.0;SH SEDA PRETOS LUMINOSOS 325ML;UNILEVER;SEDA;B;MANTER;-0.574489795918371;33.42249240121583;3.92714285714286;14.66;3.0;27.2975432211101;10.06285714285714;0.9271428571428597;8.436240738333574;🔴 Perda Competitiva;🔴 Crítica;Avaliar redução de preço ou ação promocional.;1
7891150037595;SEDA SH CACHOS DEFINIDOS 325ML;13.99;1;ZANOL E THOMAZ LTDA;Zanol e Thomaz;10.99;MATEUS SUPERMERCADOS SA;Mateus Super Rcados;19.0;SH SEDA CACHOS DEFINIDOS 325ML (NOVO) - UN;UNILEVER;SEDA;B;MANTER;-2.304489795918371;41.96693514200935;5.65714285714286;13.48;3.0;27.2975432211101;8.33285714285714;2.65714285714286;24.1778239958404;🔴 Perda Competitiva;🔴 Crítica;Avaliar redução de preço ou ação promocional.;1
7896004703473;METILDOPA 500MG 30CPR EMS;49.99;1;ZANOL E THOMAZ LTDA;Zanol e Thomaz;39.36;RAIADROGASIL S/A;Drogasil;10.0;METILDOPA 500 EMG 30'S;EMS;METILDOPA;A;SUBIR PREÇO URGENTE;12.67571428571429;7.456808943089436;2.935000000000002;39.36;10.630000000000003;27.00711382113822;47.055;-7.695;-19.55030487804878;🔴 Negociar Compras;🔴 Crítica;Enviar para compras negociar custo/condição antes de reduzir.;1
7908615000169;CICAPLAST BAUME B5 TUBO 20ML;46.97;3;ZANOL E THOMAZ LTDA;Zanol e Thomaz;36.99;EMPREENDIMENTOS PAGUE MENOS S/A;Pague Menos;18.0;CICAPLAST BAUME B5+;LA ROCHE POSAY;CICAPLAST;A;SUBIR PREÇO URGENTE;9.547500000000007;11.93227899432279;4.41375;36.99;9.979999999999997;26.980264936469307;42.55625;-5.566249999999997;-15.047985942146516;🔴 Negociar Compras;🔴 Crítica;Enviar para compras negociar custo/condição antes de reduzir.;1
7896112172208;PREGABALINA 150MG 30CPR TEUTO;37.99;2;ZANOL E THOMAZ LTDA;Zanol e Thomaz;29.99;I R BRANDAO COMERCIO DE PRODUTOS FARMACEUTICOS LTDA;I R Brandao;14.0;PREGABALINA C1 150MG C30 CPS C1;TEUTO;PREGABALINA;A;COMPETITIVO;-15.49714285714285;66.17205735245082;19.845;29.99;8.000000000000004;26.675558519506517;18.145000000000003;11.844999999999995;39.4964988329443;🔴 Perda Competitiva;🔴 Crítica;Avaliar redução de preço ou ação promocional.;1
7896049528307;HERBISSIMO DES AERO CARE VANILA 150ML;9.99;2;ZANOL E THOMAZ LTDA;Zanol e Thomaz;7.9;MATEUS SUPERMERCADOS SA;Mateus Super Rcados;6.0;HERBISSIMO DES AERO CARE VANILA 150ML;DANA DO BRASIL;HERBISSIMO;B;MANTER;-1.432857142857141;40.04004004004004;4.0;9.99;2.09;26.45569620253164;5.99;1.9100000000000001;24.17721518987342;🔴 Perda Competitiva;🔴 Crítica;Avaliar redução de preço ou ação promocional.;1
7896112126768;NIMESULIDA 50MG/ML GTS 15ML TEUTO;6.99;4;ZANOL E THOMAZ LTDA;Zanol e Thomaz;5.54;TRIANGULO DROGARIA LTDA;Triangulo;17.0;NIMESULIDA 50MG/ML GTS 15ML TEUTO;TEUTO;NIMESULIDA;B;COMPETITIVO;-2.420266343825672;60.58098268371788;3.35618644067797;6.796666666666667;1.4500000000000002;26.173285198555963;3.6338135593220304;1.9061864406779696;34.407697485161904;🔴 Perda Competitiva;🔴 Crítica;Avaliar redução de preço ou ação promocional.;1
7896714218267;TORSILAX 12CPR;9.99;4;ZANOL E THOMAZ LTDA;Zanol e Thomaz;7.95;FARMA MED COMERCIO DE PRODUTOS FARMACEUTICOS LTDA;Farma D De;23.0;TORSILAX 12COMP;NEO QUIMICA;TORSILAX;A;COMPETITIVO;-2.300994575045214;50.26032959159309;3.99569620253165;7.95;2.04;25.660377358490567;5.99430379746835;1.9556962025316498;24.599952233102513;🔴 Perda Competitiva;🔴 Crítica;Avaliar redução de preço ou ação promocional.;1
7622210575630;LACTA CHOC TAB DIAMANTE NEGRO LAKA 80GR UN;10.99;2;ZANOL E THOMAZ LTDA;Zanol e Thomaz;8.75;MATEUS SUPERMERCADOS SA;Mateus Super Rcados;28.0;CHOC LACTA BR DIAM NEGRO LAKA 80G;LACTA;LACTA;B;SUBIR PREÇO URGENTE;2.707142857142857;8.342857142857147;0.7300000000000004;9.504285714285714;2.24;25.6;10.26;-1.5099999999999998;-17.257142857142853;🔴 Negociar Compras;🔴 Crítica;Enviar para compras negociar custo/condição antes de reduzir.;1
7891000342770;NANLAC SUPREME PRO 1 A 3 ANOS 800G;89.99;2;ZANOL E THOMAZ LTDA;Zanol e Thomaz;71.9;RAIADROGASIL SA;Drogasil;5.0;NANLAC SUPREME 1 800G;NESTLE;NAN SUPREME 1;A;SUBIR PREÇO URGENTE;51.33809523809528;-19.98145572554477;-14.36666666666669;77.93;18.08999999999999;25.159944367176617;104.35666666666668;-32.45666666666668;-45.14140009272138;🔴 Negociar Compras;🔴 Crítica;Enviar para compras negociar custo/condição antes de reduzir.;1
7891010503031;SEMPRE LIVRE ABS ESPECIAL SUAVE S/ABAS C/8;4.99;4;ZANOL E THOMAZ LTDA;Zanol e Thomaz;3.99;SUPERMERCADO SANTA MARIA LTDA;Super Rcado Nta;24.0;ABS SEMPRE LIVRE S/ABAS ADAPT SUAVE 01X08 UN;KENVUE;SEMPRE LIVRE;A;SUBIR PREÇO URGENTE;1.027289377289371;11.97737934580051;0.4778974358974404;3.99;1.0;25.062656641604008;4.51210256410256;-0.5221025641025596;-13.085277295803499;🔴 Negociar Compras;🔴 Crítica;Enviar para compras negociar custo/condição antes de reduzir.;1
7891962050065;BAUDUCCO BISC RECHEAD GOIABA 112GR;4.99;1;ZANOL E THOMAZ LTDA;Zanol e Thomaz;3.99;MATEUS SUPERMERCADOS SA;Mateus Super Rcados;9.0;BISC BAUDUCCO RECHEADINHO GOIABA 112G;BAUDUCCO;BAUDUCCO;B;SUBIR PREÇO URGENTE;1.029047619047614;11.94653299916466;0.4766666666666701;4.418571428571428;1.0;25.062656641604008;4.51333333333333;-0.5233333333333299;-13.116123642439344;🔴 Negociar Compras;🔴 Crítica;Enviar para compras negociar custo/condição antes de reduzir.;1
7896007540617;INTIMUS ABS NORMAL SUAVE C/ABAS C/8;4.99;2;ZANOL E THOMAZ LTDA;Zanol e Thomaz;3.99;Carro Chefe Comercio de Alimentos Ltda - Me;Carro Chefe De;21.0;ABS INTIMUS GEL EXT SUAVE C ABAS 8UN;KIMBERLY CLARK;INTIMUS;A;SUBIR PREÇO URGENTE;1.184149659863943;9.225444563790482;0.3680952380952403;3.99;1.0;25.062656641604008;4.6219047619047595;-0.6319047619047593;-15.837212077813515;🔴 Negociar Compras;🔴 Crítica;Enviar para compras negociar custo/condição antes de reduzir.;1
7896007540631;INTIMUS ABS TRIPLA PROT SECA C/ABAS C/8;4.99;2;ZANOL E THOMAZ LTDA;Zanol e Thomaz;3.99;L. C. M. COMERCIO DE ALIMENTOS LTDA;L. C. M.;15.0;ABSORVENTE INTIMUS SC C/ABAS C/8;KIMBERLY CLARK;INTIMUS;B;SUBIR PREÇO URGENTE;1.183949579831929;9.22895473979073;0.3682352941176501;3.99;1.0;25.062656641604008;4.6217647058823506;-0.6317647058823503;-15.83370190181329;🔴 Negociar Compras;🔴 Crítica;Enviar para compras negociar custo/condição antes de reduzir.;1
7896049528512;HERBISSIMO DES CRM TRADICIONAL 55GR;6.989999999999999;3;ZANOL E THOMAZ LTDA;Zanol e Thomaz;5.59;MATEUS SUPERMERCADOS SA;Mateus Super Rcados;21.0;DES CREME HERBISSIMO PT TRAD 55G;DANA DO BRASIL;HERBISSIMO;A;MANTER;-0.676038961038957;38.46560416327853;2.15022727272727;6.346;1.3999999999999995;25.044722719141316;4.839772727272729;0.7502272727272707;13.420881444137223;🔴 Perda Competitiva;🔴 Crítica;Avaliar redução de preço ou ação promocional.;1
7891962056500;BAUDUCCO CHOCBISCUIT AO LEITE 80GR UN;9.99;1;ZANOL E THOMAZ LTDA;Zanol e Thomaz;7.99;MATEUS SUPERMERCADOS S.A. - MIX MARABA;Mateus Super Rcados;7.0;BISC BAUDUCCO COBERTO C BISCUIT LEIT 80G;BAUDUCCO;BAUDUCCO;B;SUBIR PREÇO URGENTE;2.911785714285715;4.489987484355451;0.3587500000000006;7.99;2.0;25.03128911138924;9.63125;-1.6412499999999994;-20.541301627033786;🔴 Negociar Compras;🔴 Crítica;Enviar para compras negociar custo/condição antes de reduzir.;1
7897947620179;JOAO E MARIA SH GLICERINA 400ML;13.74;4;ZANOL E THOMAZ LTDA;Zanol e Thomaz;10.99;TRIANGULO DROGARIA LTDA;Triangulo;11.0;JOAO E MARIA SH GLICERINA 400ML;CIMED;JOAO E MARIA;B;SUBIR PREÇO URGENTE;11.76714285714286;-44.94995450409463;-4.94;17.59;2.75;25.02274795268426;18.68;-7.6899999999999995;-69.97270245677888;🔴 Negociar Compras;🔴 Crítica;Enviar para compras negociar custo/condição antes de reduzir.;1
7897947620148;JOAO E MARIA SAB LIQ GLICERINA 400ML;16.24;4;ZANOL E THOMAZ LTDA;Zanol e Thomaz;12.99;TRIANGULO DROGARIA LTDA;Triangulo;18.0;JOAO E MARIA SAB LIQ GLICERINA 400ML;CIMED;JOAO E MARIA;B;SUBIR PREÇO URGENTE;13.488835978836;-42.68810766116396;-5.545185185185199;19.49;3.2499999999999982;25.019245573518077;21.7851851851852;-8.795185185185199;-67.70735323468206;🔴 Negociar Compras;🔴 Crítica;Enviar para compras negociar custo/condição antes de reduzir.;1
7500435142236;PANTENE CT NUTRICAO UMECT 270ML;25.99;1;ZANOL E THOMAZ LTDA;Zanol e Thomaz;20.79;EMPREENDIMENTOS PAGUE MENOS S/A;Pague Menos;6.0;MASC TRAT PANTENE NU;PROCTER GAMBLE;PANTENE;B;SUBIR PREÇO URGENTE;8.210000000000004;2.35690235690235;0.4899999999999984;20.79;5.199999999999999;25.012025012025006;25.5;-4.710000000000001;-22.65512265512266;🔴 Negociar Compras;🔴 Crítica;Enviar para compras negociar custo/condição antes de reduzir.;1
7908785422150;LOREAL GARNIER HIDRATANTE FACIAL ANTI IDADE 85G;34.99;3;ZANOL E THOMAZ LTDA;Zanol e Thomaz;27.99;TRIANGULO DROGARIA LTDA;Triangulo;8.0;LOREAL GARNIER HIDRATANTE FACIAL ANTI IDADE 85G;LOREAL;GARNIER;B;SUBIR PREÇO URGENTE;4.767142857142861;18.0778849589139;5.059999999999999;33.82333333333333;7.0000000000000036;25.00893176134335;29.930000000000003;-1.9400000000000048;-6.9310468024294565;🔴 Negociar Compras;🔴 Crítica;Enviar para compras negociar custo/condição antes de reduzir.;1
7891058005474;DORFLEX DIP 1G 10CPR;13.59;2;ZANOL E THOMAZ LTDA;Zanol e Thomaz;10.89;RAIADROGASIL S.A.;Drogasil;4.0;DORFLEX DIP 1G 10CPR;OPELLA;DORFLEX DIP;B;SUBIR PREÇO URGENTE;4.838571428571431;5.077262693156729;0.6899999999999995;13.59;2.6999999999999993;24.79338842975206;12.9;-2.01;-18.45730027548209;🔴 Negociar Compras;🔴 Crítica;Enviar para compras negociar custo/condição antes de reduzir.;1
7896227620014;COTTONBABY HASTES FLEXIVEL C/75UN;2.49;4;ZANOL E THOMAZ LTDA;Zanol e Thomaz;2.0;PARAISO COMERCIO DE ALIMENTOS LTDA;Paraiso De Ali;26.0;COTONETE COTTONBABY 12X75U;HIGIPLUS;COTTONBABY;B;SUBIR PREÇO URGENTE;0.8285714285714287;1.000000000000001;0.02000000000000002;2.0;0.4900000000000002;24.50000000000001;2.47;-0.4700000000000002;-23.50000000000001;🔴 Negociar Compras;🔴 Crítica;Enviar para compras negociar custo/condição antes de reduzir.;1
7898610079997;CORPO DOURADO CT REGARV 2X1 SONHO DE MORANGO 1KG;14.49;2;ZANOL E THOMAZ LTDA;Zanol e Thomaz;11.65;EAN COMERCIO DE COSMETICOS;Ean De;5.0;MASC CORPO DOURADO S DE MORANGO 2EM1 1KG - UN;CORPO DOURADO COSMETICOS;CORPO DOURADO;B;SUBIR PREÇO URGENTE;2.492857142857144;15.02145922746781;1.75;11.65;2.84;24.37768240343347;12.74;-1.0899999999999999;-9.356223175965663;🔴 Negociar Compras;🔴 Crítica;Enviar para compras negociar custo/condição antes de reduzir.;1
609963220359;PRINCIPIA VC-10 - SERUM VITC10% + ACIDO FERULICO 30ML;59.99;3;ZANOL E THOMAZ LTDA;Zanol e Thomaz;48.3;RAIADROGASIL SA;Drogasil;19.0;PRINCIPIA VC-10 - SERUM VITC10% + ACIDO FERULICO 30ML;PRINCIPIA;PRINCIPIA;A;SUBIR PREÇO;4.081428571428582;25.23753958993166;15.14;59.99;11.690000000000005;24.20289855072465;44.85;3.4499999999999957;7.142857142857134;🔴 Perda Competitiva;🔴 Crítica;Avaliar redução de preço ou ação promocional.;1
7891024114216;PROTEX SAB LIQ AVEIA 250ML;13.99;3;ZANOL E THOMAZ LTDA;Zanol e Thomaz;11.29;MATEUS SUPERMERCADOS SA;Mateus Super Rcados;6.0;SAB LIQ PROTEX AVEIA 250ML;COLGATE;PROTEX;B;SUBIR PREÇO URGENTE;3.095714285714289;10.8060230292294;1.219999999999999;11.29;2.700000000000001;23.914968999114272;12.770000000000001;-1.4800000000000022;-13.108945969884875;🔴 Negociar Compras;🔴 Crítica;Enviar para compras negociar custo/condição antes de reduzir.;1
7891000457092;GAROTO CHOC BOMBOM SORTIDO 220GR;15.99;1;ZANOL E THOMAZ LTDA;Zanol e Thomaz;12.99;MATEUS SUPERMERCADOS SA;Mateus Super Rcados;24.0;CHOC BB GAROTO SORTIDO 220G;NESTLE;GAROTO;A;SUBIR PREÇO URGENTE;3.187351916376288;12.82412362229869;1.6658536585366;12.99;3.0;23.094688221709006;14.3241463414634;-1.3341463414634003;-10.270564599410317;🔴 Negociar Compras;🔴 Crítica;Enviar para compras negociar custo/condição antes de reduzir.;1
7898919411917;PAIXAO OLEO CORP AMENODAS C/ AVELA 100ML;15.99;4;ZANOL E THOMAZ LTDA;Zanol e Thomaz;12.99;RAIADROGASIL SA;Drogasil;20.0;OLEO AMEND PAIXAO AVELA 100ML;COTY;PAIXAO;B;MANTER;-2.775714285714285;42.15134459036899;6.74;15.99;3.0;23.094688221709006;9.25;3.74;28.7913779830639;🔴 Perda Competitiva;🔴 Crítica;Avaliar redução de preço ou ação promocional.;1
7891058005467;TARGIFOR C ADULTO 16CPR EFERV;34.99;2;ZANOL E THOMAZ LTDA;Zanol e Thomaz;28.43;RAIADROGASIL SA;Drogasil;11.0;TARGIFOR C 16S;OPELLA;TARGIFOR C;A;SUBIR PREÇO URGENTE;17.47000000000001;-13.01442138586002;-3.700000000000003;28.43;6.560000000000002;23.074217376011262;38.690000000000005;-10.260000000000005;-36.08863876187128;🔴 Negociar Compras;🔴 Crítica;Enviar para compras negociar custo/condição antes de reduzir.;1
7896049528505;HERBISSIMO DES CRM NEUTRO 55GR;6.989999999999999;3;ZANOL E THOMAZ LTDA;Zanol e Thomaz;5.72;EAN COMERCIO DE COSMETICOS;Ean De;20.0;DESOD CR HERBISSIMO NEUTRO 55G - UN;DANA DO BRASIL;HERBISSIMO;B;MANTER;-0.8842063492063419;40.82070707070699;2.33494444444444;5.72;1.2699999999999996;22.202797202797196;4.65505555555556;1.06494444444444;18.61790986790979;🔴 Perda Competitiva;🔴 Crítica;Avaliar redução de preço ou ação promocional.;1
7896658002403;LEUCOGEN XPE 120ML;92.07;6;ZANOL E THOMAZ LTDA;Zanol e Thomaz;75.44;RAIADROGASIL SA;Drogasil;29.0;LEUCOGEN 200MG 120ML;ACHE;LEUCOGEN;A;SUBIR PREÇO URGENTE;31.76079365079372;0.5294862731235399;0.3994444444443985;86.47;16.629999999999995;22.04400848356309;91.6705555555556;-16.230555555555597;-21.51452221043955;🔴 Negociar Compras;🔴 Crítica;Enviar para compras negociar custo/condição antes de reduzir.;1
7622210564290;TRIDENT FRESH INTENSE 8,5G;2.99;5;ZANOL E THOMAZ LTDA;Zanol e Thomaz;2.45;MAIS FRUTAS COMERCIO VAREJISTA DE FRUTAS LTDA;Mais Frutas Varejista;38.0;TRIDENT FRESH INT 8G;ADAMS;TRIDENT;C;SUBIR PREÇO;0.1071428571428572;26.93877551020409;0.6600000000000001;2.45;0.54;22.040816326530614;2.33;0.1200000000000001;4.897959183673473;🔴 Perda Competitiva;🔴 Crítica;Avaliar redução de preço ou ação promocional.;1
7896094903067;BIOTONICO FONTOURA TRAD 400ML;43.0;2;ZANOL E THOMAZ LTDA;Zanol e Thomaz;35.29;FARMACIA MODERNA LTDA.;Moderna .;21.0;BIOTONICO FONTOURA SOL FR 400ML;HYPERA CH;BIOTONICO FONTOURA;A;SUBIR PREÇO URGENTE;18.83473867595814;-7.359923698415131;-2.5973170731707;35.29;7.710000000000001;21.847548880702753;45.5973170731707;-10.307317073170701;-29.207472579117884;🔴 Negociar Compras;🔴 Crítica;Enviar para compras negociar custo/condição antes de reduzir.;1
42277217;NIVEA CREME LATA 29GR;16.99;1;ZANOL E THOMAZ LTDA;Zanol e Thomaz;13.99;TRIANGULO DROGARIA LTDA;Triangulo;19.0;NIVEA CREME LATA 29GR;BEIERSDORF - NIVEA;NIVEA;A;MANTER;-0.151904761904758;30.76006671431973;4.303333333333331;16.29769230769231;2.9999999999999982;21.44388849177983;12.686666666666667;1.3033333333333328;9.316178222539905;🔴 Perda Competitiva;🔴 Crítica;Avaliar redução de preço ou ação promocional.;1
7896004726694;SUAVICID CR DERM 15G;79.99;3;ZANOL E THOMAZ LTDA;Zanol e Thomaz;66.42;RAIADROGASIL SA;Drogasil;16.0;SUAVICID 15G CR;LEGRAND;SUAVICID;A;SUBIR PREÇO URGENTE;19.26877551020414;9.692648513786668;6.437857142857105;66.42;13.569999999999993;20.430593194820826;73.55214285714288;-7.132142857142881;-10.737944681034147;🔴 Negociar Compras;🔴 Crítica;Enviar para compras negociar custo/condição antes de reduzir.;1
7896112486886;ARADOIS 50MG 60CPR;14.99;3;ZANOL E THOMAZ LTDA;Zanol e Thomaz;12.46;RAIADROGASIL SA;Drogasil;16.0;ARADOIS 50MG 60'S;BIOLAB;ARADOIS;A;SUBIR PREÇO;0.6983333333333288;26.07677902621726;3.249166666666671;15.33;2.5299999999999994;20.304975922953446;11.74083333333333;0.7191666666666716;5.771803103263816;🔴 Perda Competitiva;🔴 Crítica;Avaliar redução de preço ou ação promocional.;1
7896512909770;PHEBO SAB NATURELLE 90G;4.99;5;ZANOL E THOMAZ LTDA;Zanol e Thomaz;4.15;MATEUS SUPERMERCADOS SA;Mateus Super Rcados;34.0;SAB PHEBO NATURELLE 90G;GRANADO;PHEBO;B;SUBIR PREÇO URGENTE;0.7488095238095278;17.36947791164652;0.7208333333333306;4.695;0.8399999999999999;20.240963855421683;4.26916666666667;-0.11916666666666931;-2.871485943775164;🔴 Negociar Compras;🔴 Crítica;Enviar para compras negociar custo/condição antes de reduzir.;1
7896112147640;AERODINI SPRAY 200 DOSES;21.626666666666665;6;ZANOL E THOMAZ LTDA;Zanol e Thomaz;18.0;EMPREENDIMENTOS PAGUE MENOS S/A;Pague Menos;37.0;AERODINI 100MCG SPRA;TEUTO;AERODINI;A;SUBIR PREÇO;1.681648785996572;23.46025472112445;4.2228458498024;18.0;3.626666666666665;20.14814814814814;17.403820816864265;0.5961791831357353;3.312106572976307;🔴 Perda Competitiva;🔴 Crítica;Avaliar redução de preço ou ação promocional.;1
7896112101352;DEXAMETASONA  CR 10G TEUTO;8.89;2;ZANOL E THOMAZ LTDA;Zanol e Thomaz;7.4;TRIANGULO DROGARIA LTDA;Triangulo;9.0;DEXAMETASONA  CR 10G TEUTO;TEUTO;ACET DEXAMETASONA;A;COMPETITIVO;-3.474025974025972;62.86240786240784;4.651818181818181;8.55888888888889;1.4900000000000002;20.135135135135137;4.238181818181819;3.161818181818181;42.72727272727272;🔴 Perda Competitiva;🔴 Crítica;Avaliar redução de preço ou ação promocional.;1
7896004706559;CELERG XPE 120ML;21.99;4;ZANOL E THOMAZ LTDA;Zanol e Thomaz;18.31;RAIADROGASIL S.A.;Drogasil;30.0;CELERG XAROPE 120ML;LEGRAND;CELERG;A;SUBIR PREÇO;1.69269230769229;23.52875687938503;4.308115384615398;18.31;3.6799999999999997;20.098306936100492;17.6818846153846;0.6281153846153984;3.4304499432845352;🔴 Perda Competitiva;🔴 Crítica;Avaliar redução de preço ou ação promocional.;1
7896902210646;FARMAX AGUA OXIG CREM VOL40 90ML;2.99;4;ZANOL E THOMAZ LTDA;Zanol e Thomaz;2.49;Nobrega Comercio de Alimentos Ltda - EPP;Nobrega De Ali;51.0;AGUA CREM OXIG 40VOL 90ML FARMAX;FARMAX;FARMAX;A;MANTER;-0.3053547133139003;38.58426904898515;0.9607482993197303;2.49;0.5;20.08032128514056;2.0292517006802697;0.4607482993197305;18.503947763844597;🔴 Perda Competitiva;🔴 Crítica;Avaliar redução de preço ou ação promocional.;1
7894164001132;VITAXON C 1G 10CPR EFERV;5.99;4;ZANOL E THOMAZ LTDA;Zanol e Thomaz;4.99;FARMACIA MODERNA LTDA.;Moderna .;26.0;VITAXON C 1G 10 CPR;AIRELA;VITAXON C;A;SUBIR PREÇO URGENTE;1.258246173469385;12.34925207557977;0.6162276785714305;4.99;1.0;20.040080160320638;5.37377232142857;-0.38377232142856954;-7.690828084740872;🔴 Negociar Compras;🔴 Crítica;Enviar para compras negociar custo/condição antes de reduzir.;1
7896007544042;INTIMUS ABS SUAVE C/ABAS C/32;14.99;1;ZANOL E THOMAZ LTDA;Zanol e Thomaz;12.49;MATEUS SUPERMERCADOS SA;Mateus Super Rcados;9.0;ABS INTIMUS TRIP PROT 32X1 SUAVE CA;KIMBERLY CLARK;INTIMUS;A;SUBIR PREÇO URGENTE;2.919523809523859;13.63757672804883;1.703333333333299;12.49;2.5;20.0160128102482;13.2866666666667;-0.7966666666667006;-6.3784360821993635;🔴 Negociar Compras;🔴 Crítica;Enviar para compras negociar custo/condição antes de reduzir.;1
7898148294381;METRONIDAZOL 250MG 20CPR PRATI;10.81;2;ZANOL E THOMAZ LTDA;Zanol e Thomaz;9.01;TRIANGULO DROGARIA LTDA;Triangulo;6.0;METRONIDAZOL 250MG 20CPR PRATI;PRATI DONADUZZI;METRONIDAZOL;A;COMPETITIVO;-3.634710424710428;58.23859375468701;5.247297297297299;10.36;1.8000000000000007;19.97780244173142;5.562702702702701;3.4472972972972986;38.26079131295559;🔴 Perda Competitiva;🔴 Crítica;Avaliar redução de preço ou ação promocional.;1
7908134200712;REGENESIS PREMIUM LIPINOVA 60CPS;157.15;1;ZANOL E THOMAZ LTDA;Zanol e Thomaz;130.99;TRIANGULO DROGARIA LTDA;Triangulo;14.0;REGENESIS PREMIUM LIPINOVA 60CPS;EXELTIS;REGENESIS PREMIUM;A;SUBIR PREÇO;11.63500000000002;23.78234979769448;31.1525;149.302;26.159999999999997;19.97099015191999;125.9975;4.992500000000007;3.8113596457744916;🔴 Perda Competitiva;🔴 Crítica;Avaliar redução de preço ou ação promocional.;1
7899547505252;LOSARTANA POTASSICA 50MG 30CPR PRATI;3.99;6;ZANOL E THOMAZ LTDA;Zanol e Thomaz;3.33;MASSOLI  DIAS MEDICAMENTOS LTDA;Massoli Dias;24.0;LOSARTANA POTASSICA 50MG 30CPR PRATIDON;PRATI DONADUZZI;LOSARTANA POTASSICA;A;COMPETITIVO;-0.9898116169544715;50.80685080685075;1.69186813186813;3.33;0.6600000000000001;19.819819819819823;2.29813186813187;1.03186813186813;30.987030987030927;🔴 Perda Competitiva;🔴 Crítica;Avaliar redução de preço ou ação promocional.;1
7891317007836;CEFTRIAXONA DISSODICA 1G PO SOL 3,5ML EURO;32.99;2;ZANOL E THOMAZ LTDA;Zanol e Thomaz;27.54;MARCOPHARMA COMERCIO DE MEDICAMENTOS EIRELI;Marcopharma De;8.0;GEN CEFTRIAXONA 1G3,5ML IM 1 AMPOLA;EUROFARMA;CEFTRIAXONA;A;COMPETITIVO;-10.74279503105586;57.30557923652542;15.7819565217391;27.54;5.450000000000003;19.789397240377642;17.208043478260905;10.331956521739095;37.516181996147765;🔴 Perda Competitiva;🔴 Crítica;Avaliar redução de preço ou ação promocional.;1
7896523200576;CIMEGRIPE 20CAPS;11.99;4;ZANOL E THOMAZ LTDA;Zanol e Thomaz;10.01;RAIADROGASIL S.A.;Drogasil;32.0;CIMEGRIPE 20'S;CIMED;CIMEGRIPE;A;SUBIR PREÇO URGENTE;2.318661162957643;13.78558627302348;1.37993718592965;11.75;1.9800000000000004;19.780219780219785;10.61006281407035;-0.6000628140703501;-5.994633507196305;🔴 Negociar Compras;🔴 Crítica;Enviar para compras negociar custo/condição antes de reduzir.;1
7891106006286;REDOXON GTS 20ML C/04 UND;19.09;4;ZANOL E THOMAZ LTDA;Zanol e Thomaz;15.99;BRASIFARMA COMERCIO DE MEDICAMENTOS LTDA;Brasifarma;20.0;REDOXON GTS.20ML    -;BAYER OTC;REDOXON;A;SUBIR PREÇO URGENTE;8.06891968727786;-5.323600882392128;-0.8512437810945013;15.99;3.0999999999999996;19.387116948092554;19.9412437810945;-3.951243781094499;-24.710717830484672;🔴 Negociar Compras;🔴 Crítica;Enviar para compras negociar custo/condição antes de reduzir.;1
7891106910248;BEPANTOL BABY CREME 120G;55.82;4;ZANOL E THOMAZ LTDA;Zanol e Thomaz;46.99;BRASIFARMA COMERCIO DE MEDICAMENTOS LTDA;Brasifarma;54.0;BEPANTOL BABY CREME 120G;BAYER OTC;BEPANTOL BABY;A;SUBIR PREÇO URGENTE;11.87708074534157;12.3069663295614;5.7830434782609;54.21454545454545;8.829999999999998;18.791232177058944;50.0369565217391;-3.046956521739098;-6.484265847497547;🔴 Negociar Compras;🔴 Crítica;Enviar para compras negociar custo/condição antes de reduzir.;1
7891000400210;PBM (E) NESTONUTRI 1 A 3 ANOS 800GR;56.99;7;ZANOL E THOMAZ LTDA;Zanol e Thomaz;47.99;RAIADROGASIL S.A.;Drogasil;35.0;NESTONUTRI FOR INF 800;NESTLE;NESTONUTRI;A;SUBIR PREÇO URGENTE;26.457619047619;-8.59206779190102;-4.123333333333299;47.99;9.0;18.75390706397166;61.1133333333333;-13.1233333333333;-27.34597485587268;🔴 Negociar Compras;🔴 Crítica;Enviar para compras negociar custo/condição antes de reduzir.;1
4005808808281;NIVEA SAB LIQ NATURAL OIL 200ML;38.99;1;ZANOL E THOMAZ LTDA;Zanol e Thomaz;32.9;RAIADROGASIL SA;Drogasil;10.0;NIVEA BAN OL REL 200ML;BEIERSDORF - NIVEA;NIVEA;A;SUBIR PREÇO;1.270068027210861;27.29772760167902;8.980952380952399;34.09333333333333;6.090000000000003;18.51063829787235;30.009047619047603;2.8909523809523954;8.787089303806674;🔴 Perda Competitiva;🔴 Crítica;Avaliar redução de preço ou ação promocional.;1
7896006234067;CICLO 21 C/21 CPR;7.99;7;ZANOL E THOMAZ LTDA;Zanol e Thomaz;6.75;RAIADROGASIL S.A.;Drogasil;55.0;CICLO 21 CX 21 COMP;UNIAO QUIMICA;CICLO 21;A;SUBIR PREÇO URGENTE;1.347731092436971;18.1925936832806;1.45358823529412;7.989999999999999;1.2400000000000002;18.370370370370374;6.53641176470588;0.21358823529411985;3.1642701525054795;🔴 Perda Competitiva;🔴 Crítica;Avaliar redução de preço ou ação promocional.;1
7891317016333;BILASTINA 20MG 30 CP EURO;57.989999999999995;5;ZANOL E THOMAZ LTDA;Zanol e Thomaz;49.21;RAIADROGASIL SA;Drogasil;34.0;BILASTINA 20MG EUG 30S;EUROFARMA;BILASTINA;A;SUBIR PREÇO;3.578392857142859;25.10862136301504;12.858125;51.21;8.779999999999994;17.841902052428356;45.131874999999994;4.078125000000007;8.287187563503368;🔴 Perda Competitiva;🔴 Crítica;Avaliar redução de preço ou ação promocional.;1
7891106912167;BEPANTOL BABY CREME 30G;20.02;12;ZANOL E THOMAZ LTDA;Zanol e Thomaz;16.99;TRIANGULO DROGARIA LTDA;Triangulo;78.0;BEPANTOL BABY CREME 30G;BAYER OTC;BEPANTOL BABY;A;SUBIR PREÇO;0.1967681498828604;29.18930132479105;4.959262295081999;19.49758620689655;3.030000000000001;17.83402001177164;15.060737704918001;1.9292622950819975;11.35528131301941;🔴 Perda Competitiva;🔴 Crítica;Avaliar redução de preço ou ação promocional.;1
7896672202681;CLENIL A 10FLAC INALACAO;72.07;3;ZANOL E THOMAZ LTDA;Zanol e Thomaz;61.24;RAIADROGASIL S.A.;Drogasil;18.0;CLENIL A 400 10FLA 2ML;CHIESI;CLENIL A;A;SUBIR PREÇO URGENTE;42.56;-18.64794252122795;-11.41999999999999;61.47333333333334;10.829999999999991;17.68451992161984;83.48999999999998;-22.24999999999998;-36.33246244284777;🔴 Negociar Compras;🔴 Crítica;Enviar para compras negociar custo/condição antes de reduzir.;1
7896422516921;ALOPURINOL 100MG 30CPR MEDLEY;9.69;2;ZANOL E THOMAZ LTDA;Zanol e Thomaz;8.24;RAIADROGASIL S.A.;Drogasil;7.0;ALOPURINOL 100 MEG 30S;SANOFI-MEDLEY;ALOPURINOL;A;MANTER;-2.301904761904757;49.55501618122974;4.08333333333333;8.24;1.4499999999999993;17.59708737864077;5.606666666666669;2.633333333333331;31.95792880258897;🔴 Perda Competitiva;🔴 Crítica;Avaliar redução de preço ou ação promocional.;1
7896422507295;CETOPROFENO 100MG 20CPR MEDLEY;32.99;6;ZANOL E THOMAZ LTDA;Zanol e Thomaz;28.06;RAIADROGASIL SA;Drogasil;38.0;CETOPROFENO 100 MEG 20;SANOFI-MEDLEY;CETOPROFENO;A;SUBIR PREÇO;1.667142857142863;25.84105488239486;7.250999999999998;29.73333333333333;4.930000000000003;17.569493941553826;25.739000000000004;2.3209999999999944;8.271560940841036;🔴 Perda Competitiva;🔴 Crítica;Avaliar redução de preço ou ação promocional.;1
609963220564;PRINCIPIA GL-01 - GEL DE LIMPEZA 350ML;46.99;6;ZANOL E THOMAZ LTDA;Zanol e Thomaz;39.99;TRIANGULO DROGARIA LTDA;Triangulo;17.0;PRINCIPIA GL-01 - GEL DE LIMPEZA 350ML;PRINCIPIA;PRINCIPIA;A;SUBIR PREÇO URGENTE;10.15285714285714;12.22805701425356;4.890000000000001;45.99;7.0;17.504376094023506;42.1;-2.1099999999999994;-5.276319079769941;🔴 Negociar Compras;🔴 Crítica;Enviar para compras negociar custo/condição antes de reduzir.;1
609963220755;PRINCIPIA GL-02 - GEL DE LIMPEZA SUAVE 350ML;46.99;4;ZANOL E THOMAZ LTDA;Zanol e Thomaz;39.99;TRIANGULO DROGARIA LTDA;Triangulo;19.0;PRINCIPIA GL-02 - GEL DE LIMPEZA SUAVE 350ML;PRINCIPIA;PRINCIPIA;A;SUBIR PREÇO;5.510000000000005;20.35508877219305;8.14;45.43444444444444;7.0;17.504376094023506;38.85;1.1400000000000006;2.8507126781695438;🔴 Perda Competitiva;🔴 Crítica;Avaliar redução de preço ou ação promocional.;1
7899706159272;CERAVE LOCAO HIDRATANTE 473ML;114.73;3;ZANOL E THOMAZ LTDA;Zanol e Thomaz;97.99;TRIANGULO DROGARIA LTDA;Triangulo;16.0;CERAVE LOCAO HIDRATANTE 473ML;CERAVE;CERAVE;A;SUBIR PREÇO URGENTE;32.02428571428574;7.123175834268793;6.97999999999999;112.55;16.74000000000001;17.08337585467906;107.75000000000001;-9.76000000000002;-9.960200020410266;🔴 Negociar Compras;🔴 Crítica;Enviar para compras negociar custo/condição antes de reduzir.;1
7891010607135;SEMPRE LIVRE ABS MAX NOT SUAVE LV16PG14;20.99;3;ZANOL E THOMAZ LTDA;Zanol e Thomaz;18.05;MARCOPHARMA COMERCIO DE MEDICAMENTOS EIRELI;Marcopharma De;13.0;SEMPRE LIVRE ADAPT PLUS NOITE E DIA C16;KENVUE;SEMPRE LIVRE;A;SUBIR PREÇO;0.6261904761904304;27.57156048014792;4.9766666666667;18.05;2.9399999999999977;16.288088642659265;16.0133333333333;2.036666666666701;11.283471837488648;🔴 Perda Competitiva;🔴 Crítica;Avaliar redução de preço ou ação promocional.;1
7891058005979;PANTOPRAZOL 40MG 28CPR MEDLEY;15.99;4;ZANOL E THOMAZ LTDA;Zanol e Thomaz;13.76;RAIADROGASIL S.A.;Drogasil;21.0;PANTOPRAZOL 40MEG 28S;SANOFI-MEDLEY;PANTOPRAZOL;A;MANTER;-3.622682215743442;48.42934266729949;6.66387755102041;13.76;2.2300000000000004;16.206395348837212;9.32612244897959;4.4338775510204105;32.22294731846229;🔴 Perda Competitiva;🔴 Crítica;Avaliar redução de preço ou ação promocional.;1
7896902209114;FARMAX ACETONA REMOVEDOR 100ML;4.49;4;ZANOL E THOMAZ LTDA;Zanol e Thomaz;3.89;MATEUS SUPERMERCADOS SA;Mateus Super Rcados;42.0;REMOVEDOR ACETONA FARMAX 100ML;FARMAX;FARMAX;A;MANTER;-0.7592460317460281;43.66252499285913;1.69847222222222;3.91;0.6000000000000001;15.424164524421597;2.7915277777777803;1.0984722222222199;28.238360468437527;🔴 Perda Competitiva;🔴 Crítica;Avaliar redução de preço ou ação promocional.;1
7506306241183;DOVE DES AERO ORIGINAL 150ML;14.99;1;ZANOL E THOMAZ LTDA;Zanol e Thomaz;12.99;MATEUS SUPERMERCADOS SA;Mateus Super Rcados;29.0;DOVE DES AERO ORIGINAL 150ML;UNILEVER;DOVE;A;SUBIR PREÇO;1.890748484680001;21.17062081870581;3.173476060724001;15.1204347826087;2.0;15.396458814472672;11.816523939276;1.173476060724001;9.033687919353357;🔴 Perda Competitiva;🔴 Crítica;Avaliar redução de preço ou ação promocional.;1
78906617;NIVEA CREME LATA 56GR;23.99;1;ZANOL E THOMAZ LTDA;Zanol e Thomaz;20.8;RAIADROGASIL SA;Drogasil;6.0;NIVEA HID LATA 56G;BEIERSDORF - NIVEA;NIVEA;A;MANTER;-0.4630952380952849;31.55849358974375;6.564166666666701;20.8;3.1899999999999977;15.336538461538451;17.425833333333298;3.374166666666703;16.221955128205302;🔴 Perda Competitiva;🔴 Crítica;Avaliar redução de preço ou ação promocional.;1
7891317004323;PREDNISOLONA 20MG 10CPR EURO;14.99;6;ZANOL E THOMAZ LTDA;Zanol e Thomaz;13.0;BRASIFARMA COMERCIO DE MEDICAMENTOS LTDA;Brasifarma;32.0;PREDNISOLONA 20MG 10CPR EURO;EUROFARMA;PREDNISOLONA;A;ANALISAR REDUÇÃO;-8.976612758310871;71.91880540905676;10.78062893081761;14.99;1.9900000000000002;15.307692307692308;4.2093710691823905;8.79062893081761;67.62022254475085;🔴 Perda Competitiva;🔴 Crítica;Avaliar redução de preço ou ação promocional.;1
7590002032817;VICK VAPORUB POTE 30G;39.05;4;ZANOL E THOMAZ LTDA;Zanol e Thomaz;33.9;RAIADROGASIL S.A.;Drogasil;38.0;VICK VAPORUB 30G;PROCTER GAMBLE;VICK VAPORUB;A;SUBIR PREÇO URGENTE;23.78571428571429;-19.11504424778762;-6.480000000000004;33.9;5.149999999999999;15.19174041297935;45.53;-11.630000000000003;-34.30678466076697;🔴 Negociar Compras;🔴 Crítica;Enviar para compras negociar custo/condição antes de reduzir.;1
7891024114865;PROTEX SAB LIQ VITAMINA E 250ML;13.99;1;ZANOL E THOMAZ LTDA;Zanol e Thomaz;11.29;MATEUS SUPERMERCADOS SA;Mateus Super Rcados;10.0;SAB LIQ PROTEX VITAMINA E 250ML;COLGATE;PROTEX;B;SUBIR PREÇO URGENTE;3.095714285714289;10.8060230292294;1.219999999999999;12.34;2.700000000000001;23.914968999114272;12.770000000000001;-1.4800000000000022;-13.108945969884875;🔴 Negociar Compras;🟠 Alta;Enviar para compras negociar custo/condição antes de reduzir.;2
7891024115107;PROTEX SAB LIQ CREAM 250ML;13.99;1;ZANOL E THOMAZ LTDA;Zanol e Thomaz;11.29;MATEUS SUPERMERCADOS SA;Mateus Super Rcados;2.0;SAB LIQ PROTEX CREAM 250ML;COLGATE;PROTEX;B;SUBIR PREÇO URGENTE;3.095714285714289;10.8060230292294;1.219999999999999;11.29;2.700000000000001;23.914968999114272;12.770000000000001;-1.4800000000000022;-13.108945969884875;🔴 Negociar Compras;🟠 Alta;Enviar para compras negociar custo/condição antes de reduzir.;2
7896148500013;FITOMELITO 150G FITO;23.8;2;ZANOL E THOMAZ LTDA;Zanol e Thomaz;19.49;TRIANGULO DROGARIA LTDA;Triangulo;5.0;FITOMELITO 150G FITO;FITOBEL;FITOMELITO;B;SUBIR PREÇO;0.4671428571428606;28.32221652129297;5.519999999999998;20.72142857142857;4.310000000000002;22.113904566444344;18.28;1.2099999999999973;6.208311954848627;🔴 Perda Competitiva;🟠 Alta;Avaliar redução de preço ou ação promocional.;2
7896049526174;HERBISSIMO DES STICK HIBISCO 45GR;10.99;2;ZANOL E THOMAZ LTDA;Zanol e Thomaz;9.0;EAN COMERCIO DE COSMETICOS;Ean De;13.0;DESOD CR HERBISSIMO STICK BIO HIBISC 45G - UN;DANA DO BRASIL;HERBISSIMO;B;SUBIR PREÇO;0.555714285714286;25.87486744432661;2.44;9.43;1.9900000000000002;22.111111111111114;8.55;0.4499999999999993;4.999999999999992;🔴 Perda Competitiva;🟠 Alta;Avaliar redução de preço ou ação promocional.;2
7500435260268;PANTENE CD MOLECULAR BOND REPAIR 250ML;32.99;3;ZANOL E THOMAZ LTDA;Zanol e Thomaz;27.06;EAN COMERCIO DE COSMETICOS LTDA;Ean De;4.0;COND PANTENE MOLECULAR BOND REPAIR 250ML - UN;PROCTER GAMBLE;PANTENE;B;SUBIR PREÇO;1.915000000000003;25.04619364375462;6.7775;27.06;5.930000000000003;21.91426459719144;26.212500000000002;0.8474999999999966;3.1319290465631804;🔴 Perda Competitiva;🟠 Alta;Avaliar redução de preço ou ação promocional.;2
7891150101593;SEDA CP TOQUE DE SEDA 300ML;10.99;3;ZANOL E THOMAZ LTDA;Zanol e Thomaz;9.09;MATEUS SUPERMERCADOS SA;Mateus Super Rcados;15.0;CR SEDA PENT TOQUE SEDA 300ML-DEMAIS PROD;UNILEVER;SEDA;B;MANTER;-1.090476190476185;37.67169179229477;3.74833333333333;9.95;1.9000000000000004;20.90209020902091;7.241666666666671;1.8483333333333292;20.333700036670287;🔴 Perda Competitiva;🟠 Alta;Avaliar redução de preço ou ação promocional.;2
7896512936622;PHEBO SAB BARRA LIMA DA PERSIA 90G;5.989999999999999;3;ZANOL E THOMAZ LTDA;Zanol e Thomaz;4.99;MATEUS SUPERMERCADOS SA;Mateus Super Rcados;15.0;SAB PHEBO LIMA DE PERSIA 90G;GRANADO;PHEBO;B;SUBIR PREÇO;0.04142857142857093;29.41883767535071;1.468;5.035714285714286;0.9999999999999991;20.040080160320624;4.521999999999999;0.46800000000000086;9.378757515030077;🔴 Perda Competitiva;🟠 Alta;Avaliar redução de preço ou ação promocional.;2
7891024135020;COLGATE CRM DENTAL TOTAL 12 WHITENING 90G;11.99;2;ZANOL E THOMAZ LTDA;Zanol e Thomaz;9.99;POSTERUS SUPERMERCADOS LTDA;Posterus Super Rcados;10.0;COLGATE CRM DENTAL TOTAL 12 WHITENING 90G;COLGATE;COLGATE;B;SUBIR PREÇO URGENTE;3.102559523809573;11.88664164581568;1.4252083333333;12.52333333333333;2.0;20.02002002002002;10.5647916666667;-0.5747916666666999;-5.753670337004003;🔴 Negociar Compras;🟠 Alta;Enviar para compras negociar custo/condição antes de reduzir.;2
7896018700710;HUGGIES SH CAMOMILA 200ML;16.99;2;ZANOL E THOMAZ LTDA;Zanol e Thomaz;14.18;RAIADROGASIL SA;Drogasil;4.0;HUGGIES SH CAMOMILA 200ML;KIMBERLY CLARK;HUGGIES;B;SUBIR PREÇO;1.648095238095291;23.20973121443966;3.943333333333298;16.99;2.8099999999999987;19.8166431593794;13.0466666666667;1.133333333333299;7.992477668076862;🔴 Perda Competitiva;🟠 Alta;Avaliar redução de preço ou ação promocional.;2
4005808257584;NIVEA DES ROLLON DRY COMFORT 50ML;10.99;1;ZANOL E THOMAZ LTDA;Zanol e Thomaz;9.29;MATEUS SUPERMERCADOS SA;Mateus Super Rcados;8.0;DES ROLL NIVEA FEM DRY CONFOR 50ML;BEIERSDORF - NIVEA;NIVEA;B;MANTER;-1.022142857142857;37.70182992465016;3.5025;9.29;1.700000000000001;18.299246501614654;7.487500000000001;1.8024999999999984;19.40258342303551;🔴 Perda Competitiva;🟠 Alta;Avaliar redução de preço ou ação promocional.;2
4005900036704;NIVEA DES ROLLON INVISIBLE B&W 50ML;10.99;1;ZANOL E THOMAZ LTDA;Zanol e Thomaz;9.29;MATEUS SUPERMERCADOS SA;Mateus Super Rcados;22.0;DES ROLL NIVEA FEM BLACK CLEA 50ML;BEIERSDORF - NIVEA;NIVEA;B;SUBIR PREÇO;0.8242857142857165;23.78902045209902;2.209999999999999;9.29;1.700000000000001;18.299246501614654;8.780000000000001;0.509999999999998;5.489773950484371;🔴 Perda Competitiva;🟠 Alta;Avaliar redução de preço ou ação promocional.;2
78907485;TALENTO CHOC CEREAL E PASSAS BRANCO 25G;3.99;2;ZANOL E THOMAZ LTDA;Zanol e Thomaz;3.39;MATEUS SUPERMERCADOS SA;Mateus Super Rcados;11.0;CHOC BR GAROTO TAL BCO 25G;;;;SEM CUSTO;;;;3.39;0.6000000000000001;17.69911504424779;;;;🔴 Negociar Compras;🟠 Alta;Enviar para compras negociar custo/condição antes de reduzir.;2
7898610079669;CORPO DOURADO OLEO CAP BABOSA KERATIN 100ML;8.99;3;ZANOL E THOMAZ LTDA;Zanol e Thomaz;7.65;TRIANGULO DROGARIA LTDA;Triangulo;12.0;CORPO DOURADO OLEO CAP BABOSA KERATIN 100ML;CORPO DOURADO COSMETICOS;CORPO DOURADO;C;SUBIR PREÇO URGENTE;1.621428571428572;15.16339869281046;1.16;8.856;1.3399999999999999;17.51633986928104;7.83;-0.17999999999999972;-2.3529411764705843;🔴 Negociar Compras;🟠 Alta;Enviar para compras negociar custo/condição antes de reduzir.;2
7896902210561;FARMAX AGUA OXIG CREM VOL20 90ML;2.99;4;ZANOL E THOMAZ LTDA;Zanol e Thomaz;2.55;MATEUS SUPERMERCADOS SA;Mateus Super Rcados;19.0;AGUA OX FARMAX CREMOSA V20 90ML - UN;FARMAX;FARMAX;B;MANTER;-0.5014285714285713;42.49110320284697;1.194;2.81;0.4400000000000004;17.25490196078433;1.7960000000000003;0.7539999999999996;29.56862745098038;🔴 Perda Competitiva;🟠 Alta;Avaliar redução de preço ou ação promocional.;2
7892840822385;DORITOS QUEIJO NACHO 32G;5.49;2;ZANOL E THOMAZ LTDA;Zanol e Thomaz;4.69;POSTERUS SUPERMERCADOS LTDA;Posterus Super Rcados;26.0;SALG E CHIPS DORITOS QUEIJO NACHO 32G;ELMA CHIPS;DORITOS;B;MANTER;-0.09535714285714292;31.42324093816631;1.47375;5.546666666666667;0.7999999999999998;17.05756929637526;4.01625;0.6737500000000001;14.365671641791044;🔴 Perda Competitiva;🟠 Alta;Avaliar redução de preço ou ação promocional.;2
7896150017462;YAMA DESC PO AMETISTA 10G;3.99;3;ZANOL E THOMAZ LTDA;Zanol e Thomaz;3.41;EAN COMERCIO DE COSMETICOS LTDA;Ean De;11.0;PO DESC YAMA AMETISTA 10G - UN;YAMA;YAMA;B;SUBIR PREÇO;0.3771428571428577;22.41379310344827;0.7799999999999998;3.48;0.5800000000000001;17.008797653958947;3.2100000000000004;0.19999999999999973;5.86510263929618;🔴 Perda Competitiva;🟠 Alta;Avaliar redução de preço ou ação promocional.;2
7908458336449;SALON LINE OLEO CONDIC DEFINICAO NATURAL 50ML;19.99;1;ZANOL E THOMAZ LTDA;Zanol e Thomaz;17.13;EAN CORMECIO DE COSMETICOS LTDA;Ean Cor Cio;3.0;OLEO SALON LINE DEFINICAO NATURAL 50ML - UN;SALON LINE;SALON LINE;B;SUBIR PREÇO URGENTE;4.241428571428575;12.66783420899007;2.169999999999998;17.245;2.8599999999999994;16.695855224751895;17.82;-0.6900000000000013;-4.028021015761829;🔴 Negociar Compras;🟠 Alta;Enviar para compras negociar custo/condição antes de reduzir.;2
7896049528604;HERBISSIMO DES CRM FRESH 55GR;6.99;1;ZANOL E THOMAZ LTDA;Zanol e Thomaz;5.99;Carro Chefe Comercio de Alimentos Ltda - Me;Carro Chefe De;9.0;DESOD CR HERBISSIMO FRESH 55G;DANA DO BRASIL;HERBISSIMO;B;MANTER;-1.157857142857143;43.53088480801336;2.6075;5.99;1.0;16.69449081803005;4.3825;1.6075;26.836393989983303;🔴 Perda Competitiva;🟠 Alta;Avaliar redução de preço ou ação promocional.;2
7896512922465;GRANADO BEBE SAB LIQ REFIL ERVA DOCE 250ML;20.99;2;ZANOL E THOMAZ LTDA;Zanol e Thomaz;17.99;TRIANGULO DROGARIA LTDA;Triangulo;37.0;GRANADO BEBE SAB LIQ REFIL ERVA DOCE 250ML;GRANADO;GRANADO BEBE;B;SUBIR PREÇO;0.3900000000000006;28.48249027237354;5.123999999999999;20.26586206896551;3.0;16.675931072818234;15.866;2.1239999999999988;11.806559199555302;🔴 Perda Competitiva;🟠 Alta;Avaliar redução de preço ou ação promocional.;2
7908448000244;DABELLE CT CRESCIMENTO 400GR;26.99;1;ZANOL E THOMAZ LTDA;Zanol e Thomaz;23.18;EAN COMERCIO DE COSMETICOS LTDA;Ean De;4.0;DABELLE CT CRESCIMENTO 400GR;;;;SEM CUSTO;;;;26.99;3.8099999999999987;16.436583261432265;;;;🔴 Negociar Compras;🟠 Alta;Enviar para compras negociar custo/condição antes de reduzir.;2
7896714265766;NISTATINA CR VAG 60G+14APLIC NEO;18.99;3;ZANOL E THOMAZ LTDA;Zanol e Thomaz;16.37;IMIFARMA PRODU FARMACEU E COSMETIC S.A;Imifarma Produ Farmaceu;15.0;NISTATINA CR VAG 60G;NEO QUIMICA;NISTATINA;B;SUBIR PREÇO;0.463333333333285;28.01873345550825;4.586666666666702;16.37;2.6199999999999974;16.004886988393384;14.403333333333297;1.966666666666704;12.013846467114869;🔴 Perda Competitiva;🟠 Alta;Avaliar redução de preço ou ação promocional.;2
7908615060385;ELSEVE SH GLYCOLIC GLOSS 200ML;18.99;2;ZANOL E THOMAZ LTDA;Zanol e Thomaz;16.39;EAN COMERCIO DE COSMETICOS;Ean De;8.0;SH ELSEVE GLYCOLIC GLOSS 200ML - UN;LOREAL;ELSEVE;B;MANTER;-0.4828571428571422;32.06223306894449;5.255000000000001;16.39;2.599999999999998;15.863331299572897;13.734999999999998;2.655000000000003;16.198901769371584;🔴 Perda Competitiva;🟠 Alta;Avaliar redução de preço ou ação promocional.;2
78933354;DOVE DES ROLLON MEN INVISIBLE 50ML;11.99;1;ZANOL E THOMAZ LTDA;Zanol e Thomaz;10.35;MATEUS SUPERMERCADOS SA;Mateus Super Rcados;9.0;DES ROLL DOVE MEN INVISIBLE DRY 50ML;UNILEVER;DOVE;B;SUBIR PREÇO;0.1464285714285722;29.00966183574879;3.0025;11.01666666666667;1.6400000000000006;15.84541062801933;8.9875;1.362499999999999;13.164251207729457;🔴 Perda Competitiva;🟠 Alta;Avaliar redução de preço ou ação promocional.;2
7896235353973;MONANGE SAB LIQ FLOR LAVANDA  240ML;9.99;2;ZANOL E THOMAZ LTDA;Zanol e Thomaz;8.63;EAN CORMECIO DE COSMETICOS LTDA;Ean Cor Cio;21.0;SAB LIQUIDO MONANGE FLOR DE LAVAND 240ML - UN;COTY;MONANGE;B;MANTER;-1.207380952380957;39.79335650830441;3.434166666666671;8.63;1.3599999999999994;15.758980301274617;6.555833333333329;2.074166666666672;24.0343762070298;🔴 Perda Competitiva;🟠 Alta;Avaliar redução de preço ou ação promocional.;2
7896150015949;YAMA DESC PO ACTIVE 10G;3.99;2;ZANOL E THOMAZ LTDA;Zanol e Thomaz;3.45;EAN COMERCIO DE COSMETICO LTDA - TOP;Ean De Cos;10.0;PO DESC YAMA ACTIVE 10G - UN;YAMA;YAMA;B;SUBIR PREÇO;0.4071428571428575;21.73913043478261;0.75;3.471428571428572;0.54;15.65217391304348;3.24;0.20999999999999996;6.086956521739129;🔴 Perda Competitiva;🟠 Alta;Avaliar redução de preço ou ação promocional.;2
70341368251;PRINCIPIA PS-01 MIX + 5% DE NIACINAMIDA FPS99 40ML;67.99;1;ZANOL E THOMAZ LTDA;Zanol e Thomaz;58.99;TRIANGULO DROGARIA LTDA;Triangulo;13.0;PRINCIPIA PS-01 MIX + 5% DE NIACINAMIDA FPS99 40ML;PRINCIPIA;PRINCIPIA;B;SUBIR PREÇO;5.486190476190423;23.4898570379161;13.8566666666667;67.17181818181818;8.999999999999993;15.256823190371238;54.1333333333333;4.856666666666705;8.233033847544846;🔴 Perda Competitiva;🟠 Alta;Avaliar redução de preço ou ação promocional.;2
7896806700076;BARLA TALCO 140GR;6.99;4;ZANOL E THOMAZ LTDA;Zanol e Thomaz;6.15;MATEUS SUPERMERCADOS SA;Mateus Super Rcados;53.0;TALCO BARLA GRANDE 140G;LEITE DE ROSAS;BARLA;A;MANTER;-0.3023809523809566;33.44173441734423;2.05666666666667;7.27;0.8399999999999999;13.658536585365852;4.93333333333333;1.2166666666666703;19.783197831978377;🟡 Atenção Competitiva;🟠 Alta;Monitorar e comparar histórico antes de ajustar.;2
4005808309436;NIVEA HID CORP MILK 200ML;16.99;3;ZANOL E THOMAZ LTDA;Zanol e Thomaz;14.99;MATEUS SUPERMERCADOS SA;Mateus Super Rcados;10.0;LOC HID NIVEA MILK 200ML;BEIERSDORF - NIVEA;NIVEA;A;MANTER;-1.081156462585028;35.04876266717492;5.253809523809521;14.99;1.9999999999999982;13.34222815210139;11.736190476190478;3.2538095238095224;21.706534515073532;🟡 Atenção Competitiva;🟠 Alta;Monitorar e comparar histórico antes de ajustar.;2
7622210411501;LACTA CHOC 5STAR TRAD 40GR;3.99;6;ZANOL E THOMAZ LTDA;Zanol e Thomaz;3.55;MATEUS SUPERMERCADOS SA;Mateus Super Rcados;38.0;CHOC LACTA BR 5STAR 40G;;;;SEM CUSTO;;;;3.57;0.4400000000000004;12.39436619718311;;;;🟠 Produto Sem Custo;🟠 Alta;Regularizar custo/cadastro antes da decisão.;2
7891008121629;GAROTO CHOC TALENTO DOCE DE LEITE 85GR UN;9.99;7;ZANOL E THOMAZ LTDA;Zanol e Thomaz;8.89;MATEUS SUPERMERCADOS SA;Mateus Super Rcados;20.0;CHOC BR GAROTO TAL DOCE DE LEITE 85G;;;;SEM CUSTO;;;;8.89;1.0999999999999996;12.373453318335203;;;;🟠 Produto Sem Custo;🟠 Alta;Regularizar custo/cadastro antes da decisão.;2
7891008121827;GAROTO CHOC TALENTO AMEND/PASSAS 85GR;9.99;8;ZANOL E THOMAZ LTDA;Zanol e Thomaz;8.89;MATEUS SUPERMERCADOS SA;Mateus Super Rcados;18.0;CHOC BR GAROTO TAL CHOC AMENDPASS 85G;;;;SEM CUSTO;;;;8.89;1.0999999999999996;12.373453318335203;;;;🟠 Produto Sem Custo;🟠 Alta;Regularizar custo/cadastro antes da decisão.;2
7893454100685;TANDENE 30CPR;13.99;4;ZANOL E THOMAZ LTDA;Zanol e Thomaz;12.5;MARCOPHARMA COMERCIO DE MEDICAMENTOS EIRELI;Marcopharma De;25.0;TANDENE C30 CPR.;CELLERA;TANDENE;A;MANTER;-0.3589849334652975;32.01031562740567;4.001289453425709;12.5;1.4900000000000002;11.920000000000002;9.988710546574291;2.511289453425709;20.090315627405673;🟡 Atenção Competitiva;🟠 Alta;Monitorar e comparar histórico antes de ajustar.;2
78912359;GAROTO CHOC BATON AO LEITE 16GR;1.99;12;ZANOL E THOMAZ LTDA;Zanol e Thomaz;1.79;MATEUS SUPERMERCADOS SA;Mateus Super Rcados;88.0;BATON AO LEITE 16GR;;;;SEM CUSTO;;;;2.2;0.19999999999999996;11.173184357541897;;;;🟠 Produto Sem Custo;🟠 Alta;Regularizar custo/cadastro antes da decisão.;2
7896006298571;PARACETAMOL 750MG 20CPR UNIAO;8.823333333333332;6;ZANOL E THOMAZ LTDA;Zanol e Thomaz;7.99;TRIANGULO DROGARIA LTDA;Triangulo;40.0;PARACETAMOL 750MG 20CPR UNIAO;UNIAO QUIMICA;PARACETAMOL;A;COMPETITIVO;-5.004285714285714;68.96551724137932;6.2;8.99;0.8333333333333321;10.429703796412166;2.623333333333332;5.366666666666668;67.16729244889447;🟡 Atenção Competitiva;🟠 Alta;Monitorar e comparar histórico antes de ajustar.;2
78911239;VICK INALADOR 1UN;18.55;8;ZANOL E THOMAZ LTDA;Zanol e Thomaz;16.99;MASSOLI  DIAS MEDICAMENTOS LTDA;Massoli Dias;60.0;VICK DESC INALADOR 0,5;;;;SEM CUSTO;;;;21.89;1.5600000000000023;9.181871689228972;;;;🟠 Produto Sem Custo;🟠 Alta;Regularizar custo/cadastro antes da decisão.;2
7896512904621;GRANADO BEBE SAB LIQ GLICERINA NEUTRO 250ML;27.99;9;ZANOL E THOMAZ LTDA;Zanol e Thomaz;25.65;MATEUS SUPERMERCADOS SA;Mateus Super Rcados;64.0;SAB LIQ GRANADO GLIC BEBE TRAD 250ML;GRANADO;GRANADO BEBE;A;MANTER;-0.3035982814178553;30.82853332160818;7.907518796992498;25.65;2.34;9.12280701754386;20.0824812030075;5.567518796992498;21.70572630406432;🟡 Atenção Competitiva;🟠 Alta;Monitorar e comparar histórico antes de ajustar.;2
7891317001926;CETOPROFENO 150MG 10CPR EURO;18.99;7;ZANOL E THOMAZ LTDA;Zanol e Thomaz;17.45;RAIADROGASIL S.A.;Drogasil;60.0;CETOPROF 150MG EUG 10S;EUROFARMA;CETOPROFENO;A;ANALISAR REDUÇÃO;-9.979306122448985;70.03160049119937;12.22051428571429;17.45;1.5399999999999991;8.825214899713462;6.769485714285709;10.68051428571429;61.2063855914859;🟡 Atenção Competitiva;🟠 Alta;Monitorar e comparar histórico antes de ajustar.;2
5000456028561;PBM (E) FORXIGA 10MG 30CPR;180.05;2;ZANOL E THOMAZ LTDA;Zanol e Thomaz;233.77;I R BRANDAO COMERCIO DE PRODUTOS FARMACEUTICOS LTDA;I R Brandao;1.0;PBM (E) FORXIGA 10MG 30CPR;;;;SEM CUSTO;;;;180.05;-53.72;-22.979851991273474;;;;🟠 Produto Sem Custo;🟠 Alta;Regularizar custo/cadastro antes da decisão.;2
7897947620551;CARMED GEL DENTAL C/FLUOR CEREJA 70G;8.99;2;ZANOL E THOMAZ LTDA;Zanol e Thomaz;17.99;TRIANGULO DROGARIA LTDA;Triangulo;5.0;CARMED GEL DENTAL C/FLUOR CEREJA 70G;;;;SEM CUSTO;;;;16.19;-8.999999999999998;-50.0277932184547;;;;🟠 Produto Sem Custo;🟠 Alta;Regularizar custo/cadastro antes da decisão.;2
7500435154307;PANTENE CP BAMBU 240GR;20.99;2;ZANOL E THOMAZ LTDA;Zanol e Thomaz;18.33;EAN COMERCIO DE COSMETICO LTDA - TOP;Ean De Cos;7.0;CR PENTEAR PANTENE BAMBO 240ML - UN;PROCTER GAMBLE;PANTENE;B;SUBIR PREÇO;1.084285714285716;25.85924713584287;4.739999999999998;18.33;2.66;14.51172940534643;16.25;2.0799999999999983;11.347517730496445;🟢 Ganho Rápido;🟡 Média;Avaliar aumento de preço com baixo risco competitivo.;3
7896007550029;PLENITUD FRD GER FEMME P/M C/16;74.99;2;ZANOL E THOMAZ LTDA;Zanol e Thomaz;65.59;EMPREENDIMENTOS PAGUE MENOS S/A;Pague Menos;15.0;ROUPA INC PLENITUD F;KIMBERLY CLARK;PLENITUD;B;SUBIR PREÇO URGENTE;30.18857142857144;-2.218325964323827;-1.454999999999998;65.59;9.399999999999991;14.331452965391053;76.445;-10.85499999999999;-16.54977892971488;🟢 Ganho Rápido;🟡 Média;Avaliar aumento de preço com baixo risco competitivo.;3
7622202258459;LACTA AO LEITE CHOC 28G;3.99;6;ZANOL E THOMAZ LTDA;Zanol e Thomaz;3.49;MATEUS SUPERMERCADOS S.A. - MIX MARABA;Mateus Super Rcados;21.0;CHOC LACTA BR LAKA AO LEITE 28G;LACTA;LACTA;C;SUBIR PREÇO URGENTE;0.7969047619047567;14.01623686723984;0.4891666666666703;3.49;0.5;14.326647564469914;3.50083333333333;-0.010833333333329698;-0.31041069723007725;🟢 Ganho Rápido;🟡 Média;Avaliar aumento de preço com baixo risco competitivo.;3
7896226506371;PROLOPA BD 125MG 30CPR;51.23;3;ZANOL E THOMAZ LTDA;Zanol e Thomaz;45.0;EMPREENDIMENTOS PAGUE MENOS S/A;Pague Menos;24.0;PROLOPA BD 100+25MG;FQM FARMA;PROLOPA;A;SUBIR PREÇO URGENTE;24.04285714285714;-7.399999999999997;-3.329999999999998;45.0;6.229999999999997;13.844444444444438;54.559999999999995;-9.559999999999995;-21.244444444444433;🟢 Ganho Rápido;🟡 Média;Avaliar aumento de preço com baixo risco competitivo.;3
7896007540662;INTIMUS ABS NOT C/ABAS LV9PG8;8.99;4;ZANOL E THOMAZ LTDA;Zanol e Thomaz;7.92;RAIADROGASIL SA;Drogasil;19.0;INTIMUS NOT SU C/AB 8U;KIMBERLY CLARK;INTIMUS;A;SUBIR PREÇO;0.7929761904761872;22.99137205387209;1.82091666666667;7.92;1.0700000000000003;13.510101010101014;7.16908333333333;0.7509166666666696;9.48127104377108;🟢 Ganho Rápido;🟡 Média;Avaliar aumento de preço com baixo risco competitivo.;3
7890704810738;NIVEA SAB LIQ ERVA DOCE 250ML;12.99;2;ZANOL E THOMAZ LTDA;Zanol e Thomaz;11.45;MATEUS SUPERMERCADOS SA;Mateus Super Rcados;11.0;SAB LIQ NIVEA ERVA DOCE 250ML;BEIERSDORF - NIVEA;NIVEA;B;SUBIR PREÇO;1.578571428571429;20.34934497816594;2.33;11.45;1.540000000000001;13.449781659388654;10.66;0.7899999999999991;6.899563318777285;🟢 Ganho Rápido;🟡 Média;Avaliar aumento de preço com baixo risco competitivo.;3
7891024028353;COLGATE CRM DENTAL MAXIMA NEUTRACUCAR 70G;10.99;1;ZANOL E THOMAZ LTDA;Zanol e Thomaz;9.69;MATEUS SUPERMERCADOS SA;Mateus Super Rcados;6.0;CR D COLGATE NEUTRACUCAR 70G;COLGATE;COLGATE;B;SUBIR PREÇO;0.9254761904761857;23.31441348469216;2.25916666666667;9.69;1.3000000000000007;13.415892672858625;8.73083333333333;0.95916666666667;9.89852081183354;🟢 Ganho Rápido;🟡 Média;Avaliar aumento de preço com baixo risco competitivo.;3
7899706244121;ELSEVE SH PURE HIALURONICO 200ML;18.99;1;ZANOL E THOMAZ LTDA;Zanol e Thomaz;16.75;MATEUS SUPERMERCADOS SA;Mateus Super Rcados;8.0;SH ELSEVE PURE HIALURONICO 200ML;LOREAL;ELSEVE;B;MANTER;-0.497619047618997;32.07960199004955;5.373333333333299;20.72;2.2399999999999984;13.3731343283582;13.6166666666667;3.133333333333301;18.70646766169135;🟡 Atenção Competitiva;🟡 Média;Monitorar e comparar histórico antes de ajustar.;3
7896685303467;IMUNOGLUCAN DS 30CAPS;91.64999999999999;3;ZANOL E THOMAZ LTDA;Zanol e Thomaz;80.89;TRIANGULO DROGARIA LTDA;Triangulo;22.0;IMUNOGLUCAN DS 30CAPS;HEBRON;IMUNOGLUCAN DS;B;SUBIR PREÇO URGENTE;45.45285714285714;-9.333662999134622;-7.549999999999997;89.34428571428572;10.759999999999991;13.302015082210398;99.19999999999999;-18.309999999999988;-22.63567808134502;🟢 Ganho Rápido;🟡 Média;Avaliar aumento de preço com baixo risco competitivo.;3
7891721022579;GLIFAGE XR 1000G 30CPR;44.82;3;ZANOL E THOMAZ LTDA;Zanol e Thomaz;39.79;RAIADROGASIL SA;Drogasil;25.0;GLIFAGE XR 1 G 30 S;MERCK;GLIFAGE XR;A;SUBIR PREÇO URGENTE;22.11714285714287;-8.909273686855999;-3.545000000000002;39.79;5.030000000000001;12.641367177682838;48.365;-8.575000000000003;-21.550640864538835;🟢 Ganho Rápido;🟡 Média;Avaliar aumento de preço com baixo risco competitivo.;3
7622300988470;LACTA CHOC BIS XTRA AO LEITE 45GR UN;4.49;6;ZANOL E THOMAZ LTDA;Zanol e Thomaz;3.99;TRIANGULO DROGARIA LTDA;Triangulo;23.0;LACTA CHOC BIS XTRA AO LEITE 45GR UN;LACTA;LACTA;B;SUBIR PREÇO URGENTE;1.6022619047619;1.890142021721053;0.07541666666667002;4.406666666666667;0.5;12.531328320802004;4.41458333333333;-0.42458333333333;-10.641186299080951;🟢 Ganho Rápido;🟡 Média;Avaliar aumento de preço com baixo risco competitivo.;3
7891010973483;SEMPRE LIVRE ABS SUAVE ESP C/AB L8 P7;4.49;3;ZANOL E THOMAZ LTDA;Zanol e Thomaz;3.99;FARMACIA MODERNA LTDA.;Moderna .;23.0;SEMPRE LIVRE ADAPT SUAVE C/A L8P7;KENVUE;SEMPRE LIVRE;A;SUBIR PREÇO;0.1302380952380995;27.71512113617369;1.10583333333333;3.99;0.5;12.531328320802004;3.3841666666666703;0.6058333333333299;15.183792815371675;🟢 Ganho Rápido;🟡 Média;Avaliar aumento de preço com baixo risco competitivo.;3
7896007540600;INTIMUS ABS TRIPLA PROT SUAVE S/ABAS C/8;4.49;1;ZANOL E THOMAZ LTDA;Zanol e Thomaz;3.99;Carro Chefe Comercio de Alimentos Ltda - Me;Carro Chefe De;17.0;ABS INTIMUS GEL SUAVE S ABAS 8UN;KIMBERLY CLARK;INTIMUS;B;SUBIR PREÇO URGENTE;1.184285714285714;9.223057644110282;0.3680000000000003;3.99;0.5;12.531328320802004;4.122;-0.13199999999999967;-3.3082706766917207;🟢 Ganho Rápido;🟡 Média;Avaliar aumento de preço com baixo risco competitivo.;3
7500435252942;DOWNY AMAC BRISA DE VERAO 350ML;8.99;2;ZANOL E THOMAZ LTDA;Zanol e Thomaz;7.99;TRIANGULO DROGARIA LTDA;Triangulo;9.0;DOWNY AMAC BRISA DE VERAO 350ML;PROCTER GAMBLE;DOWNY;B;SUBIR PREÇO URGENTE;1.852857142857143;13.76720901126409;1.100000000000001;8.39;1.0;12.51564455569462;7.889999999999999;0.10000000000000142;1.2515644555694796;🟢 Ganho Rápido;🟡 Média;Avaliar aumento de preço com baixo risco competitivo.;3
7622210674319;LACTA CHOC TAB LAKA TRAD 80GR UN;8.99;6;ZANOL E THOMAZ LTDA;Zanol e Thomaz;7.99;MATEUS SUPERMERCADOS SA;Mateus Super Rcados;18.0;CHOC LACTA BR LAKA AO LEITE 80G;LACTA;LACTA;B;SUBIR PREÇO URGENTE;3.540756302521014;1.673949579831892;0.1464705882352906;9.314;1.0;12.51564455569462;8.84352941176471;-0.8535294117647094;-10.682470735478216;🟢 Ganho Rápido;🟡 Média;Avaliar aumento de preço com baixo risco competitivo.;3
7896311768332;IM PROTEIN CRISP BAR INTEGRAL LEITE NINHO/AVELA 45G;8.99;8;ZANOL E THOMAZ LTDA;Zanol e Thomaz;7.99;TRIANGULO DROGARIA LTDA;Triangulo;29.0;IM PROTEIN CRISP BAR INTEGRAL LEITE NINHO/AVELA 45G;INTEGRALMEDICA;PROTEIN CRISP;B;SUBIR PREÇO URGENTE;2.367142857142857;9.26157697121402;0.7400000000000002;8.95551724137931;1.0;12.51564455569462;8.25;-0.2599999999999998;-3.254067584480598;🟢 Ganho Rápido;🟡 Média;Avaliar aumento de preço com baixo risco competitivo.;3
7908966527155;ELSEVE SH COLAGENO LIFTER 400ML;31.49;1;ZANOL E THOMAZ LTDA;Zanol e Thomaz;27.99;MATEUS SUPERMERCADOS SA;Mateus Super Rcados;4.0;ELSEVE SH COLAGENO LIFTER 400ML;LOREAL;ELSEVE;A;MANTER;-1.089999999999996;32.42299142584947;10.21;31.49;3.5;12.50446588067167;21.279999999999998;6.710000000000001;23.97284744551626;🟡 Atenção Competitiva;🟡 Média;Monitorar e comparar histórico antes de ajustar.;3
7891317465650;SELENE 63CPR;55.99;4;ZANOL E THOMAZ LTDA;Zanol e Thomaz;49.79;RAIADROGASIL SA;Drogasil;25.0;SELENE 3X21S;EUROFARMA;SELENE;A;SUBIR PREÇO URGENTE;39.75489795918372;-25.8916018707142;-12.8914285714286;49.79;6.200000000000003;12.452299658565984;68.8814285714286;-19.0914285714286;-38.343901529280174;🟢 Ganho Rápido;🟡 Média;Avaliar aumento de preço com baixo risco competitivo.;3
602883736917;TOPWAY CREATINA 100 PURA 210G;63.99;2;ZANOL E THOMAZ LTDA;Zanol e Thomaz;56.99;TRIANGULO DROGARIA LTDA;Triangulo;6.0;TOPWAY CREATINA 100 PURA 210G;ABSOLUT NUTRITION;TOP WAY;C;SUBIR PREÇO URGENTE;10.06714285714286;17.6346727496052;10.05;60.49;7.0;12.282856641516055;53.94;3.0500000000000043;5.351816108089145;🟢 Ganho Rápido;🟡 Média;Avaliar aumento de preço com baixo risco competitivo.;3
7898656390230;MAMYPOKO FRD DIA&NOITE CALCA MEGA XXG C/22;45.99;6;ZANOL E THOMAZ LTDA;Zanol e Thomaz;41.0;TRIANGULO DROGARIA LTDA;Triangulo;37.0;MAMYPOKO FRD DIA&NOITE CALCA MEGA XXG C/22;UNICHARM;MAMYPOKO;A;SUBIR PREÇO URGENTE;26.42857142857143;-15.1219512195122;-6.200000000000003;45.8340625;4.990000000000002;12.170731707317078;52.190000000000005;-11.190000000000005;-27.292682926829283;🟢 Ganho Rápido;🟡 Média;Avaliar aumento de preço com baixo risco competitivo.;3
7896006201779;PREDNISOLONA 3MG/ML 60ML+SER UNIAO QUIMICA;18.99;3;ZANOL E THOMAZ LTDA;Zanol e Thomaz;17.0;MASSOLI  DIAS MEDICAMENTOS LTDA;Massoli Dias;10.0;FOSF PREDNISOLONA 3MGML FR 60MLSER DOS;UNIAO QUIMICA;FOSF SODICO PREDNISOLONA;B;MANTER;-4.435714285714285;48.26470588235294;8.205;17.0;1.9899999999999984;11.705882352941167;10.784999999999998;6.215000000000002;36.558823529411775;🟡 Atenção Competitiva;🟡 Média;Monitorar e comparar histórico antes de ajustar.;3
736532824844;PRINCIPIA AH-2 - SERUM 2% ACIDOS HIALURONICOS+VIT B5 30ML;49.99;2;ZANOL E THOMAZ LTDA;Zanol e Thomaz;44.8;RAIADROGASIL SA;Drogasil;12.0;PRINCIPIA AH-2 - SERUM 2% ACIDOS HIALURONICOS+VIT B5 30ML;PRINCIPIA;PRINCIPIA;B;SUBIR PREÇO URGENTE;9.438571428571436;16.78335667133427;8.39;49.99;5.190000000000005;11.58482142857144;41.6;3.1999999999999957;7.142857142857134;🟢 Ganho Rápido;🟡 Média;Avaliar aumento de preço com baixo risco competitivo.;3
7899420508653;MULTI BI 335MG 30CAPS;283.07;1;ZANOL E THOMAZ LTDA;Zanol e Thomaz;253.7;RAIADROGASIL S.A.;Drogasil;5.0;MULTI BI PROB 495MG 30;SUPERA RX;MULTI BI;B;MANTER;-7.189999999999998;31.78544822448473;89.6;281.89;29.370000000000005;11.576665352778875;193.47;60.22999999999999;23.74063854946787;🟡 Atenção Competitiva;🟡 Média;Monitorar e comparar histórico antes de ajustar.;3
7898639692948;G-TECH APARELHO DE PRESSAO AUT PULSO GP400;99.99;2;ZANOL E THOMAZ LTDA;Zanol e Thomaz;89.99;TRIANGULO DROGARIA LTDA;Triangulo;16.0;G-TECH APARELHO DE PRESSAO AUT PULSO GP400;ACCUMED;G-TECH;A;SUBIR PREÇO;6.343134920634867;25.06590238421558;22.5568055555556;97.49;10.0;11.1123458162018;77.4331944444444;12.556805555555599;13.953556568013777;🟢 Ganho Rápido;🟡 Média;Avaliar aumento de preço com baixo risco competitivo.;3
7891721201806;GLIFAGE XR 500MG 30CPR;7.989999999999999;6;ZANOL E THOMAZ LTDA;Zanol e Thomaz;7.2;EMPREENDIMENTOS PAGUE MENOS S/A;Pague Menos;61.0;GLIFAGE XR 500MG CPD;MERCK;GLIFAGE XR;A;SUBIR PREÇO URGENTE;4.041391941391944;-9.291310541310555;-0.66897435897436;7.2;0.7899999999999991;10.972222222222209;8.658974358974358;-1.4589743589743582;-20.26353276353275;🟢 Ganho Rápido;🟡 Média;Avaliar aumento de preço com baixo risco competitivo.;3
7898949409625;CICATRICURE GEL CICATRIZES ESTRIAS 30GR;33.49;2;ZANOL E THOMAZ LTDA;Zanol e Thomaz;30.19;RAIADROGASIL SA;Drogasil;14.0;CICATRICURE GEL 30G;GENOMMA;CICATRICURE;B;MANTER;-5.035714285714285;41.67605167273932;12.582;30.19;3.3000000000000007;10.930771778734682;20.908;9.282;30.745279894004636;🟡 Atenção Competitiva;🟡 Média;Monitorar e comparar histórico antes de ajustar.;3
7891150045316;DOVE BABY SH CAB CLAROS 200ML;15.49;5;ZANOL E THOMAZ LTDA;Zanol e Thomaz;13.99;POSTERUS SUPERMERCADOS LTDA;Posterus Super Rcados;22.0;SH DOVE BABY CAB CLAROS ENRIQ 200ML;UNILEVER;BABY DOVE;B;MANTER;-0.06142857142857139;30.30736240171551;4.24;17.27363636363636;1.5;10.72194424588992;11.25;2.74;19.58541815582559;🟡 Atenção Competitiva;🟡 Média;Monitorar e comparar histórico antes de ajustar.;3
7896235354017;PAIXAO OLEO CORP INSPIR ROSAS BCAS 100ML;15.99;2;ZANOL E THOMAZ LTDA;Zanol e Thomaz;14.45;EAN COMERCIO DE COSMETICOS LTDA;Ean De;20.0;OLEO PAIXAO CORP ROSA BRANCA 100ML - UN;COTY;PAIXAO;B;MANTER;-2.135714285714286;40.34602076124568;5.83;14.45;1.540000000000001;10.657439446366789;10.16;4.289999999999999;29.68858131487889;🟡 Atenção Competitiva;🟡 Média;Monitorar e comparar histórico antes de ajustar.;3
7908448005683;DABELLE GELATINA JUJUBA UVA 500G;23.99;2;ZANOL E THOMAZ LTDA;Zanol e Thomaz;21.69;EAN COMERCIO DE COSMETICOS LTDA;Ean De;2.0;GELAT DABELLE JUJUBA DE UVA 500G - UN;DUTY COSMETICOS;DABELLE;C;MANTER;-3.675714285714285;41.86260949746428;9.080000000000002;21.69;2.299999999999997;10.60396496081142;14.909999999999997;6.780000000000005;31.25864453665286;🟡 Atenção Competitiva;🟡 Média;Monitorar e comparar histórico antes de ajustar.;3
7896094922426;NESINA MET 12.5/1000 60CPR;149.47;4;ZANOL E THOMAZ LTDA;Zanol e Thomaz;135.36;IMIFARMA PRODU FARMACEU E COSMETIC S.A;Imifarma Produ Farmaceu;31.0;NESINA MET 12,5MG+10;HYPERA PP;NESINA MET;A;SUBIR PREÇO URGENTE;72.13464285714286;-7.30367169030732;-9.88624999999999;135.36;14.109999999999985;10.424054373522447;159.35625;-23.996249999999975;-17.727726063829767;🟢 Ganho Rápido;🟡 Média;Avaliar aumento de preço com baixo risco competitivo.;3
8903855076034;AZUKON MR 30 MG C/ 60 CP;37.58;1;ZANOL E THOMAZ LTDA;Zanol e Thomaz;34.16;RAIADROGASIL S.A.;Drogasil;12.0;AZUKON MR 30MG 60'S;TORRENT DO BRASIL;AZUKON MR;B;SUBIR PREÇO URGENTE;11.51857142857143;6.39637002341919;2.184999999999995;35.19;3.4200000000000017;10.011709601873541;35.395;-1.2350000000000065;-3.6153395784543516;🟢 Ganho Rápido;🟡 Média;Avaliar aumento de preço com baixo risco competitivo.;3
7898966448409;BEBE LIMPINHO TOALHA UMED PREMIUM C/140;10.99;4;ZANOL E THOMAZ LTDA;Zanol e Thomaz;9.99;BRASIFARMA COMERCIO DE MEDICAMENTOS LTDA;Brasifarma;31.0;TOALHA BEBE LIMPINHO PREMIUM C140;CIMED;BEBE LIMPINHO;A;SUBIR PREÇO;0.338571428571429;27.62762762762762;2.76;10.32333333333333;1.0;10.01001001001001;8.23;1.7599999999999998;17.617617617617615;🟢 Ganho Rápido;🟡 Média;Avaliar aumento de preço com baixo risco competitivo.;3
7898639690975;G-TECH NEBULIZADOR COMPACT DC1;109.99;4;ZANOL E THOMAZ LTDA;Zanol e Thomaz;99.99;TRIANGULO DROGARIA LTDA;Triangulo;13.0;G-TECH NEBULIZADOR COMPACT DC1;ACCUMED;G-TECH;A;SUBIR PREÇO URGENTE;15.93857142857145;18.84188418841883;18.83999999999999;107.8471428571429;10.0;10.001000100010002;91.15;8.83999999999999;8.840884088408831;🟢 Ganho Rápido;🟡 Média;Avaliar aumento de preço com baixo risco competitivo.;3
7898610077955;CORPO DOURADO KIT BANHO DE LUA CAMOMILA;22.99;3;ZANOL E THOMAZ LTDA;Zanol e Thomaz;20.9;BRASIFARMA COMERCIO DE MEDICAMENTOS LTDA;Brasifarma;2.0;BANHO DE LUA CAMOMILA KIT CORPO DOURADO;CORPO DOURADO COSMETICOS;CORPO DOURADO;B;MANTER;-1.042857142857141;33.49282296650717;6.999999999999998;20.9;2.09;10.0;15.99;4.909999999999998;23.49282296650717;🟡 Atenção Competitiva;🟡 Média;Monitorar e comparar histórico antes de ajustar.;3
7891000383063;MUCILON PIPOQUINHA MILHO 35G;5.99;2;ZANOL E THOMAZ LTDA;Zanol e Thomaz;5.45;POSTERUS SUPERMERCADOS LTDA;Posterus Super Rcados;14.0;MUCILON PIPOQUINHA MILHO 35G;NESTLE;MUCILON;B;MANTER;-1.345555555555557;45.7243554071601;2.73888888888889;5.99;0.54;9.908256880733946;3.2511111111111104;2.19888888888889;40.346585117227335;🟡 Atenção Competitiva;🟡 Média;Monitorar e comparar histórico antes de ajustar.;3
78931633;DOVE DES ROLLON ORIGINAL 30ML;7.989999999999999;3;ZANOL E THOMAZ LTDA;Zanol e Thomaz;7.27;EAN COMERCIO DE COSMETICOS;Ean De;23.0;DES ROLL DOVE COMP FEM ORIGIN 30ML;UNILEVER;DOVE;B;MANTER;-0.8256613756613707;37.86344167296544;2.78296296296296;7.35;0.7199999999999998;9.903713892709764;5.20703703703704;2.06296296296296;28.376381883947175;🟡 Atenção Competitiva;🟡 Média;Monitorar e comparar histórico antes de ajustar.;3
7891037000322;SEDA CP CACHOS PERFEITO 300ML;9.99;3;ZANOL E THOMAZ LTDA;Zanol e Thomaz;9.09;POSTERUS SUPERMERCADOS LTDA;Posterus Super Rcados;23.0;SEDA CP CACHOS PERFEITO 300ML;UNILEVER;SEDA;B;SUBIR PREÇO URGENTE;1.852857142857141;17.01701701701703;1.700000000000001;9.99;0.9000000000000004;9.900990099009906;8.29;0.8000000000000007;8.800880088008808;🟢 Ganho Rápido;🟡 Média;Avaliar aumento de preço com baixo risco competitivo.;3
7891037010048;SEDA CP LISO PERFEITO 300ML;9.99;3;ZANOL E THOMAZ LTDA;Zanol e Thomaz;9.09;MATEUS SUPERMERCADOS SA;Mateus Super Rcados;28.0;SEDA CP LISO PERFEITO 300ML;UNILEVER;SEDA;B;MANTER;-0.5899999999999999;34.13413413413414;3.41;9.99;0.9000000000000004;9.900990099009906;6.58;2.51;27.61276127612761;🟡 Atenção Competitiva;🟡 Média;Monitorar e comparar histórico antes de ajustar.;3
7898422745301;SEDA CP PRETOS LUMINOSOS 300ML;9.99;4;ZANOL E THOMAZ LTDA;Zanol e Thomaz;9.09;MATEUS SUPERMERCADOS SA;Mateus Super Rcados;17.0;SEDA CP PRETOS LUMINOSOS 300ML;UNILEVER;SEDA;B;MANTER;-0.5852380952380987;34.1007674341008;3.40666666666667;9.99;0.9000000000000004;9.900990099009906;6.58333333333333;2.5066666666666695;27.576090942427605;🟡 Atenção Competitiva;🟡 Média;Monitorar e comparar histórico antes de ajustar.;3
7891106904582;QLAIRA 28CPR;58.5;6;ZANOL E THOMAZ LTDA;Zanol e Thomaz;53.23;RAIADROGASIL S.A.;Drogasil;22.0;QLAIRA 28'S;BIOLAB;QLAIRA;A;SUBIR PREÇO URGENTE;35.24733990147786;-16.35194050541894;-8.704137931034502;54.846;5.270000000000003;9.900432087168896;67.2041379310345;-13.974137931034498;-26.252372592587825;🟢 Ganho Rápido;🟡 Média;Avaliar aumento de preço com baixo risco competitivo.;3
7891010035631;SEMPRE LIVRE ABS NOTURNO C/ABAS;10.99;1;ZANOL E THOMAZ LTDA;Zanol e Thomaz;10.0;Carro Chefe Comercio de Alimentos Ltda - Me;Carro Chefe De;20.0;ABS SEMPRE LIVRE NOT C ABAS C 8;KENVUE;SEMPRE LIVRE;A;MANTER;-0.2362637362637425;31.6538461538462;3.16538461538462;10.0;0.9900000000000002;9.900000000000002;7.82461538461538;2.17538461538462;21.753846153846197;🟡 Atenção Competitiva;🟡 Média;Monitorar e comparar histórico antes de ajustar.;3
7891721201530;GLIFAGE XR 850MG 30CPR LIB PROL;33.13;5;ZANOL E THOMAZ LTDA;Zanol e Thomaz;30.15;RAIADROGASIL SA;Drogasil;31.0;GLIFAGE XR 850MG 30S;MERCK;GLIFAGE XR;A;SUBIR PREÇO URGENTE;14.49365079365086;-3.650267182605643;-1.100555555555601;30.15;2.980000000000004;9.883913764510794;34.230555555555604;-4.0805555555556055;-13.534180947116436;🟢 Ganho Rápido;🟡 Média;Avaliar aumento de preço com baixo risco competitivo.;3
7894916500746;SUCRAFILM 2G 20FLAC 10ML;91.99;7;ZANOL E THOMAZ LTDA;Zanol e Thomaz;83.79;RAIADROGASIL SA;Drogasil;35.0;SUCRAFILM 2G 20X10ML;EMS;SUCRAFILM;A;SUBIR PREÇO URGENTE;43.212380952381;-6.100568882523801;-5.111666666666693;84.30333333333334;8.199999999999989;9.786370688626315;97.10166666666669;-13.311666666666682;-15.886939571150114;🟢 Ganho Rápido;🟡 Média;Avaliar aumento de preço com baixo risco competitivo.;3
7891317026554;BEDOZE 5MG SOL 2AMP 1ML;37.99;2;ZANOL E THOMAZ LTDA;Zanol e Thomaz;34.67;TRIANGULO DROGARIA LTDA;Triangulo;9.0;BEDOZE 5MG SOL 2AMP 1ML;EUROFARMA;BEDOZE;A;SUBIR PREÇO URGENTE;11.27924812030071;7.226784873924149;2.505526315789503;37.25222222222223;3.3200000000000003;9.576002307470436;35.4844736842105;-0.8144736842104976;-2.3492174335462868;🟢 Ganho Rápido;🟡 Média;Avaliar aumento de preço com baixo risco competitivo.;3
7896094915107;BENEGRIP 500MG 12CPR;21.72;2;ZANOL E THOMAZ LTDA;Zanol e Thomaz;19.84;IMIFARMA PRODU FARMACEU E COSMETIC S.A;Imifarma Produ Farmaceu;15.0;BENEGRIP CPD/12;HYPERA CH;BENEGRIP;A;SUBIR PREÇO URGENTE;11.94571428571429;-12.14717741935484;-2.41;19.84;1.879999999999999;9.475806451612899;24.13;-4.289999999999999;-21.622983870967737;🟢 Ganho Rápido;🟡 Média;Avaliar aumento de preço com baixo risco competitivo.;3
7500435260329;PANTENE CD MOLECULAR BOND REPAIR 150ML;19.99;2;ZANOL E THOMAZ LTDA;Zanol e Thomaz;18.33;EAN COMERCIO DE COSMETICOS LTDA;Ean De;9.0;COND PANTENE MOLECULAR BOND REPAIR 150ML - UN;PROCTER GAMBLE;PANTENE;B;SUBIR PREÇO;0.4628571428571462;28.23240589198036;5.174999999999999;18.33;1.6600000000000001;9.05619203491544;14.815;3.514999999999999;19.176213857064916;🟢 Ganho Rápido;🟡 Média;Avaliar aumento de preço com baixo risco competitivo.;3
7896094921429;BUSCOPAN SIMPLES 20DRG;21.220000000000002;6;ZANOL E THOMAZ LTDA;Zanol e Thomaz;19.46;TRIANGULO DROGARIA LTDA;Triangulo;24.0;BUSCOPAN SIMPLES 20DRG;HYPERA CH;BUSCOPAN;A;SUBIR PREÇO URGENTE;11.27571428571429;-10.5601233299075;-2.055;20.2344;1.7600000000000016;9.044193216855096;23.275000000000002;-3.8150000000000013;-19.604316546762597;🟢 Ganho Rápido;🟡 Média;Avaliar aumento de preço com baixo risco competitivo.;3
3662042000058;HYABAK 10ML COL;68.3;7;ZANOL E THOMAZ LTDA;Zanol e Thomaz;62.69;TRIANGULO DROGARIA LTDA;Triangulo;48.0;HYABAK 10ML COL;GENOM;HYABAK;A;SUBIR PREÇO URGENTE;18.44831168831173;9.400513348511396;5.893181818181795;67.365;5.609999999999999;8.948795661189981;62.4068181818182;0.2831818181817951;0.45171768732141504;🟢 Ganho Rápido;🟡 Média;Avaliar aumento de preço com baixo risco competitivo.;3
7894916516013;TORAGESIC SL 10MG 20CPR;35.95;4;ZANOL E THOMAZ LTDA;Zanol e Thomaz;33.04;RAIADROGASIL SA;Drogasil;27.0;TORAGESIC 10MG 20'S BL;EMS;TORAGESIC;A;SUBIR PREÇO URGENTE;5.375476190476149;18.61127925746579;6.149166666666698;33.04;2.9100000000000037;8.807506053268776;29.800833333333305;3.2391666666666943;9.803773204197016;🟢 Ganho Rápido;🟡 Média;Avaliar aumento de preço com baixo risco competitivo.;3
7891317025786;CIPROFIBRATO 100MG 30CPR EURO;29.99;2;ZANOL E THOMAZ LTDA;Zanol e Thomaz;27.6;BRASIFARMA COMERCIO DE MEDICAMENTOS LTDA;Brasifarma;9.0;GEN CIPROFIBRATO 100MG C30 CPR.;EUROFARMA;CIPROFIBRATO;B;MANTER;-0.573015873015855;31.45330112721413;8.6811111111111;27.6;2.389999999999997;8.659420289855062;21.308888888888898;6.291111111111103;22.79388083735907;🟡 Atenção Competitiva;🟡 Média;Monitorar e comparar histórico antes de ajustar.;3
7891317446819;CICLOBENZAPRINA 5MG 15CPR EURO;13.72;4;ZANOL E THOMAZ LTDA;Zanol e Thomaz;12.66;TRIANGULO DROGARIA LTDA;Triangulo;19.0;CICLOBENZAPRINA 5MG 15CPR EURO;EUROFARMA;CLORID CICLOBENZAPRINA;B;COMPETITIVO;-5.395714285714285;59.83412322274881;7.575;13.54333333333333;1.0600000000000005;8.372827804107429;6.1450000000000005;6.515;51.461295418641384;🟡 Atenção Competitiva;🟡 Média;Monitorar e comparar histórico antes de ajustar.;3
7898148295159;IBUPROFENO 600MG 20CPR PRATI;12.99;6;ZANOL E THOMAZ LTDA;Zanol e Thomaz;11.99;TRIANGULO DROGARIA LTDA;Triangulo;36.0;IBUPROFENO 600MG 20CPR PRATI;PRATI DONADUZZI;IBUPROFENO;A;COMPETITIVO;-4.738268398268399;57.6629514494402;6.91378787878788;12.91592592592593;1.0;8.340283569641366;6.07621212121212;5.91378787878788;49.32266787979883;🟡 Atenção Competitiva;🟡 Média;Monitorar e comparar histórico antes de ajustar.;3
7896004712147;DEXAMETASONA 4MG 10CPR EMS;11.48;2;ZANOL E THOMAZ LTDA;Zanol e Thomaz;10.6;TRIANGULO DROGARIA LTDA;Triangulo;10.0;DEXAMETASONA 4MG 10CPR EMS;EMS;DEXAMETASONA;A;COMPETITIVO;-3.137714285714284;50.72075471698113;5.376399999999999;11.304;0.8800000000000008;8.301886792452837;6.103600000000001;4.496399999999999;42.41886792452829;🟡 Atenção Competitiva;🟡 Média;Monitorar e comparar histórico antes de ajustar.;3
7896004721903;DEXAMETASONA CR DERM 10G EMS;9.82;1;ZANOL E THOMAZ LTDA;Zanol e Thomaz;9.07;TRIANGULO DROGARIA LTDA;Triangulo;7.0;DEXAMETASONA CR DERM 10G EMS;EMS;ACET DEXAMETASONA;A;COMPETITIVO;-4.733369963369957;66.53096994883097;6.03435897435897;9.72625;0.75;8.26901874310915;3.7856410256410307;5.28435897435897;58.26195120572183;🟡 Atenção Competitiva;🟡 Média;Monitorar e comparar histórico antes de ajustar.;3
7898148294596;DEXAMETASONA CR DERM 10G PRATI;9.69;1;ZANOL E THOMAZ LTDA;Zanol e Thomaz;8.95;TRIANGULO DROGARIA LTDA;Triangulo;8.0;DEXAMETASONA CR DERM 10G PRATI;PRATI DONADUZZI;ACET DEXAMETASONA;B;COMPETITIVO;-4.542857142857142;65.53072625698324;5.864999999999999;9.525555555555554;0.7400000000000002;8.268156424581008;3.825;5.124999999999999;57.262569832402235;🟡 Atenção Competitiva;🟡 Média;Monitorar e comparar histórico antes de ajustar.;3
7896422504812;CLOTRIMAZOL CRE DERM 20G MEDLEY;12.45;5;ZANOL E THOMAZ LTDA;Zanol e Thomaz;11.5;TRIANGULO DROGARIA LTDA;Triangulo;16.0;CLOTRIMAZOL CRE DERM 20G MEDLEY;SANOFI-MEDLEY;CLOTRIMAZOL;B;COMPETITIVO;-5.126488095238099;61.20471014492757;7.03854166666667;12.271875;0.9499999999999993;8.260869565217385;5.4114583333333295;6.0885416666666705;52.94384057971018;🟡 Atenção Competitiva;🟡 Média;Monitorar e comparar histórico antes de ajustar.;3
7898931019269;CONFORT MASTER FRD INCONT ECON G C/30;91.99;2;ZANOL E THOMAZ LTDA;Zanol e Thomaz;84.99;TRIANGULO DROGARIA LTDA;Triangulo;4.0;CONFORT MASTER FRD INCONT ECON G C/30;;;;SEM CUSTO;;;;88.49;7.0;8.236263089775269;;;;🟠 Produto Sem Custo;🟡 Média;Regularizar custo/cadastro antes da decisão.;3
7894916513661;NIVUX 100+20MG 12CPR;55.65;6;ZANOL E THOMAZ LTDA;Zanol e Thomaz;51.42;RAIADROGASIL S.A.;Drogasil;26.0;NIVUX 100MG+20MG 12'S;EMS;NIVUX;A;SUBIR PREÇO URGENTE;16.71012422360243;7.251872896690588;3.7289130434783;51.92;4.229999999999997;8.226371061843635;51.9210869565217;-0.5010869565216964;-0.9744981651530463;🟢 Ganho Rápido;🟡 Média;Avaliar aumento de preço com baixo risco competitivo.;3
7896641808982;DEXILANT 30MG 30CPR;101.14;1;ZANOL E THOMAZ LTDA;Zanol e Thomaz;93.49;RAIADROGASIL S.A.;Drogasil;12.0;DEXILANT 30MG 30S;TAKEDA;DEXILANT;A;SUBIR PREÇO URGENTE;60.45444444444429;-14.55006959796927;-13.82111111111101;94.99;7.650000000000006;8.182693336185695;114.96111111111101;-21.471111111111014;-22.96621147835171;🟢 Ganho Rápido;🟡 Média;Avaliar aumento de preço com baixo risco competitivo.;3
78907850;PAIXAO LOC HID INSPIRADORA 200ML;10.99;3;ZANOL E THOMAZ LTDA;Zanol e Thomaz;10.16;EAN COMERCIO DE COSMETICOS LTDA - CN;Ean De -;22.0;HID. PAIXAO CORP. INSPIRADORA 200ML - UN;COTY;PAIXAO;B;MANTER;-0.8885714285714279;36.12204724409448;3.67;10.554;0.8300000000000001;8.169291338582678;7.32;2.84;27.95275590551181;🟡 Atenção Competitiva;🟡 Média;Monitorar e comparar histórico antes de ajustar.;3
7891317015060;KOIDE D XPE 120ML;40.87;7;ZANOL E THOMAZ LTDA;Zanol e Thomaz;37.79;RAIADROGASIL S.A.;Drogasil;48.0;KOIDE D XAROPE 120ML;EUROFARMA;KOIDE D;A;SUBIR PREÇO URGENTE;21.59639455782315;-9.174594948111423;-3.540476190476198;43.74333333333334;3.0799999999999983;8.150304313310395;44.410476190476196;-6.620476190476197;-17.519121964742514;🟢 Ganho Rápido;🟡 Média;Avaliar aumento de preço com baixo risco competitivo.;3
7899547543902;PARACETAMOL BLISTER 750MG 10CPR PRATI;3.99;6;ZANOL E THOMAZ LTDA;Zanol e Thomaz;3.69;TRIANGULO DROGARIA LTDA;Triangulo;38.0;PARACETAMOL 750MG 30X10 CPS REV  OUT PARACETAMOL   ND;;;;SEM CUSTO;;;;5.0;0.30000000000000027;8.130081300813014;;;;🟠 Produto Sem Custo;🟡 Média;Regularizar custo/cadastro antes da decisão.;3
7891317004293;PREDNISOLONA 5MG 10CPR EURO;7.55;6;ZANOL E THOMAZ LTDA;Zanol e Thomaz;6.99;BRASIFARMA COMERCIO DE MEDICAMENTOS LTDA;Brasifarma;20.0;GEN PREDNISOLONA 5MG 10CPR;EUROFARMA;PREDNISOLONA;B;COMPETITIVO;-2.91;59.14163090128756;4.134;6.99;0.5599999999999996;8.01144492131616;3.4159999999999995;3.5740000000000007;51.1301859799714;🟡 Atenção Competitiva;🟡 Média;Monitorar e comparar histórico antes de ajustar.;3
7500435132527;PAMPERS FRD PREM CARE RN ATE 6KG C/20;35.62636363636364;11;ZANOL E THOMAZ LTDA;Zanol e Thomaz;32.99;TRIANGULO DROGARIA LTDA;Triangulo;49.0;PAMPERS FRD PREM CARE RN ATE 6KG C/20;PROCTER GAMBLE;PAMPERS;A;SUBIR PREÇO URGENTE;6.052857142857142;17.1567141558048;5.660000000000004;35.87461538461538;2.6363636363636402;7.991402353330221;29.96636363636364;3.0236363636363635;9.165311802474578;🟢 Ganho Rápido;🟡 Média;Avaliar aumento de preço com baixo risco competitivo.;3
7896150017264;YAMA DESC AG OX CR 40V 100ML;4.49;4;ZANOL E THOMAZ LTDA;Zanol e Thomaz;4.16;EAN COMERCIO DE COSMETICOS;Ean De;14.0;AGUA OX YAMA VOL 40 100ML(NOVA) - UN;YAMA;YAMA;B;SUBIR PREÇO;0.4542857142857146;22.35576923076923;0.9300000000000002;4.66;0.33000000000000007;7.932692307692308;3.56;0.6000000000000001;14.423076923076925;🟢 Ganho Rápido;🟡 Média;Avaliar aumento de preço com baixo risco competitivo.;3
7891025123491;DANONE APTAMIL PROFUTURA GOLD 1 800GR;125.98999999999998;10;ZANOL E THOMAZ LTDA;Zanol e Thomaz;116.99;TRIANGULO DROGARIA LTDA;Triangulo;54.0;DANONE APTAMIL PROFUTURA GOLD 1 800GR;DANONE;APTAMIL 1;A;SUBIR PREÇO URGENTE;33.01000000000001;10.24873920847935;11.98999999999999;125.2976923076923;8.999999999999986;7.692965210701757;113.99999999999999;2.990000000000009;2.5557739977775955;🟢 Ganho Rápido;🟡 Média;Avaliar aumento de preço com baixo risco competitivo.;3
7500435142243;PANTENE CT RESTAURACAO 270ML;25.99;3;ZANOL E THOMAZ LTDA;Zanol e Thomaz;24.24;EAN COMERCIO DE COSMETICOS LTDA - CN;Ean De -;9.0;MASC PANTENE RESTAURACAO 270ML - UN;PROCTER GAMBLE;PANTENE;B;SUBIR PREÇO URGENTE;4.760000000000005;16.25412541254125;3.939999999999998;25.47333333333333;1.75;7.2194719471947195;22.05;2.1899999999999977;9.034653465346526;🟢 Ganho Rápido;🟡 Média;Avaliar aumento de preço com baixo risco competitivo.;3
7891000369159;MUCILON SNACK MORANGO BANANA 35G;5.99;2;ZANOL E THOMAZ LTDA;Zanol e Thomaz;5.59;MATEUS SUPERMERCADOS S.A. - MIX MARABA;Mateus Super Rcados;13.0;BISC INF NESTLE MUCILON MGO BANANA 35G;NESTLE;MUCILON;B;MANTER;-0.9471428571428566;41.86046511627907;2.34;5.59;0.40000000000000036;7.155635062611814;3.6500000000000004;1.9399999999999995;34.70483005366726;🟡 Atenção Competitiva;🟡 Média;Monitorar e comparar histórico antes de ajustar.;3
7896061990878;BABYSEC FRD SHORT HIPER XXG C/42;74.99;4;ZANOL E THOMAZ LTDA;Zanol e Thomaz;69.99;TRIANGULO DROGARIA LTDA;Triangulo;23.0;BABYSEC FRD SHORT HIPER XXG C/42;SOFTYS;BABYSEC;A;SUBIR PREÇO URGENTE;14.15285714285716;15.84512073153307;11.09;74.75470588235294;5.0;7.143877696813831;63.89999999999999;6.090000000000003;8.701243034719251;🟢 Ganho Rápido;🟡 Média;Avaliar aumento de preço com baixo risco competitivo.;3
7896061990892;BABYSEC FRD SHORT HIPER XG C/42;74.99;4;ZANOL E THOMAZ LTDA;Zanol e Thomaz;69.99;TRIANGULO DROGARIA LTDA;Triangulo;25.0;BABYSEC FRD SHORT HIPER XG C/42;SOFTYS;BABYSEC;A;SUBIR PREÇO URGENTE;14.15285714285716;15.84512073153307;11.09;74.04263157894736;5.0;7.143877696813831;63.89999999999999;6.090000000000003;8.701243034719251;🟢 Ganho Rápido;🟡 Média;Avaliar aumento de preço com baixo risco competitivo.;3
7896061997136;BABYSEC FRD SHORT HIPER M C/64;74.99;4;ZANOL E THOMAZ LTDA;Zanol e Thomaz;69.99;TRIANGULO DROGARIA LTDA;Triangulo;26.0;BABYSEC FRD SHORT HIPER M C/64;;;;SEM CUSTO;;;;74.09;5.0;7.143877696813831;;;;🟠 Produto Sem Custo;🟡 Média;Regularizar custo/cadastro antes da decisão.;3
7896061997143;BABYSEC FRD SHORT HIPER G C/48;74.99;4;ZANOL E THOMAZ LTDA;Zanol e Thomaz;69.99;TRIANGULO DROGARIA LTDA;Triangulo;28.0;FR DESC BABYSEC GALINHA HIPER SHORT G 48UN;SOFTYS;BABYSEC;A;SUBIR PREÇO URGENTE;17.35285714285716;12.64466352336047;8.849999999999994;69.99;5.0;7.143877696813831;66.14;3.8499999999999943;5.500785826546642;🟢 Ganho Rápido;🟡 Média;Avaliar aumento de preço com baixo risco competitivo.;3
7893736010053;ENXAK 12CPR CAZI;16.99;4;ZANOL E THOMAZ LTDA;Zanol e Thomaz;15.9;MARCOPHARMA COMERCIO DE MEDICAMENTOS EIRELI;Marcopharma De;32.0;ENXAK C12 CPR.;CAZI;ENXAK;A;MANTER;-1.634450323339214;37.19569324740534;5.914115226337451;15.9;1.089999999999998;6.855345911949673;11.075884773662548;4.824115226337453;30.340347335455675;🟡 Atenção Competitiva;🟡 Média;Monitorar e comparar histórico antes de ajustar.;3
7896094921399;BUSCOPAN COMPOSTO 20CPR;21.26;6;ZANOL E THOMAZ LTDA;Zanol e Thomaz;19.9;TRIANGULO DROGARIA LTDA;Triangulo;30.0;BUSCOPAN COMPOSTO 20CPR;HYPERA CH;BUSCOPAN;A;SUBIR PREÇO URGENTE;10.81015873015872;-8.025683975432669;-1.597111111111101;21.15538461538462;1.360000000000003;6.834170854271372;22.857111111111102;-2.9571111111111037;-14.85985482970404;🟢 Ganho Rápido;🟡 Média;Avaliar aumento de preço com baixo risco competitivo.;3
7891058020286;ENTEROGERMINA PLUS 5FLAC 5ML;44.83;7;ZANOL E THOMAZ LTDA;Zanol e Thomaz;41.99;EMPREENDIMENTOS PAGUE MENOS S/A;Pague Menos;32.0;ENTEROGERMINA PLUS 5;OPELLA;ENTEROGERMINA PLUS;A;SUBIR PREÇO;1.239761904761856;27.93323807255704;11.7291666666667;41.99;2.8399999999999963;6.763515122648241;33.1008333333333;8.889166666666704;21.169722949908795;🟢 Ganho Rápido;🟡 Média;Avaliar aumento de preço com baixo risco competitivo.;3
7896523208107;AMOXICILINA 500MG 21CAPS CIMED;18.85;5;ZANOL E THOMAZ LTDA;Zanol e Thomaz;17.67;TRIANGULO DROGARIA LTDA;Triangulo;15.0;AMOXICILINA 500MG 21CAPS CIMED;CIMED;AMOXICILINA;A;COMPETITIVO;-6.684203847728201;56.47958513531263;9.979942693409741;18.62875;1.1799999999999997;6.677985285795131;8.87005730659026;8.799942693409742;49.801599849517494;🟡 Atenção Competitiva;🟡 Média;Monitorar e comparar histórico antes de ajustar.;3
7891010504779;BAND-AID TRANSPARENTE 10 UN;7.99;2;ZANOL E THOMAZ LTDA;Zanol e Thomaz;7.49;RAIADROGASIL SA;Drogasil;10.0;BAND-AID TRANSP C/10;KENVUE;BAND-AID;A;SUBIR PREÇO;0.03698412698412934;29.65435395341936;2.22111111111111;7.49;0.5;6.675567423230974;5.76888888888889;1.7211111111111101;22.978786530188387;🟢 Ganho Rápido;🟡 Média;Avaliar aumento de preço com baixo risco competitivo.;3
7622210528216;LACTA CHOC OURO BCO RECH 98GR;10.49;5;ZANOL E THOMAZ LTDA;Zanol e Thomaz;9.85;MATEUS SUPERMERCADOS SA;Mateus Super Rcados;16.0;CHOC LACTA BR RECH OURO BRANCO 98G;LACTA;LACTA;B;SUBIR PREÇO URGENTE;2.475714285714288;12.40609137055837;1.222;9.85;0.6400000000000006;6.497461928934016;9.268;0.581999999999999;5.908629441624355;🟢 Ganho Rápido;🟡 Média;Avaliar aumento de preço com baixo risco competitivo.;3
7899095203556;CISTEIL 40 MG/ML XPE ADT 120 ML;18.99;5;ZANOL E THOMAZ LTDA;Zanol e Thomaz;17.84;TRIANGULO DROGARIA LTDA;Triangulo;34.0;CISTEIL 40 MG/ML XPE ADT 120 ML;GEOLAB;CISTEIL;A;MANTER;-3.966480836236929;45.56354588209557;8.12853658536585;18.94892857142857;1.1499999999999986;6.446188340807167;10.861463414634148;6.978536585365852;39.117357541288406;🟡 Atenção Competitiva;🟡 Média;Monitorar e comparar histórico antes de ajustar.;3
7892840822392;DORITOS SWEET CHILI 32G;4.99;2;ZANOL E THOMAZ LTDA;Zanol e Thomaz;4.69;POSTERUS SUPERMERCADOS LTDA;Posterus Super Rcados;13.0;SALG E CHIPS DORITOS SWEET CHILI 32G;ELMA CHIPS;DORITOS;B;MANTER;-0.04714285714285715;30.70362473347549;1.44;5.546666666666667;0.2999999999999998;6.396588486140721;3.5500000000000003;1.1400000000000001;24.307036247334757;🟡 Atenção Competitiva;🟡 Média;Monitorar e comparar histórico antes de ajustar.;3
7896006230052;DRUSOLOL 5ML;81.09;6;ZANOL E THOMAZ LTDA;Zanol e Thomaz;76.22;RAIADROGASIL S.A.;Drogasil;23.0;DRUSOLOL 5 ML;GENOM;DRUSOLOL;A;SUBIR PREÇO URGENTE;24.68549450549459;7.328986940637355;5.586153846153792;76.22;4.8700000000000045;6.3893991078457155;75.50384615384621;0.7161538461537873;0.939587832791639;🟢 Ganho Rápido;🟡 Média;Avaliar aumento de preço com baixo risco competitivo.;3
7896007547173;PLENITUD FRD GER PROT PLUS G/XG C/8;34.99;4;ZANOL E THOMAZ LTDA;Zanol e Thomaz;32.99;TRIANGULO DROGARIA LTDA;Triangulo;17.0;PLENITUD FRD GER PROT PLUS G/XG C/8;KIMBERLY CLARK;PLENITUD;B;SUBIR PREÇO URGENTE;9.917142857142856;10.16004572735068;3.555000000000003;34.99;2.0;6.062443164595332;31.435;1.5550000000000033;4.71354956047288;🟢 Ganho Rápido;🟡 Média;Avaliar aumento de preço com baixo risco competitivo.;3
7896658027604;DIVENA 40MG 30 CP;57.08;4;ZANOL E THOMAZ LTDA;Zanol e Thomaz;53.87;RAIADROGASIL S.A.;Drogasil;17.0;DIVENA 40MG 30'S;ACHE;DIVENA;A;SUBIR PREÇO URGENTE;8.855892857142862;18.49243549285316;9.961875;53.87;3.210000000000001;5.958789678856508;47.118125;6.751874999999998;12.533645813996655;🟢 Ganho Rápido;🟡 Média;Avaliar aumento de preço com baixo risco competitivo.;3
7896094999411;DRAMIN CAPSGEL 50MG 10CAPS GEL;18.02;4;ZANOL E THOMAZ LTDA;Zanol e Thomaz;17.01;RAIADROGASIL S.A.;Drogasil;15.0;DRAMIN CAPSGEL 50MG 10;HYPERA PP;DRAMIN;A;SUBIR PREÇO URGENTE;5.032963752665285;9.288215009607885;1.579925373134301;17.01;1.009999999999998;5.937683715461481;16.440074626865698;0.5699253731343035;3.3505312941464047;🟢 Ganho Rápido;🟡 Média;Avaliar aumento de preço com baixo risco competitivo.;3
7891350034622;MONANGE DES AERO FLOR DE LAVANDA 90GR;8.99;3;ZANOL E THOMAZ LTDA;Zanol e Thomaz;8.49;Carro Chefe Comercio de Alimentos Ltda - Me;Carro Chefe De;27.0;DESOD AERO MONANGE LAVANDA 150ML;COTY;MONANGE;A;SUBIR PREÇO;0.781428571428572;23.55712603062426;2.0;8.99;0.5;5.889281507656065;6.99;1.5;17.6678445229682;🟢 Ganho Rápido;🟡 Média;Avaliar aumento de preço com baixo risco competitivo.;3
7891350034639;MONANGE DES AERO FRUTAS VERMELHAS 90GR;8.99;4;ZANOL E THOMAZ LTDA;Zanol e Thomaz;8.49;Carro Chefe Comercio de Alimentos Ltda - Me;Carro Chefe De;28.0;DESOD AERO MONANGE FRUTAS VM 150ML;COTY;MONANGE;A;SUBIR PREÇO;0.781428571428572;23.55712603062426;2.0;8.49;0.5;5.889281507656065;6.99;1.5;17.6678445229682;🟢 Ganho Rápido;🟡 Média;Avaliar aumento de preço com baixo risco competitivo.;3
7898919411900;MONANGE DES AERO INVISIVEL 90GR;8.99;3;ZANOL E THOMAZ LTDA;Zanol e Thomaz;8.49;Carro Chefe Comercio de Alimentos Ltda - Me;Carro Chefe De;22.0;DESOD AERO MONANGE INVISIVEL 150ML;COTY;MONANGE;A;SUBIR PREÇO URGENTE;2.858827292110872;6.428985812984575;0.5458208955223904;9.49;0.5;5.889281507656065;8.444179104477609;0.045820895522391325;0.5397043053285198;🟢 Ganho Rápido;🟡 Média;Avaliar aumento de preço com baixo risco competitivo.;3
7891000325858;NINHO INTEGRAL 380G;17.99;4;ZANOL E THOMAZ LTDA;Zanol e Thomaz;16.99;MATEUS SUPERMERCADOS SA;Mateus Super Rcados;95.0;LEITE PO NINHO INT LT 380G;NESTLE;NINHO LEITE;A;SUBIR PREÇO URGENTE;4.424285714285716;11.77163037080635;1.999999999999998;20.84333333333333;1.0;5.885815185403179;15.99;0.9999999999999982;5.885815185403168;🟢 Ganho Rápido;🟡 Média;Avaliar aumento de preço com baixo risco competitivo.;3
7891317411909;PERCOF XPE 120ML;40.94;2;ZANOL E THOMAZ LTDA;Zanol e Thomaz;38.69;RAIADROGASIL S.A.;Drogasil;20.0;PERCOF XPE 120ML;SUPERA RX;PERCOF;A;SUBIR PREÇO URGENTE;14.83448979591844;3.160654284975691;1.222857142857094;40.669375;2.25;5.815456190230034;39.7171428571429;-1.0271428571429055;-2.654801905254344;🟢 Ganho Rápido;🟡 Média;Avaliar aumento de preço com baixo risco competitivo.;3
7896658021268;ARTROLIVE 30 SACHES 4G;126.83;1;ZANOL E THOMAZ LTDA;Zanol e Thomaz;119.86;RAIADROGASIL S.A.;Drogasil;18.0;ARTROLIVE 30 ENV 4G;ACHE;ARTROLIVE;A;SUBIR PREÇO URGENTE;41.17928571428574;5.95069247455364;7.132499999999993;119.86;6.969999999999999;5.81511763724345;119.6975;0.16249999999999432;0.1355748373101905;🟢 Ganho Rápido;🟡 Média;Avaliar aumento de preço com baixo risco competitivo.;3
8902220109520;ROSUCOR 20MG 30CPR;63.31;2;ZANOL E THOMAZ LTDA;Zanol e Thomaz;59.93;RAIADROGASIL S.A.;Drogasil;8.0;ROSUCOR 20 MG 30 'S;TORRENT DO BRASIL;ROSUCOR;A;SUBIR PREÇO URGENTE;27.72714285714286;-2.386117136659436;-1.43;59.93;3.3800000000000026;5.639913232104126;64.74000000000001;-4.810000000000009;-8.026030368763573;🟢 Ganho Rápido;🟡 Média;Avaliar aumento de preço com baixo risco competitivo.;3
78924468;DOVE DES ROLLON ORIGINAL 50ML;11.99;2;ZANOL E THOMAZ LTDA;Zanol e Thomaz;11.35;MATEUS SUPERMERCADOS S.A. - MIX MARABA;Mateus Super Rcados;22.0;DES ROLL DOVE FEM ORIGINAL 50ML;UNILEVER;DOVE;A;MANTER;-0.8530612244897995;35.26117054751418;4.00214285714286;11.6625;0.6400000000000006;5.638766519823793;7.98785714285714;3.3621428571428593;29.62240402769039;🟡 Atenção Competitiva;🟡 Média;Monitorar e comparar histórico antes de ajustar.;3
78914957;PAIXAO LOC HID IRRESISTIVEL 200ML;10.99;1;ZANOL E THOMAZ LTDA;Zanol e Thomaz;10.41;EAN COMERCIO DE COSMETICO LTDA - TOP;Ean De Cos;9.0;HID. PAIXAO CORP. IRRESISTIVEL 200ML - UN;COTY;PAIXAO;B;MANTER;-1.138571428571428;37.65609990393852;3.92;10.49;0.5800000000000001;5.571565802113353;7.07;3.34;32.08453410182517;🟡 Atenção Competitiva;🟡 Média;Monitorar e comparar histórico antes de ajustar.;3
7896112102519;METRONIDAZOL 250MG 20CPR TEUTO;12.99;2;ZANOL E THOMAZ LTDA;Zanol e Thomaz;12.31;TRIANGULO DROGARIA LTDA;Triangulo;11.0;METRONIDAZOL 250MG 20CPR TEUTO;TEUTO;METRONIDAZOL;A;COMPETITIVO;-6.247795275590557;65.52767419101049;8.066456692913391;12.88538461538461;0.6799999999999997;5.523964256701866;4.923543307086609;7.3864566929133915;60.003709934308624;🟡 Atenção Competitiva;🟡 Média;Monitorar e comparar histórico antes de ajustar.;3
7896094922396;NEOSALDINA BLISTER 10CPR;14.7475;4;ZANOL E THOMAZ LTDA;Zanol e Thomaz;13.99;TRIANGULO DROGARIA LTDA;Triangulo;23.0;NEOSALDINA 10DRG;;;;SEM CUSTO;;;;20.0;0.7575000000000003;5.414581844174412;;;;🟠 Produto Sem Custo;🟡 Média;Regularizar custo/cadastro antes da decisão.;3
7898919411931;PAIXAO OLEO CORP TENTADORA 100ML;15.99;4;ZANOL E THOMAZ LTDA;Zanol e Thomaz;15.19;RAIADROGASIL SA;Drogasil;17.0;PAIXAO OL TENTAD 100ML;COTY;PAIXAO;A;MANTER;-2.770952380952385;42.76936581084049;6.49666666666667;15.19;0.8000000000000007;5.26662277814352;9.49333333333333;5.696666666666669;37.50274303269697;🟡 Atenção Competitiva;🟡 Média;Monitorar e comparar histórico antes de ajustar.;3
7896007549696;HUGGIES FRD SUP CARE ROUPA MEGA XG C/24UN;39.99;3;ZANOL E THOMAZ LTDA;Zanol e Thomaz;37.99;TRIANGULO DROGARIA LTDA;Triangulo;17.0;HUGGIES FRD SUP CARE ROUPA MEGA XG C/24UN;KIMBERLY CLARK;HUGGIES;A;SUBIR PREÇO URGENTE;24.42904761904757;-15.01272264631034;-5.703333333333298;39.82333333333333;2.0;5.26454330086865;45.6933333333333;-7.703333333333298;-20.27726594717899;🟢 Ganho Rápido;🟡 Média;Avaliar aumento de preço com baixo risco competitivo.;3
7896007547210;PLENITUD FRD GER PROT PLUS G/XG C/16;59.99;3;ZANOL E THOMAZ LTDA;Zanol e Thomaz;56.99;TRIANGULO DROGARIA LTDA;Triangulo;17.0;PLENITUD FRD GER PROT PLUS G/XG C/16;KIMBERLY CLARK;PLENITUD;A;SUBIR PREÇO URGENTE;12.99571428571429;14.03755044744692;8.0;59.615;3.0;5.264081417792595;51.99;5.0;8.773469029654326;🟢 Ganho Rápido;🟡 Média;Avaliar aumento de preço com baixo risco competitivo.;3
75023393;VICK PYRENA 500 1 ENV CAMOMILA 5G UN;4.22;4;ZANOL E THOMAZ LTDA;Zanol e Thomaz;4.01;TRIANGULO DROGARIA LTDA;Triangulo;18.0;VICK PYRENA 500 1 ENV CAMOMILA 5G UN;;;;SEM CUSTO;;;;4.20764705882353;0.20999999999999996;5.236907730673316;;;;🟠 Produto Sem Custo;🟡 Média;Regularizar custo/cadastro antes da decisão.;3
7891317124182;HOLMES H 20/12,5MG 30CPR;61.65;1;ZANOL E THOMAZ LTDA;Zanol e Thomaz;58.72;RAIADROGASIL S.A.;Drogasil;10.0;HOLMES H 20/12,5MG 30S;EUROFARMA;HOLMES H;A;SUBIR PREÇO URGENTE;23.85636054421772;1.560878097833104;0.9165476190475985;59.955;2.9299999999999997;4.989782016348773;60.7334523809524;-2.013452380952401;-3.42890391851567;🟢 Ganho Rápido;🟡 Média;Avaliar aumento de preço com baixo risco competitivo.;3
7891025111832;DANONE APTAMIL PREMIUM 1 400GR;42.99;5;ZANOL E THOMAZ LTDA;Zanol e Thomaz;40.99;TRIANGULO DROGARIA LTDA;Triangulo;35.0;DANONE APTAMIL PREMIUM 1 400GR;DANONE;APTAMIL 1;A;SUBIR PREÇO;4.060000000000002;23.06660161014882;9.455000000000002;42.8818918918919;2.0;4.879238838741156;33.535;7.455000000000005;18.187362771407674;🟢 Ganho Rápido;🟡 Média;Avaliar aumento de preço com baixo risco competitivo.;3
7896094206403;VENZER HCT 8/12MG 30CPR;74.98;6;ZANOL E THOMAZ LTDA;Zanol e Thomaz;71.51;RAIADROGASIL SA;Drogasil;16.0;VENZER HCT 8MG 30'S;LIBBS;VENZER HCT;A;SUBIR PREÇO URGENTE;26.33000000000001;4.913570164693072;3.609999999999999;73.47;3.469999999999999;4.852468186267653;71.37;0.14000000000000057;0.19577681443154882;🟢 Ganho Rápido;🟡 Média;Avaliar aumento de preço com baixo risco competitivo.;3
7894916325677;SUAVICID CR DERM 10G;68.99;3;ZANOL E THOMAZ LTDA;Zanol e Thomaz;65.92;ADRIELE COSTA S S EIRELI;Adriele Costa S;19.0;SUAVICID CREME BISN 10GR HIDROQUINASS;LEGRAND;SUAVICID;A;SUBIR PREÇO URGENTE;10.21410138248844;19.15371515815852;12.6261290322581;65.92;3.069999999999993;4.657160194174747;56.363870967741896;9.556129032258106;14.496554963983776;🟢 Ganho Rápido;🟡 Média;Avaliar aumento de preço com baixo risco competitivo.;3
7896658008023;DIGEPLUS 30 CAPS;43.5;4;ZANOL E THOMAZ LTDA;Zanol e Thomaz;41.59;RAIADROGASIL SA;Drogasil;22.0;DIGEPLUS 97MG 30S;ACHE;DIGEPLUS;A;SUBIR PREÇO URGENTE;7.944761904761862;16.62819588042006;6.915666666666702;43.66;1.9099999999999966;4.592450108199078;36.5843333333333;5.005666666666706;12.035745772220979;🟢 Ganho Rápido;🟡 Média;Avaliar aumento de preço com baixo risco competitivo.;3
7896512905277;GRANADO SAB BARRA ERVA DOCE 90G;6.989999999999999;6;ZANOL E THOMAZ LTDA;Zanol e Thomaz;6.69;MATEUS SUPERMERCADOS SA;Mateus Super Rcados;14.0;GRANADO SAB BARRA ERVA DOCE 90G;GRANADO;GRANADO ERVA DOCE;B;SUBIR PREÇO;0.1242857142857154;28.75536480686695;2.01;6.99;0.29999999999999893;4.48430493273541;4.9799999999999995;1.7100000000000009;25.560538116591943;🟢 Ganho Rápido;🟡 Média;Avaliar aumento de preço com baixo risco competitivo.;3
7896004812168;EXPEC XPE 120ML;25.99;4;ZANOL E THOMAZ LTDA;Zanol e Thomaz;24.99;BRASIFARMA COMERCIO DE MEDICAMENTOS LTDA;Brasifarma;32.0;EXPEC XPE FR 120ML;LEGRAND;EXPEC;A;SUBIR PREÇO;2.449790940766572;23.13784050205442;5.782146341463399;24.99;1.0;4.001600640256102;20.2078536585366;4.782146341463399;19.136239861798316;🟢 Ganho Rápido;🟡 Média;Avaliar aumento de preço com baixo risco competitivo.;3
7500435146616;PAMPERS FRD PANTS HIPER G C/52;79.99;10;ZANOL E THOMAZ LTDA;Zanol e Thomaz;76.99;TRIANGULO DROGARIA LTDA;Triangulo;53.0;PAMPERS FRD PANTS HIPER G C/52;;;;SEM CUSTO;;;;79.57823529411765;3.0;3.8966099493440707;;;;🟠 Produto Sem Custo;🟡 Média;Regularizar custo/cadastro antes da decisão.;3
7500435146623;PAMPERS FRD PANTS HIPER XG C/46;79.99;10;ZANOL E THOMAZ LTDA;Zanol e Thomaz;76.99;TRIANGULO DROGARIA LTDA;Triangulo;52.0;PAMPERS FRD PANTS HIPER XG C/46;;;;SEM CUSTO;;;;79.35538461538461;3.0;3.8966099493440707;;;;🟠 Produto Sem Custo;🟡 Média;Regularizar custo/cadastro antes da decisão.;3
7500435146630;PAMPERS FRD PANTS HIPER XXG C/42;79.99;10;ZANOL E THOMAZ LTDA;Zanol e Thomaz;76.99;TRIANGULO DROGARIA LTDA;Triangulo;52.0;PAMPERS FRD PANTS HIPER XXG C/42;;;;SEM CUSTO;;;;79.5525;3.0;3.8966099493440707;;;;🟠 Produto Sem Custo;🟡 Média;Regularizar custo/cadastro antes da decisão.;3
7898656390254;MAMYPOKO FRD CALCA MEGA M C/34;54.99;6;ZANOL E THOMAZ LTDA;Zanol e Thomaz;52.99;TRIANGULO DROGARIA LTDA;Triangulo;26.0;MAMYPOKO FRD CALCA MEGA M C/34;UNICHARM;MAMYPOKO;A;SUBIR PREÇO URGENTE;25.71;-2.727768685215493;-1.5;54.99;2.0;3.7742970371768254;56.49;-3.5;-6.605019815059444;🟢 Ganho Rápido;🟡 Média;Avaliar aumento de preço com baixo risco competitivo.;3
7898656390278;MAMYPOKO FRD CALCA MEGA XG C/26;54.99;6;ZANOL E THOMAZ LTDA;Zanol e Thomaz;52.99;TRIANGULO DROGARIA LTDA;Triangulo;37.0;MAMYPOKO FRD CALCA MEGA XG C/26;UNICHARM;MAMYPOKO;A;SUBIR PREÇO URGENTE;25.71;-2.727768685215493;-1.5;54.99;2.0;3.7742970371768254;56.49;-3.5;-6.605019815059444;🟢 Ganho Rápido;🟡 Média;Avaliar aumento de preço com baixo risco competitivo.;3
7896181905288;PBM (P) ALENIA 6/200MCG 60CAPS REFIL;89.13;3;ZANOL E THOMAZ LTDA;Zanol e Thomaz;85.97;RAIADROGASIL S.A.;Drogasil;3.0;PBM (P) ALENIA 6/200MCG 60CAPS REFIL;ACHE;ALENIA;A;SUBIR PREÇO URGENTE;32.43000000000001;3.84074671583314;3.332999999999998;88.54249999999999;3.1599999999999966;3.675700825869485;85.797;0.17300000000000182;0.20123298825171784;🟢 Ganho Rápido;🟡 Média;Avaliar aumento de preço com baixo risco competitivo.;3
7500435146609;PAMPERS FRD PANTS HIPER M C/60;79.69;10;ZANOL E THOMAZ LTDA;Zanol e Thomaz;76.99;TRIANGULO DROGARIA LTDA;Triangulo;47.0;FRALDA PAMPERS PANTS AT HIPER M 60X1;;;;SEM CUSTO;;;;87.35;2.700000000000003;3.5069489544096673;;;;🟠 Produto Sem Custo;🟡 Média;Regularizar custo/cadastro antes da decisão.;3
7891317490003;PROMESTRIENO CR VAG 30G EURO;54.99;3;ZANOL E THOMAZ LTDA;Zanol e Thomaz;53.16;BRASIFARMA COMERCIO DE MEDICAMENTOS LTDA;Brasifarma;21.0;GEN PROMESTRIENO CREME VAG.20APLIC;EUROFARMA;PROMESTRIENO;A;SUBIR PREÇO URGENTE;20.83454545454543;2.565496956016171;1.363818181818196;53.16;1.8300000000000054;3.442437923250575;53.626181818181806;-0.46618181818180915;-0.8769409672344041;🟢 Ganho Rápido;🟡 Média;Avaliar aumento de preço com baixo risco competitivo.;3
7892828001016;ADEFORTE ORAL 3ML AMP;26.99;4;ZANOL E THOMAZ LTDA;Zanol e Thomaz;26.1;RAIADROGASIL S.A.;Drogasil;19.0;ADEFORTE 1X3ML;GROSS;ADEFORTE;A;SUBIR PREÇO;0.6036515679442829;28.38101112045594;7.407443902439002;26.1;0.889999999999997;3.409961685823743;19.582556097560996;6.517443902439005;24.971049434632203;🟢 Ganho Rápido;🟡 Média;Avaliar aumento de preço com baixo risco competitivo.;3
7898581710615;NORIPURUM EV 100MG 5AMP;79.16;2;ZANOL E THOMAZ LTDA;Zanol e Thomaz;76.55;TRIANGULO DROGARIA LTDA;Triangulo;17.0;NORIPURUM EV 100MG 5AMP;BLANVER FARMOQUIMICA;NORIPURUM;A;SUBIR PREÇO URGENTE;37.84897959183672;-4.610432023887271;-3.529285714285706;76.985;2.6099999999999994;3.4095362508164593;82.6892857142857;-6.139285714285705;-8.01996827470373;🟢 Ganho Rápido;🟡 Média;Avaliar aumento de preço com baixo risco competitivo.;3
7891000103487;NUTREN SENIOR PO S/SABOR 740GR;154.99;3;ZANOL E THOMAZ LTDA;Zanol e Thomaz;149.99;TRIANGULO DROGARIA LTDA;Triangulo;15.0;NUTREN SENIOR PO S/SABOR 740GR;NESTLE;NUTREN SENIOR;A;SUBIR PREÇO URGENTE;42.05642857142857;10.37235815721048;15.5575;153.74;5.0;3.3335555703713577;139.4325;10.557500000000005;7.038802586839125;🟢 Ganho Rápido;🟡 Média;Avaliar aumento de preço com baixo risco competitivo.;3
7896641809026;DEXILANT 60 MG C/ 30 CAP LIB RETAR;101.14;3;ZANOL E THOMAZ LTDA;Zanol e Thomaz;97.99;RAIADROGASIL S.A.;Drogasil;17.0;DEXILANT 60MG 30S;TAKEDA;DEXILANT;A;SUBIR PREÇO URGENTE;57.45675324675288;-11.04472627076947;-10.82272727272701;97.99;3.1500000000000057;3.214613736095526;111.96272727272701;-13.972727272727013;-14.259340006865001;🟢 Ganho Rápido;🟡 Média;Avaliar aumento de preço com baixo risco competitivo.;3
7891000079515;NAN COMFOR 2 800GR 6 A 12 MESES;66.99;10;ZANOL E THOMAZ LTDA;Zanol e Thomaz;64.99;TRIANGULO DROGARIA LTDA;Triangulo;48.0;NAN COMFOR 2 800GR 6 A 12 MESES;NESTLE;NAN COMFOR 2;A;SUBIR PREÇO URGENTE;28.75285714285717;-0.9693799046007227;-0.6300000000000097;66.65666666666665;2.0;3.07739652254193;67.62;-2.6300000000000097;-4.046776427142652;🟢 Ganho Rápido;🟡 Média;Avaliar aumento de preço com baixo risco competitivo.;3
7897595901033;PURAN T4 100MCG  30CPR;13.54;4;ZANOL E THOMAZ LTDA;Zanol e Thomaz;13.14;EMPREENDIMENTOS PAGUE MENOS S/A;Pague Menos;23.0;PURAN T4 100MCG CPD/;SANOFI-MEDLEY;PURAN T4;A;SUBIR PREÇO URGENTE;5.419523809523856;1.128868594621776;0.1483333333333015;13.14;0.3999999999999986;3.0441400304413895;13.391666666666698;-0.2516666666666971;-1.9152714358196126;🟢 Ganho Rápido;🟡 Média;Avaliar aumento de preço com baixo risco competitivo.;3
7891317124236;HOLMES H  40/25MG 30CPR;70.2;4;ZANOL E THOMAZ LTDA;Zanol e Thomaz;68.2;RAIADROGASIL S.A.;Drogasil;7.0;HOLMES H 40/25MG 30S;EUROFARMA;HOLMES H;A;SUBIR PREÇO URGENTE;25.64878048780486;3.674272226593268;2.505853658536608;68.2;2.0;2.9325513196480935;67.6941463414634;0.5058536585366085;0.7417209069451737;🟢 Ganho Rápido;🟡 Média;Avaliar aumento de preço com baixo risco competitivo.;3
7891025111825;DANONE APTAMIL PREMIUM 1 800GR;65.76777777777778;9;ZANOL E THOMAZ LTDA;Zanol e Thomaz;63.99;TRIANGULO DROGARIA LTDA;Triangulo;42.0;DANONE APTAMIL PREMIUM 1 800GR;DANONE;APTAMIL 1;A;SUBIR PREÇO URGENTE;12.96240384615386;16.24991257416624;10.7233173076923;65.99;1.7777777777777786;2.778211873382995;55.04446047008548;8.94553952991452;13.979589826401812;🟢 Ganho Rápido;🟡 Média;Avaliar aumento de preço com baixo risco competitivo.;3
7891317465049;TAMISA 20 21CPR;30.5675;4;ZANOL E THOMAZ LTDA;Zanol e Thomaz;29.81;TRIANGULO DROGARIA LTDA;Triangulo;15.0;TAMISA 20 21CPR;EUROFARMA;TAMISA;A;SUBIR PREÇO URGENTE;16.85296296296301;-9.57421695429085;-2.854074074074102;30.38714285714286;0.7575000000000003;2.5410935927541107;33.4215740740741;-3.6115740740741025;-12.115310547044961;🟢 Ganho Rápido;🟡 Média;Avaliar aumento de preço com baixo risco competitivo.;3
7891350034646;MONANGE DES AERO EXTRATO DE OLIVA 90GR;8.99;4;ZANOL E THOMAZ LTDA;Zanol e Thomaz;8.79;MATEUS SUPERMERCADOS SA;Mateus Super Rcados;33.0;DES AER MONANGE ANT HIDRAT PROT 150ML;COTY;MONANGE;A;SUBIR PREÇO;0.4814285714285731;26.16609783845278;2.299999999999999;9.955;0.20000000000000107;2.275312855517646;6.690000000000001;2.099999999999998;23.89078498293513;🟢 Ganho Rápido;🟡 Média;Avaliar aumento de preço com baixo risco competitivo.;3
7896235353904;MONANGE DES AERO DETOX FRESH 90GR;8.99;4;ZANOL E THOMAZ LTDA;Zanol e Thomaz;8.79;MATEUS SUPERMERCADOS SA;Mateus Super Rcados;19.0;DES AER MONANGE FEM DETOX 150ML;COTY;MONANGE;A;SUBIR PREÇO;0.4814285714285731;26.16609783845278;2.299999999999999;9.541999999999998;0.20000000000000107;2.275312855517646;6.690000000000001;2.099999999999998;23.89078498293513;🟢 Ganho Rápido;🟡 Média;Avaliar aumento de preço com baixo risco competitivo.;3
7891025112709;DANONE APTAMIL PROFUTURA 2 800GR;94.99;6;ZANOL E THOMAZ LTDA;Zanol e Thomaz;92.99;TRIANGULO DROGARIA LTDA;Triangulo;43.0;DANONE APTAMIL PROFUTURA 2 800GR;DANONE;APTAMIL PROFUTURA 2;A;SUBIR PREÇO URGENTE;18.96714285714287;15.72212065813527;14.61999999999999;94.94454545454545;2.0;2.1507688998817076;80.37;12.61999999999999;13.571351758253567;🟢 Ganho Rápido;🟡 Média;Avaliar aumento de preço com baixo risco competitivo.;3
7896181918943;PBM (P) ALENIA 12/400MCG 60CAPS REFIL;112.79750000000001;4;ZANOL E THOMAZ LTDA;Zanol e Thomaz;110.43;TRIANGULO DROGARIA LTDA;Triangulo;8.0;PBM (P) ALENIA 12/400MCG 60CAPS REFIL;ACHE;ALENIA;A;SUBIR PREÇO URGENTE;49.72257142857146;-1.518427963415738;-1.6768;116.375;2.367500000000007;2.1438920583174923;114.47430000000001;-4.044300000000007;-3.6623200217332306;🟢 Ganho Rápido;🟡 Média;Avaliar aumento de preço com baixo risco competitivo.;3
7891000062661;NINHO FASES 1+ 800G;48.99;4;ZANOL E THOMAZ LTDA;Zanol e Thomaz;47.99;RAIADROGASIL S.A.;Drogasil;29.0;NINHO FASES 1+ 800G;NESTLE;NINHO FASES 1+;A;SUBIR PREÇO URGENTE;15.75519906323186;7.018880299515947;3.368360655737703;48.94454545454546;1.0;2.083767451552407;45.6216393442623;2.3683606557377033;4.935112847963541;🟢 Ganho Rápido;🟡 Média;Avaliar aumento de preço com baixo risco competitivo.;3
7896112422136;NOVANLO 2,5MG 30CPR;61.43;6;ZANOL E THOMAZ LTDA;Zanol e Thomaz;60.19;RAIADROGASIL S.A.;Drogasil;20.0;NOVANLO 2,5MG BIO 30'S;BIOLAB;NOVANLO;A;SUBIR PREÇO URGENTE;12.58694235588972;15.36158888665426;9.246140350877198;60.19;1.240000000000002;2.0601428808772257;52.1838596491228;8.006140350877196;13.301446005777034;🟢 Ganho Rápido;🟡 Média;Avaliar aumento de preço com baixo risco competitivo.;3
7894916512558;ESOGASTRO IBP 14DIAS;360.1;2;ZANOL E THOMAZ LTDA;Zanol e Thomaz;352.97;RAIADROGASIL S/A;Drogasil;20.0;ESOGASTRO IBP 14D 14BL;EMS;ESOGASTRO IBP;A;SUBIR PREÇO URGENTE;150.7014285714286;0.1133240785335961;0.4000000000000341;356.3128571428571;7.1299999999999955;2.0200016998611763;359.7;-6.729999999999961;-1.9066776213275805;🟢 Ganho Rápido;🟡 Média;Avaliar aumento de preço com baixo risco competitivo.;3
7897595903372;PURAN T4 112MCG 30CPR;26.58;2;ZANOL E THOMAZ LTDA;Zanol e Thomaz;26.08;RAIADROGASIL SA;Drogasil;14.0;PURAN T4 112MCG 30'S;SANOFI-MEDLEY;PURAN T4;A;SUBIR PREÇO URGENTE;10.09232142857143;2.91171395705521;0.7593749999999986;26.08;0.5;1.9171779141104295;25.820625;0.2593749999999986;0.9945360429447799;🟢 Ganho Rápido;🟡 Média;Avaliar aumento de preço com baixo risco competitivo.;3
7896641804397;KALOBA 50ML SOL;128.51;3;ZANOL E THOMAZ LTDA;Zanol e Thomaz;126.25;RAIADROGASIL SA;Drogasil;12.0;KALOBA GTA 50ML;HERBARIUM;KALOBA;A;SUBIR PREÇO URGENTE;56.92857142857144;-1.56435643564356;-1.974999999999994;135.7266666666667;2.259999999999991;1.790099009900983;130.48499999999999;-4.234999999999985;-3.354455445544543;🟢 Ganho Rápido;🟡 Média;Avaliar aumento de preço com baixo risco competitivo.;3
7891317009717;TAMISA 30 75+30MCG 21CPR;31.545;2;ZANOL E THOMAZ LTDA;Zanol e Thomaz;31.02;TRIANGULO DROGARIA LTDA;Triangulo;15.0;TAMISA 30 75+30MCG 21CPR;EUROFARMA;TAMISA;A;SUBIR PREÇO URGENTE;15.65521865889215;-5.327701680285306;-1.652653061224502;31.68818181818182;0.5250000000000021;1.692456479690529;33.19765306122451;-2.1776530612245075;-7.020158159975846;🟢 Ganho Rápido;🟡 Média;Avaliar aumento de preço com baixo risco competitivo.;3
7896006216797;XANTINON COMPLEX FLAC 10ML UN;3.04;4;ZANOL E THOMAZ LTDA;Zanol e Thomaz;2.99;BRASIFARMA COMERCIO DE MEDICAMENTOS LTDA;Brasifarma;20.0;XANTINON COMPLEX - SOL OR X 60 FLAC 10ML;;;;SEM CUSTO;;;;7.0;0.04999999999999982;1.6722408026755793;;;;🟠 Produto Sem Custo;🟡 Média;Regularizar custo/cadastro antes da decisão.;3
7891317485801;DUOMO HP 2+5MG 30CAPS;127.82;2;ZANOL E THOMAZ LTDA;Zanol e Thomaz;125.9;RAIADROGASIL S.A.;Drogasil;7.0;DUOMO HP 2+5MG 30CAPS;EUROFARMA;DUOMO HP;A;SUBIR PREÇO URGENTE;65.53912698412717;-5.892183452424512;-7.531388888889012;127.82;1.9199999999999875;1.5250198570293785;135.351388888889;-9.451388888889;-7.507060277115964;🟢 Ganho Rápido;🟡 Média;Avaliar aumento de preço com baixo risco competitivo.;3
78911222;VICK VAPORUB LATA 12G;17.24;8;ZANOL E THOMAZ LTDA;Zanol e Thomaz;16.99;TRIANGULO DROGARIA LTDA;Triangulo;64.0;VICK VAPORUB 12G;;;;SEM CUSTO;;;;22.94;0.25;1.4714537963507948;;;;🟠 Produto Sem Custo;🟡 Média;Regularizar custo/cadastro antes da decisão.;3
7891058003579;PURAN T4  62,5MCG 30CPR;15.14;2;ZANOL E THOMAZ LTDA;Zanol e Thomaz;15.01;RAIADROGASIL S.A.;Drogasil;5.0;PURAN T4 62,5MCG 30'S;SANOFI-MEDLEY;PURAN T4;A;SUBIR PREÇO URGENTE;5.725714285714288;3.297801465689535;0.4949999999999992;15.11;0.13000000000000078;0.8660892738174603;14.645000000000001;0.36499999999999844;2.4317121918720748;🟢 Ganho Rápido;🟡 Média;Avaliar aumento de preço com baixo risco competitivo.;3
7891150007406;CLEAR SH ICE COOL MENTHOL  200ML;16.99;2;ZANOL E THOMAZ LTDA;Zanol e Thomaz;16.9;MATEUS SUPERMERCADOS SA;Mateus Super Rcados;34.0;CLEAR SH ICE COOL MENTHOL  200ML;;;;SEM CUSTO;;;;16.99;0.08999999999999986;0.532544378698224;;;;🟠 Produto Sem Custo;🟡 Média;Regularizar custo/cadastro antes da decisão.;3
7622210575975;LACTA CHOC BIS AO LEITE FLOW PACK 100,8GR;7.99;5;ZANOL E THOMAZ LTDA;Zanol e Thomaz;7.95;MATEUS SUPERMERCADOS SA;Mateus Super Rcados;30.0;CHOC LACTA BIS ORIGINAL 100,8G;MONDELEZ;BIS;A;SUBIR PREÇO URGENTE;1.798809523809529;14.16142557651987;1.12583333333333;7.957272727272727;0.040000000000000036;0.5031446540880508;6.86416666666667;1.0858333333333299;13.658280922431823;🟢 Ganho Rápido;🟡 Média;Avaliar aumento de preço com baixo risco competitivo.;3
7891317485764;DUOMO HP 2+5MG 60CAPS;160.23;1;ZANOL E THOMAZ LTDA;Zanol e Thomaz;160.09;TRIANGULO DROGARIA LTDA;Triangulo;11.0;DUOMO HP 2+5MG 60CAPS;EUROFARMA;DUOMO HP;A;SUBIR PREÇO URGENTE;82.31747663551431;-5.993649600137424;-9.595233644860002;160.195;0.13999999999998636;0.08745080891997399;169.82523364486;-9.735233644859989;-6.081100409057398;🟢 Ganho Rápido;🟡 Média;Avaliar aumento de preço com baixo risco competitivo.;3
7898040321512;ANNITA 500MG 6CPR;62.63;6;ZANOL E THOMAZ LTDA;Zanol e Thomaz;62.62;BRASIFARMA COMERCIO DE MEDICAMENTOS LTDA;Brasifarma;31.0;ANNITA 500MG 06CPR;FQM FARMA;ANNITA;A;SUBIR PREÇO URGENTE;30.57047619047616;-4.173320557862198;-2.613333333333308;62.62;0.010000000000005116;0.015969338869378978;65.24333333333331;-2.6233333333333135;-4.1892898967315775;🟢 Ganho Rápido;🟡 Média;Avaliar aumento de preço com baixo risco competitivo.;3
7891317036379;VALDA FRIENDS ICE CHERRY PAST 50G;12.830000000000002;5;ZANOL E THOMAZ LTDA;Zanol e Thomaz;12.83;TRIANGULO DROGARIA LTDA;Triangulo;17.0;VALDA FRIENDS ICE CHERRY PAST 50G;;;;SEM CUSTO;;;;12.83;1.7763568394002505e-15;1.3845337797351913e-14;;;;🟠 Produto Sem Custo;🟡 Média;Regularizar custo/cadastro antes da decisão.;3
7891058015756;NOVALGINA 1G 10CPR EFERV;28.320000000000004;3;ZANOL E THOMAZ LTDA;Zanol e Thomaz;28.32;TRIANGULO DROGARIA LTDA;Triangulo;25.0;NOVALGINA 1G 10CPR EFERV;OPELLA;NOVALGINA;A;SUBIR PREÇO URGENTE;12.49142857142858;-0.8757062146892693;-0.2480000000000011;28.32;3.552713678800501e-15;1.2544892933617589e-14;28.568000000000005;-0.24800000000000466;-0.875706214689282;🟢 Ganho Rápido;🟡 Média;Avaliar aumento de preço com baixo risco competitivo.;3
4006000010328;NIVEA DES AER MEN PEARL&BEAUTY PROM 200ML;16.99;2;ZANOL E THOMAZ LTDA;Zanol e Thomaz;16.99;TRIANGULO DROGARIA LTDA;Triangulo;4.0;NIVEA DES AER MEN PEARL&BEAUTY PROM 200ML;;;;SEM CUSTO;;;;16.99;0.0;0.0;;;;🟠 Produto Sem Custo;🟡 Média;Regularizar custo/cadastro antes da decisão.;3
4987188501115;SALONPAS PATCH GEL 03ADES;16.84;4;ZANOL E THOMAZ LTDA;Zanol e Thomaz;16.84;TRIANGULO DROGARIA LTDA;Triangulo;13.0;SALONPAS PATCH GEL 03ADES;HISAMITSU;SALONSIP;A;SUBIR PREÇO URGENTE;4.445714285714288;11.52019002375297;1.94;16.84;0.0;0.0;14.9;1.9399999999999995;11.520190023752965;🟢 Ganho Rápido;🟡 Média;Avaliar aumento de preço com baixo risco competitivo.;3
602883743069;TOPWAY WHEY PROT COOKIE 35G;10.99;2;ZANOL E THOMAZ LTDA;Zanol e Thomaz;10.99;TRIANGULO DROGARIA LTDA;Triangulo;1.0;TOPWAY WHEY PROT COOKIE 35G;;;;SEM CUSTO;;;;10.99;0.0;0.0;;;;🟠 Produto Sem Custo;🟡 Média;Regularizar custo/cadastro antes da decisão.;3
602883743083;TOPWAY WHEY PROT CHOC 35G;10.99;2;ZANOL E THOMAZ LTDA;Zanol e Thomaz;10.99;TRIANGULO DROGARIA LTDA;Triangulo;2.0;TOPWAY WHEY PROT CHOC 35G;;;;SEM CUSTO;;;;10.99;0.0;0.0;;;;🟠 Produto Sem Custo;🟡 Média;Regularizar custo/cadastro antes da decisão.;3
609963220694;PRINCIPIA PS-01 - PROTETOR SOLAR FACIAL FPS60 40ML;40.99;1;ZANOL E THOMAZ LTDA;Zanol e Thomaz;40.99;TRIANGULO DROGARIA LTDA;Triangulo;24.0;PRINCIPIA PS-01 - PROTETOR SOLAR FACIAL FPS60 40ML;PRINCIPIA;PRINCIPIA;A;SUBIR PREÇO;4.510000000000005;22.29812149304708;9.14;40.99;0.0;0.0;31.85;9.14;22.298121493047084;🟢 Ganho Rápido;🟡 Média;Avaliar aumento de preço com baixo risco competitivo.;3
609963220779;PRINCIPIA- PS03 PROTETOR SOLAR ANTIOLEOSIDADE FPS60 200ML;59.99;4;ZANOL E THOMAZ LTDA;Zanol e Thomaz;59.99;TRIANGULO DROGARIA LTDA;Triangulo;4.0;PRINCIPIA- PS03 PROTETOR SOLAR ANTIOLEOSIDADE FPS60 200ML;PRINCIPIA;PRINCIPIA;A;SUBIR PREÇO;4.081428571428582;25.23753958993166;15.14;59.99;0.0;0.0;44.85;15.14;25.237539589931657;🟢 Ganho Rápido;🟡 Média;Avaliar aumento de preço com baixo risco competitivo.;3
7500435144384;VICK EXP 44E XPE 240ML;60.37;2;ZANOL E THOMAZ LTDA;Zanol e Thomaz;60.37;TRIANGULO DROGARIA LTDA;Triangulo;4.0;VICK EXP 44E XPE 240ML;PROCTER GAMBLE;VICK;A;SUBIR PREÇO URGENTE;14.33000000000001;13.3841311909889;8.079999999999998;60.37;0.0;0.0;52.29;8.079999999999998;13.3841311909889;🟢 Ganho Rápido;🟡 Média;Avaliar aumento de preço com baixo risco competitivo.;3
7500435171090;CLEARBLUE TESTE GRAV SEMANAS;44.99;4;ZANOL E THOMAZ LTDA;Zanol e Thomaz;44.99;TRIANGULO DROGARIA LTDA;Triangulo;18.0;CLEARBLUE TESTE GRAV SEMANAS;PROCTER GAMBLE;CLEARBLUE;A;SUBIR PREÇO URGENTE;17.43857142857144;2.867303845298953;1.289999999999999;44.99;0.0;0.0;43.7;1.2899999999999991;2.867303845298953;🟢 Ganho Rápido;🟡 Média;Avaliar aumento de preço com baixo risco competitivo.;3
7506195129838;ALWAYS ABS MAX SUAVE PROTECAO C/8;8.99;1;ZANOL E THOMAZ LTDA;Zanol e Thomaz;8.99;TRIANGULO DROGARIA LTDA;Triangulo;5.0;ALWAYS ABS MAX SUAVE PROTECAO C/8;;;;SEM CUSTO;;;;8.99;0.0;0.0;;;;🟠 Produto Sem Custo;🟡 Média;Regularizar custo/cadastro antes da decisão.;3
7506306214989;REXONA DES AERO CLINICAL FEM CLASSIC 150ML;18.99;2;ZANOL E THOMAZ LTDA;Zanol e Thomaz;18.99;TRIANGULO DROGARIA LTDA;Triangulo;13.0;REXONA DES AERO CLINICAL FEM CLASSIC 150ML;UNILEVER;REXONA;A;SUBIR PREÇO;0.4323809523810027;28.4061786905387;5.394333333333298;18.99;0.0;0.0;13.5956666666667;5.394333333333298;28.406178690538695;🟢 Ganho Rápido;🟡 Média;Avaliar aumento de preço com baixo risco competitivo.;3
7506306244184;REXONA DES AERO ANTIBACT INVISIBLE 150ML;12.99;1;ZANOL E THOMAZ LTDA;Zanol e Thomaz;12.99;TRIANGULO DROGARIA LTDA;Triangulo;10.0;REXONA DES AERO ANTIBACT INVISIBLE 150ML;UNILEVER;REXONA;A;SUBIR PREÇO;1.854692005242429;20.00550882471363;2.598715596330301;12.99;0.0;0.0;10.3912844036697;2.598715596330301;20.005508824713633;🟢 Ganho Rápido;🟡 Média;Avaliar aumento de preço com baixo risco competitivo.;3
75075644;VICK BABYRUB BALSAMO HID 12G;20.69;4;ZANOL E THOMAZ LTDA;Zanol e Thomaz;20.69;TRIANGULO DROGARIA LTDA;Triangulo;28.0;VICK BABYRUB BALSAMO HID 12G;;;;SEM CUSTO;;;;20.69;0.0;0.0;;;;🟠 Produto Sem Custo;🟡 Média;Regularizar custo/cadastro antes da decisão.;3
75076818;REXONA DES CRM CLINICAL WOMAN CLASSIC 58GR;24.99;3;ZANOL E THOMAZ LTDA;Zanol e Thomaz;24.99;TRIANGULO DROGARIA LTDA;Triangulo;16.0;REXONA DES CRM CLINICAL WOMAN CLASSIC 58GR;UNILEVER;REXONA;A;SUBIR PREÇO URGENTE;4.386984126984146;17.71152905606682;4.426111111111098;24.99;0.0;0.0;20.5638888888889;4.426111111111098;17.71152905606682;🟢 Ganho Rápido;🟡 Média;Avaliar aumento de preço com baixo risco competitivo.;3
75076825;REXONA DES CRM CLINICAL CLEAN 58GR;24.99;3;ZANOL E THOMAZ LTDA;Zanol e Thomaz;24.99;TRIANGULO DROGARIA LTDA;Triangulo;11.0;REXONA DES CRM CLINICAL CLEAN 58GR;UNILEVER;REXONA;A;SUBIR PREÇO;2.631428571428575;22.62905162064825;5.654999999999998;24.99;0.0;0.0;19.335;5.654999999999998;22.62905162064825;🟢 Ganho Rápido;🟡 Média;Avaliar aumento de preço com baixo risco competitivo.;3
75076870;REXONA DES CRM CLINICAL EXTRA DRY 58GR;24.99;1;ZANOL E THOMAZ LTDA;Zanol e Thomaz;24.99;TRIANGULO DROGARIA LTDA;Triangulo;6.0;REXONA DES CRM CLINICAL EXTRA DRY 58GR;UNILEVER;REXONA;A;SUBIR PREÇO;3.472857142857144;20.27210884353741;5.065999999999999;24.99;0.0;0.0;19.924;5.065999999999999;20.272108843537413;🟢 Ganho Rápido;🟡 Média;Avaliar aumento de preço com baixo risco competitivo.;3
7509546651040;COLGATE CRM DENTAL LUM WHITE CARV ATIV 70G;6.99;4;ZANOL E THOMAZ LTDA;Zanol e Thomaz;6.99;TRIANGULO DROGARIA LTDA;Triangulo;11.0;COLGATE CRM DENTAL LUM WHITE CARV ATIV 70G;COLGATE;COLGATE;A;SUBIR PREÇO;0.3882857142857139;26.11158798283262;1.825200000000001;6.99;0.0;0.0;5.1648;1.8252000000000006;26.111587982832624;🟢 Ganho Rápido;🟡 Média;Avaliar aumento de preço com baixo risco competitivo.;3
7590002012468;VICK VAPORUB POTE 50G;58.48;4;ZANOL E THOMAZ LTDA;Zanol e Thomaz;58.48;TRIANGULO DROGARIA LTDA;Triangulo;18.0;VICK VAPORUB POTE 50G;PROCTER GAMBLE;VICK VAPORUB;A;SUBIR PREÇO URGENTE;27.91142857142858;-3.409712722298222;-1.994;58.48;0.0;0.0;60.474;-1.9939999999999998;-3.4097127222982215;🟢 Ganho Rápido;🟡 Média;Avaliar aumento de preço com baixo risco competitivo.;3
7590002023228;VICK EXP 44E XPE 120ML;33.58;4;ZANOL E THOMAZ LTDA;Zanol e Thomaz;33.58;TRIANGULO DROGARIA LTDA;Triangulo;23.0;VICK EXP 44E XPE 120ML;PROCTER GAMBLE;VICK;A;SUBIR PREÇO URGENTE;14.34040816326529;0.106355824044964;0.03571428571429891;33.58;0.0;0.0;33.5442857142857;0.03571428571429891;0.106355824044964;🟢 Ganho Rápido;🟡 Média;Avaliar aumento de preço com baixo risco competitivo.;3
7622210564337;TRIDENT FRESH CEREJA ICE 8G;2.49;2;ZANOL E THOMAZ LTDA;Zanol e Thomaz;2.49;TRIANGULO DROGARIA LTDA;Triangulo;19.0;CHICLE TRIDENT FRESH CEREJA ICE 8G;;;;SEM CUSTO;;;;2.99;0.0;0.0;;;;🟠 Produto Sem Custo;🟡 Média;Regularizar custo/cadastro antes da decisão.;3
7622300862367;LACTA CHOC TAB CHOC AO LEITE 20GR;2.99;2;ZANOL E THOMAZ LTDA;Zanol e Thomaz;2.99;TRIANGULO DROGARIA LTDA;Triangulo;8.0;LACTA CHOC TAB CHOC AO LEITE 20GR;;;;SEM CUSTO;;;;2.99;0.0;0.0;;;;🟠 Produto Sem Custo;🟡 Média;Regularizar custo/cadastro antes da decisão.;3
7791293022567;REXONA DES AERO MEN V8 150ML;12.99;4;ZANOL E THOMAZ LTDA;Zanol e Thomaz;12.99;TRIANGULO DROGARIA LTDA;Triangulo;18.0;REXONA DES AERO MEN V8 150ML;UNILEVER;REXONA;A;SUBIR PREÇO URGENTE;2.489761904761858;16.58326918142187;2.154166666666701;12.99;0.0;0.0;10.8358333333333;2.1541666666667005;16.583269181421866;🟢 Ganho Rápido;🟡 Média;Avaliar aumento de preço com baixo risco competitivo.;3
7791293022581;REXONA DES AERO XTRACOOL 150ML;12.99;4;ZANOL E THOMAZ LTDA;Zanol e Thomaz;12.99;TRIANGULO DROGARIA LTDA;Triangulo;14.0;REXONA DES AERO XTRACOOL 150ML;UNILEVER;REXONA;A;SUBIR PREÇO URGENTE;1.862761904761857;19.9620220682579;2.593066666666701;12.99;0.0;0.0;10.3969333333333;2.593066666666701;19.962022068257898;🟢 Ganho Rápido;🟡 Média;Avaliar aumento de preço com baixo risco competitivo.;3
7791293022598;REXONA DES AERO MEN ACTIVE DRY 150ML;12.99;5;ZANOL E THOMAZ LTDA;Zanol e Thomaz;12.99;TRIANGULO DROGARIA LTDA;Triangulo;13.0;REXONA DES AERO MEN ACTIVE DRY 150ML;UNILEVER;REXONA;A;SUBIR PREÇO URGENTE;3.709999999999999;10.00769822940724;1.300000000000001;12.99;0.0;0.0;11.69;1.3000000000000007;10.007698229407241;🟢 Ganho Rápido;🟡 Média;Avaliar aumento de preço com baixo risco competitivo.;3
7791293022635;REXONA DES AERO INVISIBLE 150ML;12.99;1;ZANOL E THOMAZ LTDA;Zanol e Thomaz;12.99;TRIANGULO DROGARIA LTDA;Triangulo;10.0;REXONA DES AERO INVISIBLE 150ML;UNILEVER;REXONA;A;SUBIR PREÇO URGENTE;2.171038961039001;18.30079081811163;2.3772727272727;12.99;0.0;0.0;10.6127272727273;2.3772727272727003;18.300790818111626;🟢 Ganho Rápido;🟡 Média;Avaliar aumento de preço com baixo risco competitivo.;3
7791293032436;REXONA DES AERO POWDER 150ML;12.99;2;ZANOL E THOMAZ LTDA;Zanol e Thomaz;12.99;TRIANGULO DROGARIA LTDA;Triangulo;26.0;REXONA DES AERO POWDER 150ML;UNILEVER;REXONA;A;SUBIR PREÇO URGENTE;3.709999999999999;10.00769822940724;1.300000000000001;12.99;0.0;0.0;11.69;1.3000000000000007;10.007698229407241;🟢 Ganho Rápido;🟡 Média;Avaliar aumento de preço com baixo risco competitivo.;3
7791293032443;REXONA DES AERO ACTIVE EMOTION 150ML;12.99;1;ZANOL E THOMAZ LTDA;Zanol e Thomaz;12.99;TRIANGULO DROGARIA LTDA;Triangulo;21.0;REXONA DES AERO ACTIVE EMOTION 150ML;UNILEVER;REXONA;A;SUBIR PREÇO;1.826666666666714;20.15653066461355;2.6183333333333;12.99;0.0;0.0;10.3716666666667;2.6183333333333003;20.156530664613552;🟢 Ganho Rápido;🟡 Média;Avaliar aumento de preço com baixo risco competitivo.;3
7791293032467;REXONA DES AERO COTTON 150ML;12.99;2;ZANOL E THOMAZ LTDA;Zanol e Thomaz;12.99;TRIANGULO DROGARIA LTDA;Triangulo;29.0;REXONA DES AERO COTTON 150ML;UNILEVER;REXONA;A;SUBIR PREÇO;1.826666666666714;20.15653066461355;2.6183333333333;12.99;0.0;0.0;10.3716666666667;2.6183333333333003;20.156530664613552;🟢 Ganho Rápido;🟡 Média;Avaliar aumento de preço com baixo risco competitivo.;3
7791293032498;REXONA DES AERO BAMBOO 150ML;12.99;5;ZANOL E THOMAZ LTDA;Zanol e Thomaz;12.99;TRIANGULO DROGARIA LTDA;Triangulo;24.0;REXONA DES AERO BAMBOO 150ML;UNILEVER;REXONA;A;SUBIR PREÇO;1.826666666666714;20.15653066461355;2.6183333333333;12.99;0.0;0.0;10.3716666666667;2.6183333333333003;20.156530664613552;🟢 Ganho Rápido;🟡 Média;Avaliar aumento de preço com baixo risco competitivo.;3
7791293033266;DOVE DES AERO GO FRESH ROMA VERBENA 150ML;14.99;1;ZANOL E THOMAZ LTDA;Zanol e Thomaz;14.99;TRIANGULO DROGARIA LTDA;Triangulo;19.0;DOVE DES AERO GO FRESH ROMA VERBENA 150ML;UNILEVER;DOVE;A;SUBIR PREÇO URGENTE;3.13857142857143;15.34356237491662;2.300000000000001;14.99;0.0;0.0;12.69;2.3000000000000007;15.343562374916617;🟢 Ganho Rápido;🟡 Média;Avaliar aumento de preço com baixo risco competitivo.;3
7795323001461;DANONE APTAMIL SOJA 2 800GR;119.99;6;ZANOL E THOMAZ LTDA;Zanol e Thomaz;119.99;TRIANGULO DROGARIA LTDA;Triangulo;22.0;DANONE APTAMIL SOJA 2 800GR;DANONE;APTAMIL SOJA 2;A;SUBIR PREÇO;4.863571428571433;27.16268022335195;32.5925;119.99;0.0;0.0;87.3975;32.5925;27.16268022335195;🟢 Ganho Rápido;🟡 Média;Avaliar aumento de preço com baixo risco competitivo.;3
78900776;VALDA CLASSIC LATA 50G UN;17.69;6;ZANOL E THOMAZ LTDA;Zanol e Thomaz;17.69;TRIANGULO DROGARIA LTDA;Triangulo;10.0;VALDA CLASSIC LATA 50G UN;;;;SEM CUSTO;;;;17.69;0.0;0.0;;;;🟠 Produto Sem Custo;🟡 Média;Regularizar custo/cadastro antes da decisão.;3
78900806;VALDA TABLETE CHICLETE TRAD UN;1.15;6;ZANOL E THOMAZ LTDA;Zanol e Thomaz;1.15;TRIANGULO DROGARIA LTDA;Triangulo;27.0;VALDA TABLETE CHICLETE TRAD UN;;;;SEM CUSTO;;;;1.15;0.0;0.0;;;;🟠 Produto Sem Custo;🟡 Média;Regularizar custo/cadastro antes da decisão.;3
78906884;VALDA CLASSIC SACHE 12G;5.39;2;ZANOL E THOMAZ LTDA;Zanol e Thomaz;5.39;TRIANGULO DROGARIA LTDA;Triangulo;20.0;VALDA CLASSIC SACHE 12G;;;;SEM CUSTO;;;;5.39;0.0;0.0;;;;🟠 Produto Sem Custo;🟡 Média;Regularizar custo/cadastro antes da decisão.;3
7891000001080;NINHO FASES 1+ 400G;23.99;4;ZANOL E THOMAZ LTDA;Zanol e Thomaz;23.99;TRIANGULO DROGARIA LTDA;Triangulo;27.0;NINHO FASES 1+ 400G;NESTLE;NINHO FASES 1+;A;SUBIR PREÇO URGENTE;4.567142857142859;16.67361400583577;4.0;23.99;0.0;0.0;19.99;4.0;16.673614005835766;🟢 Ganho Rápido;🟡 Média;Avaliar aumento de preço com baixo risco competitivo.;3
7891000062722;NESTOGENO 1 800GR;49.99;4;ZANOL E THOMAZ LTDA;Zanol e Thomaz;49.99;TRIANGULO DROGARIA LTDA;Triangulo;21.0;NESTOGENO 1 800GR;NESTLE;NESTOGENO 1;A;SUBIR PREÇO URGENTE;14.962380952381;9.048476361938999;4.523333333333305;49.99;0.0;0.0;45.4666666666667;4.523333333333305;9.048476361938999;🟢 Ganho Rápido;🟡 Média;Avaliar aumento de preço com baixo risco competitivo.;3
7891000062760;NESTOGENO 2 800GR;49.99;6;ZANOL E THOMAZ LTDA;Zanol e Thomaz;49.99;TRIANGULO DROGARIA LTDA;Triangulo;39.0;NESTOGENO 2 800GR;NESTLE;NESTOGENO 2;A;SUBIR PREÇO URGENTE;17.42676190476187;5.597652863906178;2.798266666666699;49.99;0.0;0.0;47.1917333333333;2.7982666666666987;5.597652863906178;🟢 Ganho Rápido;🟡 Média;Avaliar aumento de preço com baixo risco competitivo.;3
7891000071625;NAN COMFOR 1 800G 0 A 6 MESES;66.99;7;ZANOL E THOMAZ LTDA;Zanol e Thomaz;66.99;TRIANGULO DROGARIA LTDA;Triangulo;49.0;NAN COMFOR 1 800G 0 A 6 MESES;NESTLE;NAN COMFOR 1;A;SUBIR PREÇO URGENTE;26.76476190476187;2.032641687814141;1.361666666666693;66.99;0.0;0.0;65.6283333333333;1.361666666666693;2.032641687814141;🟢 Ganho Rápido;🟡 Média;Avaliar aumento de preço com baixo risco competitivo.;3
7891000097649;NANLAC COMFOR 1 A 3 ANOS 800G;64.99;6;ZANOL E THOMAZ LTDA;Zanol e Thomaz;64.99;TRIANGULO DROGARIA LTDA;Triangulo;34.0;NANLAC COMFOR 1 A 3 ANOS 800G;NESTLE;NAN COMFOR 3;A;SUBIR PREÇO URGENTE;16.93857142857144;11.75565471611016;7.639999999999993;64.99;0.0;0.0;57.35;7.6399999999999935;11.755654716110161;🟢 Ganho Rápido;🟡 Média;Avaliar aumento de preço com baixo risco competitivo.;3
7891000118580;PRESTIGIO CHOC DARK 33GR;4.49;2;ZANOL E THOMAZ LTDA;Zanol e Thomaz;4.49;TRIANGULO DROGARIA LTDA;Triangulo;8.0;PRESTIGIO CHOC DARK 33GR;;;;SEM CUSTO;;;;4.49;0.0;0.0;;;;🟠 Produto Sem Custo;🟡 Média;Regularizar custo/cadastro antes da decisão.;3
7891000251133;PRESTIGIO CHOC BRANCO 33G UN;4.49;2;ZANOL E THOMAZ LTDA;Zanol e Thomaz;4.49;TRIANGULO DROGARIA LTDA;Triangulo;7.0;PRESTIGIO CHOC BRANCO 33G UN;;;;SEM CUSTO;;;;4.49;0.0;0.0;;;;🟠 Produto Sem Custo;🟡 Média;Regularizar custo/cadastro antes da decisão.;3
7891000287736;NUTREN SENIOR PO BAUNILHA 740GR;162.49;3;ZANOL E THOMAZ LTDA;Zanol e Thomaz;162.49;TRIANGULO DROGARIA LTDA;Triangulo;5.0;NUTREN SENIOR PO BAUNILHA 740GR;NESTLE;NUTREN SENIOR;A;SUBIR PREÇO;15.26974025974002;23.42186092570743;38.05818181818201;162.49;0.0;0.0;124.431818181818;38.05818181818201;23.42186092570743;🟢 Ganho Rápido;🟡 Média;Avaliar aumento de preço com baixo risco competitivo.;3
7891000356890;MUCILON MING MULTICEREAIS SH 360G;8.99;4;ZANOL E THOMAZ LTDA;Zanol e Thomaz;8.99;TRIANGULO DROGARIA LTDA;Triangulo;41.0;MUCILON MING MULTICEREAIS SH 360G;NESTLE;MUCILON;A;SUBIR PREÇO URGENTE;2.709999999999999;8.898776418242498;0.8000000000000007;8.99;0.0;0.0;8.19;0.8000000000000007;8.898776418242498;🟢 Ganho Rápido;🟡 Média;Avaliar aumento de preço com baixo risco competitivo.;3
7891000357019;MUCILON MING ARROZ/AVEIA SH 360G;8.99;4;ZANOL E THOMAZ LTDA;Zanol e Thomaz;8.99;TRIANGULO DROGARIA LTDA;Triangulo;26.0;MUCILON MING ARROZ/AVEIA SH 360G;NESTLE;MUCILON;A;SUBIR PREÇO URGENTE;4.245714285714287;-3.058954393770861;-0.2750000000000004;8.99;0.0;0.0;9.265;-0.27500000000000036;-3.0589543937708608;🟢 Ganho Rápido;🟡 Média;Avaliar aumento de preço com baixo risco competitivo.;3
7891000368947;NESTLE CLASSIC CHOC BARRA PRESTIGIO 80GR  UN;9.99;2;ZANOL E THOMAZ LTDA;Zanol e Thomaz;9.99;TRIANGULO DROGARIA LTDA;Triangulo;9.0;NESTLE CLASSIC CHOC BARRA PRESTIGIO 80GR  UN;;;;SEM CUSTO;;;;9.99;0.0;0.0;;;;🟠 Produto Sem Custo;🟡 Média;Regularizar custo/cadastro antes da decisão.;3
7891000438381;GAROTO CHO AO LEITE 80G 20% GTS;10.99;1;ZANOL E THOMAZ LTDA;Zanol e Thomaz;10.99;TRIANGULO DROGARIA LTDA;Triangulo;1.0;GAROTO CHO AO LEITE 80G 20% GTS;;;;SEM CUSTO;;;;10.99;0.0;0.0;;;;🟠 Produto Sem Custo;🟡 Média;Regularizar custo/cadastro antes da decisão.;3
78910041;GAROTO PAST HORTELA 17GR;1.49;1;ZANOL E THOMAZ LTDA;Zanol e Thomaz;1.49;TRIANGULO DROGARIA LTDA;Triangulo;14.0;GAROTO PAST HORTELA 17GR;;;;SEM CUSTO;;;;1.49;0.0;0.0;;;;🟠 Produto Sem Custo;🟡 Média;Regularizar custo/cadastro antes da decisão.;3
7891008121193;GAROTO CHOC CARIBE 28GR;3.99;2;ZANOL E THOMAZ LTDA;Zanol e Thomaz;3.99;TRIANGULO DROGARIA LTDA;Triangulo;20.0;CHOC GAROTO CARIBE 2;;;;SEM CUSTO;;;;5.49;0.0;0.0;;;;🟠 Produto Sem Custo;🟡 Média;Regularizar custo/cadastro antes da decisão.;3
7891008121575;GAROTO CHOC TALENTO MEIO AMARGO 85GR UN;9.99;5;ZANOL E THOMAZ LTDA;Zanol e Thomaz;9.99;TRIANGULO DROGARIA LTDA;Triangulo;26.0;GAROTO CHOC TALENTO MEIO AMARGO 85GR UN;;;;SEM CUSTO;;;;9.99;0.0;0.0;;;;🟠 Produto Sem Custo;🟡 Média;Regularizar custo/cadastro antes da decisão.;3
7891008121674;GAROTO CHOC TALENTO BCO/PASS 85GR UN;9.99;6;ZANOL E THOMAZ LTDA;Zanol e Thomaz;9.99;TRIANGULO DROGARIA LTDA;Triangulo;19.0;GAROTO CHOC TALENTO BCO/PASS 85GR UN;;;;SEM CUSTO;;;;9.99;0.0;0.0;;;;🟠 Produto Sem Custo;🟡 Média;Regularizar custo/cadastro antes da decisão.;3
7891008121728;GAROTO CHOC TALENTO LEITE/AVELA 85GR;9.99;6;ZANOL E THOMAZ LTDA;Zanol e Thomaz;9.99;TRIANGULO DROGARIA LTDA;Triangulo;27.0;GAROTO CHOC TALENTO LEITE/AVELA 85GR;;;;SEM CUSTO;;;;9.99;0.0;0.0;;;;🟠 Produto Sem Custo;🟡 Média;Regularizar custo/cadastro antes da decisão.;3
7891008121872;GAROTO CHOC TALENTO MORANGO 85GR;9.99;5;ZANOL E THOMAZ LTDA;Zanol e Thomaz;9.99;TRIANGULO DROGARIA LTDA;Triangulo;24.0;GAROTO CHOC TALENTO MORANGO 85GR;;;;SEM CUSTO;;;;9.99;0.0;0.0;;;;🟠 Produto Sem Custo;🟡 Média;Regularizar custo/cadastro antes da decisão.;3
7891008124477;GAROTO CHOC TAB NEGRESCO BCO 80G UN;10.99;3;ZANOL E THOMAZ LTDA;Zanol e Thomaz;10.99;TRIANGULO DROGARIA LTDA;Triangulo;18.0;GAROTO CHOC TAB NEGRESCO BCO 80G UN;;;;SEM CUSTO;;;;10.99;0.0;0.0;;;;🟠 Produto Sem Custo;🟡 Média;Regularizar custo/cadastro antes da decisão.;3
7891010253905;NEUTROGENA HIDRATA E REPARA 400ML;32.34;7;ZANOL E THOMAZ LTDA;Zanol e Thomaz;32.34;TRIANGULO DROGARIA LTDA;Triangulo;27.0;NEUTROGENA HIDRATA E REPARA 400ML;KENVUE;NEUTROGENA;A;SUBIR PREÇO;3.276294642857138;22.90845315398888;7.408593750000005;32.34;0.0;0.0;24.93140625;7.408593750000005;22.90845315398888;🟢 Ganho Rápido;🟡 Média;Avaliar aumento de preço com baixo risco competitivo.;3
7891024130728;COLGATE ENX BUCAL PLAX FRESH MINT 60ML;5.99;4;ZANOL E THOMAZ LTDA;Zanol e Thomaz;5.99;TRIANGULO DROGARIA LTDA;Triangulo;4.0;COLGATE ENX BUCAL PLAX FRESH MINT 60ML;COLGATE;COLGATE;A;SUBIR PREÇO URGENTE;0.8766666666666723;19.75514746800217;1.18333333333333;5.989999999999999;0.0;0.0;4.80666666666667;1.18333333333333;19.75514746800217;🟢 Ganho Rápido;🟡 Média;Avaliar aumento de preço com baixo risco competitivo.;3
7891025107880;DANONE APTAMIL PREMIUM 2 400GR;44.99;2;ZANOL E THOMAZ LTDA;Zanol e Thomaz;44.99;TRIANGULO DROGARIA LTDA;Triangulo;14.0;DANONE APTAMIL PREMIUM 2 400GR;DANONE;APTAMIL 2;A;SUBIR PREÇO;0.9467346938775805;28.52697424824561;12.8342857142857;44.99;0.0;0.0;32.1557142857143;12.834285714285699;28.526974248245608;🟢 Ganho Rápido;🟡 Média;Avaliar aumento de preço com baixo risco competitivo.;3
7891025107897;DANONE APTAMIL PREMIUM 2 800GR;65.99;7;ZANOL E THOMAZ LTDA;Zanol e Thomaz;65.99;RAIADROGASIL S.A.;Drogasil;46.0;APTAMIL PREMIUM 2 800G;DANONE;APTAMIL 2;A;SUBIR PREÇO URGENTE;13.84920417482057;15.30922424249977;10.1025570776256;83.15666666666665;0.0;0.0;55.8874429223744;10.102557077625598;15.30922424249977;🟢 Ganho Rápido;🟡 Média;Avaliar aumento de preço com baixo risco competitivo.;3
7891025112686;DANONE APTAMIL PROFUTURA 1 800GR;94.99;4;ZANOL E THOMAZ LTDA;Zanol e Thomaz;94.99;TRIANGULO DROGARIA LTDA;Triangulo;46.0;DANONE APTAMIL PROFUTURA 1 800GR;DANONE;APTAMIL PROFUTURA 1;A;SUBIR PREÇO URGENTE;16.08056277056272;18.14991689715349;17.2406060606061;94.99;0.0;0.0;77.7493939393939;17.240606060606098;18.14991689715349;🟢 Ganho Rápido;🟡 Média;Avaliar aumento de preço com baixo risco competitivo.;3
7891025118763;DANONE APTANUTRI PROFUTURA 3 800GR;84.99;2;ZANOL E THOMAZ LTDA;Zanol e Thomaz;84.99;TRIANGULO DROGARIA LTDA;Triangulo;5.0;DANONE APTANUTRI PROFUTURA 3 800GR;DANONE;APTANUTRI PROFUTURA 3;A;SUBIR PREÇO;11.61714285714287;20.43181550770679;17.36499999999999;84.99;0.0;0.0;67.625;17.364999999999995;20.431815507706787;🟢 Ganho Rápido;🟡 Média;Avaliar aumento de preço com baixo risco competitivo.;3
7891055813706;CONDOR KIT GEL+ESC JR HOT WHEELS;19.99;2;ZANOL E THOMAZ LTDA;Zanol e Thomaz;19.99;TRIANGULO DROGARIA LTDA;Triangulo;1.0;CONDOR KIT GEL+ESC JR HOT WHEELS;;;;SEM CUSTO;;;;19.99;0.0;0.0;;;;🟠 Produto Sem Custo;🟡 Média;Regularizar custo/cadastro antes da decisão.;3
7891058001599;NOVALGINA  500MG ENV 10CPR;12.98;4;ZANOL E THOMAZ LTDA;Zanol e Thomaz;12.98;TRIANGULO DROGARIA LTDA;Triangulo;5.0;NOVALGINA  500MG ENV 10CPR;;;;SEM CUSTO;;;;12.98;0.0;0.0;;;;🟠 Produto Sem Custo;🟡 Média;Regularizar custo/cadastro antes da decisão.;3
7891058002848;NOVALGINA 1 G C/ 4 CP;9.59;6;ZANOL E THOMAZ LTDA;Zanol e Thomaz;9.59;TRIANGULO DROGARIA LTDA;Triangulo;14.0;NOVALGINA 1 G C/ 4 CP;;;;SEM CUSTO;;;;9.59;0.0;0.0;;;;🟠 Produto Sem Custo;🟡 Média;Regularizar custo/cadastro antes da decisão.;3
7891058002916;DORFLEX BLISTER 10CPR UN;5.99;7;ZANOL E THOMAZ LTDA;Zanol e Thomaz;5.99;TRIANGULO DROGARIA LTDA;Triangulo;52.0;DORFLEX 1X10'S;;;;SEM CUSTO;;;;6.79;0.0;0.0;;;;🟠 Produto Sem Custo;🟡 Média;Regularizar custo/cadastro antes da decisão.;3
7891058003944;DORFLEX MAX 8CPR;13.1;7;ZANOL E THOMAZ LTDA;Zanol e Thomaz;13.1;TRIANGULO DROGARIA LTDA;Triangulo;22.0;DORFLEX MAX 8CPR;OPELLA;DORFLEX MAX;A;SUBIR PREÇO URGENTE;5.064285714285715;2.938931297709922;0.3849999999999998;13.1;0.0;0.0;12.715;0.3849999999999998;2.9389312977099222;🟢 Ganho Rápido;🟡 Média;Avaliar aumento de preço com baixo risco competitivo.;3
7891058003975;DORFLEX MAX 16CPR;23.66;6;ZANOL E THOMAZ LTDA;Zanol e Thomaz;23.66;TRIANGULO DROGARIA LTDA;Triangulo;20.0;DORFLEX MAX 16CPR;OPELLA;DORFLEX MAX;A;SUBIR PREÇO URGENTE;8.715939849623997;4.213195711171605;0.9968421052632017;23.66;0.0;0.0;22.6631578947368;0.9968421052632017;4.213195711171605;🟢 Ganho Rápido;🟡 Média;Avaliar aumento de preço com baixo risco competitivo.;3
7891058004347;ALLEGRA XPE PED 60ML;30.47;6;ZANOL E THOMAZ LTDA;Zanol e Thomaz;30.47;TRIANGULO DROGARIA LTDA;Triangulo;25.0;ALLEGRA XPE PED 60ML;OPELLA;ALLEGRA;A;SUBIR PREÇO URGENTE;12.93;0.2953724975385621;0.08999999999999986;30.8425;0.0;0.0;30.38;0.08999999999999986;0.2953724975385621;🟢 Ganho Rápido;🟡 Média;Avaliar aumento de preço com baixo risco competitivo.;3
7891058004354;ALLEGRA XPE PED 150ML;70.97;3;ZANOL E THOMAZ LTDA;Zanol e Thomaz;70.97;TRIANGULO DROGARIA LTDA;Triangulo;13.0;ALLEGRA XPE PED 150ML;OPELLA;ALLEGRA;A;SUBIR PREÇO URGENTE;28.75857142857144;1.634493447935743;1.159999999999997;70.97;0.0;0.0;69.81;1.1599999999999966;1.6344934479357427;🟢 Ganho Rápido;🟡 Média;Avaliar aumento de preço com baixo risco competitivo.;3
7891058005993;NOVALGINA FLASH 08CPR;22.63;6;ZANOL E THOMAZ LTDA;Zanol e Thomaz;22.63;TRIANGULO DROGARIA LTDA;Triangulo;7.0;NOVALGINA FLASH 08CPR;OPELLA;NOVALGINA FLASH;A;SUBIR PREÇO URGENTE;5.898571428571429;11.75430844012373;2.66;22.63;0.0;0.0;19.97;2.66;11.754308440123731;🟢 Ganho Rápido;🟡 Média;Avaliar aumento de preço com baixo risco competitivo.;3
7891058016999;ENTEROGERMINA 10FLAC 5ML;40.43;6;ZANOL E THOMAZ LTDA;Zanol e Thomaz;40.43;TRIANGULO DROGARIA LTDA;Triangulo;27.0;ENTEROGERMINA 10FLAC 5ML;OPELLA;ENTEROGERMINA;A;SUBIR PREÇO;0.9950000000000045;28.27726935443978;11.4325;40.53181818181818;0.0;0.0;28.997500000000002;11.432499999999997;28.277269354439767;🟢 Ganho Rápido;🟡 Média;Avaliar aumento de preço com baixo risco competitivo.;3
7891058017507;DORFLEX 36CPR;17.99;8;ZANOL E THOMAZ LTDA;Zanol e Thomaz;17.99;TRIANGULO DROGARIA LTDA;Triangulo;50.0;DORFLEX *******MG CX 36 COMP;OPELLA;DORFLEX;A;SUBIR PREÇO URGENTE;9.34714285714286;-6.37020566981657;-1.146000000000001;17.99;0.0;0.0;19.136;-1.1460000000000008;-6.37020566981657;🟢 Ganho Rápido;🟡 Média;Avaliar aumento de preço com baixo risco competitivo.;3
7891058020316;COLIRIO MOURA BRASIL 20ML;22.67;2;ZANOL E THOMAZ LTDA;Zanol e Thomaz;22.67;TRIANGULO DROGARIA LTDA;Triangulo;4.0;COLIRIO MOURA BRASIL 20ML;OPELLA;COLIRIO MOURA BRASIL;A;SUBIR PREÇO URGENTE;13.90428571428571;-12.93339214821349;-2.931999999999999;22.77666666666667;0.0;0.0;25.602;-2.9319999999999986;-12.93339214821349;🟢 Ganho Rápido;🟡 Média;Avaliar aumento de preço com baixo risco competitivo.;3
7891058022594;ENTEROGERMINA PLUS 10FLAC 5ML;65.44;2;ZANOL E THOMAZ LTDA;Zanol e Thomaz;65.44;TRIANGULO DROGARIA LTDA;Triangulo;27.0;ENTEROGERMINA PLUS 10FLAC 5ML;OPELLA;ENTEROGERMINA;A;SUBIR PREÇO;2.028571428571439;27.83007334963325;18.212;65.44;0.0;0.0;47.227999999999994;18.212000000000003;27.830073349633256;🟢 Ganho Rápido;🟡 Média;Avaliar aumento de preço com baixo risco competitivo.;3
7891058168049;ALLEGRA 120MG 10CPR;52.54;2;ZANOL E THOMAZ LTDA;Zanol e Thomaz;52.54;TRIANGULO DROGARIA LTDA;Triangulo;14.0;ALLEGRA 120MG 10CPR;OPELLA;ALLEGRA;A;SUBIR PREÇO;7.113846153846154;20.52209305730433;10.7823076923077;52.54;0.0;0.0;41.757692307692295;10.782307692307704;20.522093057304346;🟢 Ganho Rápido;🟡 Média;Avaliar aumento de preço com baixo risco competitivo.;3
7891058464073;NOVALGINA XPE 100ML;37.55;6;ZANOL E THOMAZ LTDA;Zanol e Thomaz;37.55;TRIANGULO DROGARIA LTDA;Triangulo;34.0;NOVALGINA XPE 100ML;OPELLA;NOVALGINA;A;SUBIR PREÇO URGENTE;14.70714285714286;2.5832223701731;0.9699999999999989;37.55;0.0;0.0;36.58;0.9699999999999989;2.5832223701731;🟢 Ganho Rápido;🟡 Média;Avaliar aumento de preço com baixo risco competitivo.;3
7891106003230;GINO CANESTEN 3 CR VAG 20G;72.57;2;ZANOL E THOMAZ LTDA;Zanol e Thomaz;72.57;TRIANGULO DROGARIA LTDA;Triangulo;7.0;GINO CANESTEN 3 CR VAG 20G;BAYER OTC;GINO CANESTEN;A;SUBIR PREÇO URGENTE;27.11538205980072;3.844884329805007;2.790232558139493;72.57;0.0;0.0;69.7797674418605;2.7902325581394933;3.844884329805007;🟢 Ganho Rápido;🟡 Média;Avaliar aumento de preço com baixo risco competitivo.;3
7891106908221;BEPANTOL BABY MAXI TUBO CREME 60G;30.8;12;ZANOL E THOMAZ LTDA;Zanol e Thomaz;30.8;TRIANGULO DROGARIA LTDA;Triangulo;57.0;BEPANTOL BABY MAXI TUBO CREME 60G;BAYER OTC;BEPANTOL BABY;A;SUBIR PREÇO;1.635383159886427;26.28322009116722;8.095231788079502;30.8;0.0;0.0;22.7047682119205;8.095231788079502;26.283220091167216;🟢 Ganho Rápido;🟡 Média;Avaliar aumento de preço com baixo risco competitivo.;3
7891106916059;GINO CANESTEN 1 01CPR+APL;80.14;3;ZANOL E THOMAZ LTDA;Zanol e Thomaz;80.14;TRIANGULO DROGARIA LTDA;Triangulo;4.0;GINO CANESTEN 1 01CPR+APL;BAYER OTC;GINO CANESTEN;A;SUBIR PREÇO URGENTE;29.80803312629401;3.963534828542794;3.176376811594196;80.14;0.0;0.0;76.9636231884058;3.1763768115941957;3.9635348285427945;🟢 Ganho Rápido;🟡 Média;Avaliar aumento de preço com baixo risco competitivo.;3
78911246;VICK PYRENA CHA 1 ENV MEL E LIMAO 5G;4.22;4;ZANOL E THOMAZ LTDA;Zanol e Thomaz;4.22;TRIANGULO DROGARIA LTDA;Triangulo;27.0;VICK PYRENA CHA 1 ENV MEL E LIMAO 5G;;;;SEM CUSTO;;;;4.22;0.0;0.0;;;;🟠 Produto Sem Custo;🟡 Média;Regularizar custo/cadastro antes da decisão.;3
7891137000017;VALDA FRIENDS PAST POTE 50G;9.75;2;ZANOL E THOMAZ LTDA;Zanol e Thomaz;9.75;TRIANGULO DROGARIA LTDA;Triangulo;13.0;PAST VALDA FRIENDS P;;;;SEM CUSTO;;;;15.99;0.0;0.0;;;;🟠 Produto Sem Custo;🟡 Média;Regularizar custo/cadastro antes da decisão.;3
7891142115492;ALIVIUM 100MG GTS 20ML;38.51;4;ZANOL E THOMAZ LTDA;Zanol e Thomaz;38.51;TRIANGULO DROGARIA LTDA;Triangulo;24.0;ALIVIUM 100MG GTS 20ML;HYPERA PP;ALIVIUM;A;SUBIR PREÇO URGENTE;6.627142857142864;17.95377823941833;6.913999999999998;38.51;0.0;0.0;31.596;6.913999999999998;17.953778239418327;🟢 Ganho Rápido;🟡 Média;Avaliar aumento de preço com baixo risco competitivo.;3
7891142177162;PREDSIM 3MG 60ML SOL ORAL;28.3;2;ZANOL E THOMAZ LTDA;Zanol e Thomaz;28.3;TRIANGULO DROGARIA LTDA;Triangulo;14.0;PREDSIM 3MG 60ML SOL ORAL;HYPERA PP;PREDSIM;A;SUBIR PREÇO URGENTE;12.30892857142857;-0.4461130742049429;-0.1262499999999989;28.3;0.0;0.0;28.42625;-0.12624999999999886;-0.44611307420494295;🟢 Ganho Rápido;🟡 Média;Avaliar aumento de preço com baixo risco competitivo.;3
7891142205490;ALIVIUM GC 200MG GTS 20ML;48.64;4;ZANOL E THOMAZ LTDA;Zanol e Thomaz;48.64;TRIANGULO DROGARIA LTDA;Triangulo;16.0;ALIVIUM GC 200MG GTS 20ML;HYPERA PP;ALIVIUM;A;SUBIR PREÇO URGENTE;11.24571428571429;13.81578947368421;6.719999999999999;48.64;0.0;0.0;41.92;6.719999999999999;13.815789473684209;🟢 Ganho Rápido;🟡 Média;Avaliar aumento de preço com baixo risco competitivo.;3
7891142982186;CORISTINA D PRO 4 CP UN;9.65;4;ZANOL E THOMAZ LTDA;Zanol e Thomaz;9.65;TRIANGULO DROGARIA LTDA;Triangulo;27.0;CORISTINA D PRO 4 CP UN;;;;SEM CUSTO;;;;9.65;0.0;0.0;;;;🟠 Produto Sem Custo;🟡 Média;Regularizar custo/cadastro antes da decisão.;3
7891150054646;REXONA DES AERO IMPACT 150ML;12.99;2;ZANOL E THOMAZ LTDA;Zanol e Thomaz;12.99;TRIANGULO DROGARIA LTDA;Triangulo;16.0;REXONA DES AERO IMPACT 150ML;UNILEVER;REXONA;A;SUBIR PREÇO;1.826666666666714;20.15653066461355;2.6183333333333;12.99;0.0;0.0;10.3716666666667;2.6183333333333003;20.156530664613552;🟢 Ganho Rápido;🟡 Média;Avaliar aumento de preço com baixo risco competitivo.;3
7891150063747;DOVE DES AERO AMORA 150ML;14.99;2;ZANOL E THOMAZ LTDA;Zanol e Thomaz;14.99;TRIANGULO DROGARIA LTDA;Triangulo;11.0;DOVE DES AERO AMORA 150ML;UNILEVER;DOVE;A;SUBIR PREÇO;1.890952380952429;21.16966866800066;3.1733333333333;14.99;0.0;0.0;11.8166666666667;3.1733333333333;21.169668668000664;🟢 Ganho Rápido;🟡 Média;Avaliar aumento de preço com baixo risco competitivo.;3
7891150064737;REXONA DES AERO FRUTAS VERM 150ML;12.99;1;ZANOL E THOMAZ LTDA;Zanol e Thomaz;12.99;TRIANGULO DROGARIA LTDA;Triangulo;27.0;REXONA DES AERO FRUTAS VERM 150ML;UNILEVER;REXONA;A;SUBIR PREÇO URGENTE;2.478571428571428;16.64357197844496;2.162000000000001;12.99;0.0;0.0;10.828;2.162000000000001;16.643571978444964;🟢 Ganho Rápido;🟡 Média;Avaliar aumento de preço com baixo risco competitivo.;3
7891150079236;DOVE BABY SAB LIQ HORA DORMIR 400ML;29.99;5;ZANOL E THOMAZ LTDA;Zanol e Thomaz;29.99;TRIANGULO DROGARIA LTDA;Triangulo;18.0;DOVE BABY SAB LIQ HORA DORMIR 400ML;;;;SEM CUSTO;;;;29.99;0.0;0.0;;;;🟠 Produto Sem Custo;🟡 Média;Regularizar custo/cadastro antes da decisão.;3
7891150084148;DOVE DES AERO MEN LIMAO 150ML;14.99;1;ZANOL E THOMAZ LTDA;Zanol e Thomaz;14.99;TRIANGULO DROGARIA LTDA;Triangulo;8.0;DOVE DES AERO MEN LIMAO 150ML;;;;SEM CUSTO;;;;14.99;0.0;0.0;;;;🟠 Produto Sem Custo;🟡 Média;Regularizar custo/cadastro antes da decisão.;3
7891150095847;DOVE SERUM DEO HID CORP PRO PANTENOL 180ML;24.99;2;ZANOL E THOMAZ LTDA;Zanol e Thomaz;24.99;TRIANGULO DROGARIA LTDA;Triangulo;2.0;DOVE SERUM DEO HID CORP PRO PANTENOL 180ML;;;;SEM CUSTO;;;;24.99;0.0;0.0;;;;🟠 Produto Sem Custo;🟡 Média;Regularizar custo/cadastro antes da decisão.;3
7891150098442;DOVE SAB LIQ OLEO DE BANHO GLICER   240ML;30.99;3;ZANOL E THOMAZ LTDA;Zanol e Thomaz;30.99;TRIANGULO DROGARIA LTDA;Triangulo;3.0;DOVE SAB LIQ OLEO DE BANHO GLICER   240ML;UNILEVER;DOVE;A;SUBIR PREÇO;0.7778571428571475;28.24298160696998;8.752499999999998;30.99;0.0;0.0;22.2375;8.752499999999998;28.242981606969984;🟢 Ganho Rápido;🟡 Média;Avaliar aumento de preço com baixo risco competitivo.;3
7891158106897;COBAVITAL 30CPR;35.99;3;ZANOL E THOMAZ LTDA;Zanol e Thomaz;35.99;TRIANGULO DROGARIA LTDA;Triangulo;14.0;COBAVITAL 30CPR;ABBOTT;COBAVITAL;A;SUBIR PREÇO URGENTE;10.083887587822;10.38699274388608;3.738278688524602;35.99;0.0;0.0;32.2517213114754;3.738278688524602;10.386992743886085;🟢 Ganho Rápido;🟡 Média;Avaliar aumento de preço com baixo risco competitivo.;3
7891158106965;COBAVITAL 16 MICRO CP;26.65;4;ZANOL E THOMAZ LTDA;Zanol e Thomaz;26.65;TRIANGULO DROGARIA LTDA;Triangulo;13.0;COBAVITAL 16 MICRO CP;ABBOTT;COBAVITAL;A;SUBIR PREÇO;3.477819548872144;20.86501431815947;5.560526315789499;26.65;0.0;0.0;21.0894736842105;5.560526315789499;20.86501431815947;🟢 Ganho Rápido;🟡 Média;Avaliar aumento de preço com baixo risco competitivo.;3
7891224721092;HAVAIANAS TOP LOGO METAL PRETO/PRETO 35/6 VR;48.99;2;ZANOL E THOMAZ LTDA;Zanol e Thomaz;48.99;TRIANGULO DROGARIA LTDA;Triangulo;4.0;HAVAIANAS TOP LOGO METAL PRETO/PRETO 35/6 VR;;;;SEM CUSTO;;;;48.99;0.0;0.0;;;;🟠 Produto Sem Custo;🟡 Média;Regularizar custo/cadastro antes da decisão.;3
7891317005641;SUGANON 5MG 30CPR;128.26;1;ZANOL E THOMAZ LTDA;Zanol e Thomaz;128.26;TRIANGULO DROGARIA LTDA;Triangulo;7.0;SUGANON 5MG 30CPR;EUROFARMA;SUGANON;A;SUBIR PREÇO URGENTE;74.25214285714287;-10.52432558864806;-13.49850000000001;128.26;0.0;0.0;141.7585;-13.498500000000007;-10.524325588648065;🟢 Ganho Rápido;🟡 Média;Avaliar aumento de preço com baixo risco competitivo.;3
7891317009748;TAMISA 30 28CPR SEM PARAR;38.71;3;ZANOL E THOMAZ LTDA;Zanol e Thomaz;38.71;TRIANGULO DROGARIA LTDA;Triangulo;17.0;TAMISA 30 28CPR SEM PARAR;EUROFARMA;TAMISA;A;SUBIR PREÇO URGENTE;21.89588235294114;-9.594723965535518;-3.714117647058799;38.71;0.0;0.0;42.4241176470588;-3.7141176470587993;-9.594723965535518;🟢 Ganho Rápido;🟡 Média;Avaliar aumento de preço com baixo risco competitivo.;3
7891317010065;DIUPRESS 25MG/5MG 30 CPR;36.08;2;ZANOL E THOMAZ LTDA;Zanol e Thomaz;36.08;TRIANGULO DROGARIA LTDA;Triangulo;26.0;DIUPRESS 25MG/5MG 30 CP SUPERA;SUPERA RX;DIUPRESS;A;SUBIR PREÇO URGENTE;14.95714285714286;0.9811529933481132;0.3539999999999992;36.08;0.0;0.0;35.726;0.3539999999999992;0.9811529933481132;🟢 Ganho Rápido;🟡 Média;Avaliar aumento de preço com baixo risco competitivo.;3
7891317010164;BUPROPIONA 150MG 30CPR LP EURO;74.9;2;ZANOL E THOMAZ LTDA;Zanol e Thomaz;74.9;TRIANGULO DROGARIA LTDA;Triangulo;3.0;BUPROPIONA 150MG 30CPR LP EURO;EUROFARMA;BUPROPIONA;A;SUBIR PREÇO URGENTE;17.12315270935957;13.99705354265461;10.48379310344831;74.9;0.0;0.0;64.4162068965517;10.483793103448306;13.997053542654614;🟢 Ganho Rápido;🟡 Média;Avaliar aumento de preço com baixo risco competitivo.;3
7891317016623;DEXFER 400MG 30CPR;53.06;4;ZANOL E THOMAZ LTDA;Zanol e Thomaz;53.06;TRIANGULO DROGARIA LTDA;Triangulo;27.0;DEXFER 400MG 30CPR;EUROFARMA;DEXFER;A;SUBIR PREÇO URGENTE;24.74612244897958;-2.646599536912361;-1.404285714285699;53.06;0.0;0.0;54.4642857142857;-1.4042857142856988;-2.646599536912361;🟢 Ganho Rápido;🟡 Média;Avaliar aumento de preço com baixo risco competitivo.;3
7891317101961;AZITROMICINA 1500MG PO SUSP 22ML EURO;43.94;6;ZANOL E THOMAZ LTDA;Zanol e Thomaz;43.94;TRIANGULO DROGARIA LTDA;Triangulo;28.0;AZITROMICINA 1500MG PO SUSP 22ML EURO;EUROFARMA;AZITROMICINA;A;SUBIR PREÇO;2.891055900621147;25.39431240228766;11.1582608695652;43.94;0.0;0.0;32.7817391304348;11.158260869565197;25.39431240228766;🟢 Ganho Rápido;🟡 Média;Avaliar aumento de preço com baixo risco competitivo.;3
7891317103323;BETATRINTA INJ 01AMP 01ML;24.69;4;ZANOL E THOMAZ LTDA;Zanol e Thomaz;24.69;TRIANGULO DROGARIA LTDA;Triangulo;16.0;BETATRINTA INJ 01AMP 01ML;EUROFARMA;BETATRINTA;A;SUBIR PREÇO URGENTE;12.890228001425;-6.545806403392056;-1.616159600997499;24.69;0.0;0.0;26.3061596009975;-1.6161596009974986;-6.5458064033920556;🟢 Ganho Rápido;🟡 Média;Avaliar aumento de preço com baixo risco competitivo.;3
7891317121235;OLMESARTANA 40MG 30CPR EURO;32.9;2;ZANOL E THOMAZ LTDA;Zanol e Thomaz;32.9;TRIANGULO DROGARIA LTDA;Triangulo;10.0;OLMESARTANA 40MG 30CPR EURO;EUROFARMA;OLMES MEDOXOMILA;A;SUBIR PREÇO;1.044000000000004;27.77872340425532;9.139199999999999;32.9;0.0;0.0;23.7608;9.139199999999999;27.778723404255317;🟢 Ganho Rápido;🟡 Média;Avaliar aumento de preço com baixo risco competitivo.;3
7891317460518;NOEX 50MCG SPRAY 200DOSES;63.04;2;ZANOL E THOMAZ LTDA;Zanol e Thomaz;63.04;TRIANGULO DROGARIA LTDA;Triangulo;9.0;NOEX 50MCG SPRAY 200DOSES;EUROFARMA;NOEX;A;SUBIR PREÇO URGENTE;19.14461538461544;8.741702459976523;5.510769230769199;63.04;0.0;0.0;57.5292307692308;5.510769230769199;8.741702459976523;🟢 Ganho Rápido;🟡 Média;Avaliar aumento de preço com baixo risco competitivo.;3
7891317465032;TAMISA 20 63CPR;70.87;3;ZANOL E THOMAZ LTDA;Zanol e Thomaz;70.87;TRIANGULO DROGARIA LTDA;Triangulo;4.0;TAMISA 20 63CPR;EUROFARMA;TAMISA;A;SUBIR PREÇO URGENTE;41.29428571428572;-10.78735713277832;-7.644999999999996;70.87;0.0;0.0;78.515;-7.644999999999996;-10.78735713277832;🟢 Ganho Rápido;🟡 Média;Avaliar aumento de preço com baixo risco competitivo.;3
7891317465667;SELENE 21CPR;27.69;6;ZANOL E THOMAZ LTDA;Zanol e Thomaz;27.69;TRIANGULO DROGARIA LTDA;Triangulo;38.0;SELENE 21CPR;EUROFARMA;SELENE;A;SUBIR PREÇO URGENTE;15.61511083743843;-9.474819740725529;-2.623577586206899;27.69;0.0;0.0;30.3135775862069;-2.623577586206899;-9.474819740725529;🟢 Ganho Rápido;🟡 Média;Avaliar aumento de preço com baixo risco competitivo.;3
7891317922535;HOLMES 40MG 30CPR;41.95;3;ZANOL E THOMAZ LTDA;Zanol e Thomaz;41.95;TRIANGULO DROGARIA LTDA;Triangulo;10.0;HOLMES 40MG 30CPR;EUROFARMA;HOLMES;A;SUBIR PREÇO URGENTE;14.25162748643758;6.218976780676285;2.608860759493702;41.95;0.0;0.0;39.3411392405063;2.6088607594937017;6.218976780676285;🟢 Ganho Rápido;🟡 Média;Avaliar aumento de preço com baixo risco competitivo.;3
7891317922580;HOLMES 20MG 30 CP;39.9;2;ZANOL E THOMAZ LTDA;Zanol e Thomaz;39.9;TRIANGULO DROGARIA LTDA;Triangulo;4.0;HOLMES 20MG 30 CP;EUROFARMA;HOLMES;A;SUBIR PREÇO URGENTE;13.42704081632657;6.443788041532332;2.5710714285714;39.9;0.0;0.0;37.3289285714286;2.5710714285714005;6.443788041532332;🟢 Ganho Rápido;🟡 Média;Avaliar aumento de preço com baixo risco competitivo.;3
7891721024986;CONCOR 2,5MG 30CPR;69.24;1;ZANOL E THOMAZ LTDA;Zanol e Thomaz;69.24;TRIANGULO DROGARIA LTDA;Triangulo;13.0;CONCOR 2,5MG 30CPR;MERCK;CONCOR;A;SUBIR PREÇO URGENTE;25.78857142857143;3.928365106874637;2.719999999999999;69.24;0.0;0.0;66.52;2.719999999999999;3.9283651068746375;🟢 Ganho Rápido;🟡 Média;Avaliar aumento de preço com baixo risco competitivo.;3
7891721027451;GLIFAGE XR 750MG 30CPR;32.22;5;ZANOL E THOMAZ LTDA;Zanol e Thomaz;32.22;BRASIFARMA COMERCIO DE MEDICAMENTOS LTDA;Brasifarma;18.0;GLIFAGE XR 750MG 30CPR;MERCK;GLIFAGE XR;A;SUBIR PREÇO URGENTE;12.28714285714286;3.305400372439472;1.064999999999998;32.22;0.0;0.0;31.155;1.0649999999999977;3.305400372439472;🟢 Ganho Rápido;🟡 Média;Avaliar aumento de preço com baixo risco competitivo.;3
7891721029639;ALGINAC 1.000MCG 15CPR;29.34;3;ZANOL E THOMAZ LTDA;Zanol e Thomaz;29.34;TRIANGULO DROGARIA LTDA;Triangulo;22.0;ALGINAC 1.000MCG 15CPR;PROCTER GAMBLE;ALGINAC;A;SUBIR PREÇO URGENTE;6.22964285714286;15.13718473074301;4.44125;29.34;0.0;0.0;24.89875;4.44125;15.137184730743014;🟢 Ganho Rápido;🟡 Média;Avaliar aumento de preço com baixo risco competitivo.;3
7891721029646;ALGINAC 1.000MCG 30CPR;58.88;2;ZANOL E THOMAZ LTDA;Zanol e Thomaz;58.88;TRIANGULO DROGARIA LTDA;Triangulo;13.0;ALGINAC 1.000MCG 30CPR;PROCTER GAMBLE;ALGINAC;A;SUBIR PREÇO URGENTE;12.52773809523814;15.10628962862313;8.894583333333301;58.88000000000001;0.0;0.0;49.9854166666667;8.894583333333301;15.106289628623134;🟢 Ganho Rápido;🟡 Média;Avaliar aumento de preço com baixo risco competitivo.;3
7891800197525;CREMER COMPRESSA GAZE C/5;1.99;1;ZANOL E THOMAZ LTDA;Zanol e Thomaz;1.99;TRIANGULO DROGARIA LTDA;Triangulo;8.0;CREMER COMPRESSA GAZE C/5;;;;SEM CUSTO;;;;1.99;0.0;0.0;;;;🟠 Produto Sem Custo;🟡 Média;Regularizar custo/cadastro antes da decisão.;3
7891800617320;CREMER ALGODAO DISCO C/50;11.49;1;ZANOL E THOMAZ LTDA;Zanol e Thomaz;11.49;TRIANGULO DROGARIA LTDA;Triangulo;1.0;CREMER ALGODAO DISCO C/50;;;;SEM CUSTO;;;;11.49;0.0;0.0;;;;🟠 Produto Sem Custo;🟡 Média;Regularizar custo/cadastro antes da decisão.;3
78930193;GAROTO CHOC BATON DUO BRANCO 16GR UN;1.99;12;ZANOL E THOMAZ LTDA;Zanol e Thomaz;1.99;TRIANGULO DROGARIA LTDA;Triangulo;64.0;BATON BASTAO DUO 3230X16G XW;;;;SEM CUSTO;;;;2.5;0.0;0.0;;;;🟠 Produto Sem Custo;🟡 Média;Regularizar custo/cadastro antes da decisão.;3
78936911;GAROTO CHOC BATON MORANGO 16GR;1.99;1;ZANOL E THOMAZ LTDA;Zanol e Thomaz;1.99;TRIANGULO DROGARIA LTDA;Triangulo;52.0;GAROTO CHOC BATON MORANGO 16GR;;;;SEM CUSTO;;;;1.99;0.0;0.0;;;;🟠 Produto Sem Custo;🟡 Média;Regularizar custo/cadastro antes da decisão.;3
78939363;GAROTO CHOC BATON EXTRAMILK 16GR;1.99;3;ZANOL E THOMAZ LTDA;Zanol e Thomaz;1.99;TRIANGULO DROGARIA LTDA;Triangulo;39.0;GAROTO CHOC BATON EXTRAMILK 16GR;;;;SEM CUSTO;;;;1.99;0.0;0.0;;;;🟠 Produto Sem Custo;🟡 Média;Regularizar custo/cadastro antes da decisão.;3
7894913004919;OMEGATIVE OMEGA 3 TG ADULTO LARANJA 150ML;119.99;2;ZANOL E THOMAZ LTDA;Zanol e Thomaz;119.99;TRIANGULO DROGARIA LTDA;Triangulo;3.0;OMEGATIVE OMEGA 3 TG ADULTO LARANJA 150ML;;;;SEM CUSTO;;;;119.99;0.0;0.0;;;;🟠 Produto Sem Custo;🟡 Média;Regularizar custo/cadastro antes da decisão.;3
7894913004957;OMEGATIVE OMEGA 3 TG KIDS LIMAO 60ML;59.99;2;ZANOL E THOMAZ LTDA;Zanol e Thomaz;59.99;TRIANGULO DROGARIA LTDA;Triangulo;8.0;OMEGATIVE OMEGA 3 TG KIDS LIMAO 60ML;;;;SEM CUSTO;;;;59.98999999999999;0.0;0.0;;;;🟠 Produto Sem Custo;🟡 Média;Regularizar custo/cadastro antes da decisão.;3
7894916144971;ACIDO TRANEXAMICO 250MG 12 CPR LEGRAND;48.88;2;ZANOL E THOMAZ LTDA;Zanol e Thomaz;48.88;TRIANGULO DROGARIA LTDA;Triangulo;8.0;ACIDO TRANEXAMICO 250MG 12 CPR LEGRAND;LEGRAND;ACIDO TRANEXAMICO;A;SUBIR PREÇO;1.529523809523852;27.8096017457719;13.59333333333331;48.88;0.0;0.0;35.28666666666669;13.593333333333312;27.809601745771918;🟢 Ganho Rápido;🟡 Média;Avaliar aumento de preço com baixo risco competitivo.;3
7894916208154;TROPINAL 20CPR;20.57;6;ZANOL E THOMAZ LTDA;Zanol e Thomaz;20.57;TRIANGULO DROGARIA LTDA;Triangulo;28.0;TROPINAL 20CPR;EMS;TROPINAL;A;SUBIR PREÇO URGENTE;8.969175257732001;-0.5222298512999421;-0.1074226804123981;20.57;0.0;0.0;20.6774226804124;-0.10742268041239811;-0.5222298512999421;🟢 Ganho Rápido;🟡 Média;Avaliar aumento de preço com baixo risco competitivo.;3
7894916500333;NEUTROFER 300MG 30CPR;48.83;2;ZANOL E THOMAZ LTDA;Zanol e Thomaz;48.83;TRIANGULO DROGARIA LTDA;Triangulo;14.0;NEUTROFER 300MG 30CPR;EMS;NEUTROFER;A;SUBIR PREÇO URGENTE;22.15174603174601;-1.755523699001035;-0.8572222222222052;48.83;0.0;0.0;49.6872222222222;-0.8572222222222052;-1.7555236990010346;🟢 Ganho Rápido;🟡 Média;Avaliar aumento de preço com baixo risco competitivo.;3
7894916502900;CONTRACEP INJ 1ML;26.51;2;ZANOL E THOMAZ LTDA;Zanol e Thomaz;26.51;TRIANGULO DROGARIA LTDA;Triangulo;8.0;CONTRACEP INJ 1ML;EMS;CONTRACEP;A;SUBIR PREÇO URGENTE;11.13331797235029;0.6023290054877407;0.1596774193548001;26.51;0.0;0.0;26.3503225806452;0.15967741935480007;0.6023290054877407;🟢 Ganho Rápido;🟡 Média;Avaliar aumento de preço com baixo risco competitivo.;3
7894916505673;CECLOR BD 500MG 10CPR LIB PROL;85.29;8;ZANOL E THOMAZ LTDA;Zanol e Thomaz;85.29;TRIANGULO DROGARIA LTDA;Triangulo;26.0;CECLOR BD 500MG 10CPR LIB PROL;EMS;CECLOR BD;A;SUBIR PREÇO URGENTE;33.25664723032071;2.705295976990866;2.30734693877551;85.28999999999999;0.0;0.0;82.9826530612245;2.3073469387755097;2.705295976990866;🟢 Ganho Rápido;🟡 Média;Avaliar aumento de preço com baixo risco competitivo.;3
7894916507936;BRASART 160MG 30CPR;44.99;3;ZANOL E THOMAZ LTDA;Zanol e Thomaz;44.99;TRIANGULO DROGARIA LTDA;Triangulo;15.0;BRASART 160MG 30CPR;EMS;BRASART;A;SUBIR PREÇO URGENTE;14.757619047619;7.038601170630584;3.1666666666667;44.99;0.0;0.0;41.8233333333333;3.1666666666667;7.038601170630584;🟢 Ganho Rápido;🟡 Média;Avaliar aumento de preço com baixo risco competitivo.;3
7894916507950;BRASART 320MG 30CPR;54.74;4;ZANOL E THOMAZ LTDA;Zanol e Thomaz;54.74;TRIANGULO DROGARIA LTDA;Triangulo;12.0;BRASART 320MG 30CPR;EMS;BRASART;A;SUBIR PREÇO URGENTE;19.91079365079371;4.538627045020824;2.484444444444399;54.74;0.0;0.0;52.2555555555556;2.4844444444443994;4.538627045020824;🟢 Ganho Rápido;🟡 Média;Avaliar aumento de preço com baixo risco competitivo.;3
7894916508353;BRASART HCT 160+12,5MG 30CPR;77.47;10;ZANOL E THOMAZ LTDA;Zanol e Thomaz;77.47;TRIANGULO DROGARIA LTDA;Triangulo;12.0;BRASART HCT 160+12,5MG 30CPR;EMS;BRASART HCT;A;SUBIR PREÇO URGENTE;31.89129032258059;1.18380892499496;0.9170967741935954;77.47;0.0;0.0;76.5529032258064;0.9170967741935954;1.18380892499496;🟢 Ganho Rápido;🟡 Média;Avaliar aumento de preço com baixo risco competitivo.;3
7894916508506;CONCARDIO 2,5MG 30CPR;60.63;6;ZANOL E THOMAZ LTDA;Zanol e Thomaz;60.63;TRIANGULO DROGARIA LTDA;Triangulo;14.0;CONCARDIO 2,5MG 30CPR;EMS;CONCARDIO;A;SUBIR PREÇO URGENTE;17.03466165413528;10.33273435940178;6.2647368421053;60.63000000000001;0.0;0.0;54.3652631578947;6.2647368421053;10.332734359401782;🟢 Ganho Rápido;🟡 Média;Avaliar aumento de preço com baixo risco competitivo.;3
7894916508513;CONCARDIO 5MG 30CPR;63.25;2;ZANOL E THOMAZ LTDA;Zanol e Thomaz;63.25;TRIANGULO DROGARIA LTDA;Triangulo;11.0;CONCARDIO 5MG 30CPR;EMS;CONCARDIO;A;SUBIR PREÇO URGENTE;29.22;-2.338339920948616;-1.478999999999999;63.25;0.0;0.0;64.729;-1.4789999999999992;-2.3383399209486155;🟢 Ganho Rápido;🟡 Média;Avaliar aumento de preço com baixo risco competitivo.;3
7894916509084;BRASART HCT 320+12,5MG 30CPR;82.92;4;ZANOL E THOMAZ LTDA;Zanol e Thomaz;82.92;TRIANGULO DROGARIA LTDA;Triangulo;28.0;BRASART HCT 320+12,5MG 30CPR;EMS;BRASART HCT;A;SUBIR PREÇO URGENTE;40.243025210084;-3.972645498141338;-3.294117647058798;82.92;0.0;0.0;86.2141176470588;-3.2941176470587976;-3.9726454981413384;🟢 Ganho Rápido;🟡 Média;Avaliar aumento de preço com baixo risco competitivo.;3
7894916512022;SOMALGIN CARDIO 100MG 60CPR;38.78;6;ZANOL E THOMAZ LTDA;Zanol e Thomaz;38.78;TRIANGULO DROGARIA LTDA;Triangulo;29.0;SOMALGIN CARDIO 100MG 60CPR;EMS;SOMALGIN CARDIO;A;SUBIR PREÇO URGENTE;15.85540372670815;1.380137677422126;0.5352173913043003;38.78;0.0;0.0;38.2447826086957;0.5352173913043003;1.3801376774221257;🟢 Ganho Rápido;🟡 Média;Avaliar aumento de preço com baixo risco competitivo.;3
7894916512107;SOMALGIN CARDIO 81MG 60CPR;25.17;4;ZANOL E THOMAZ LTDA;Zanol e Thomaz;25.17;TRIANGULO DROGARIA LTDA;Triangulo;9.0;SOMALGIN CARDIO 81MG 60CPR;EMS;SOMALGIN CARDIO;A;SUBIR PREÇO URGENTE;9.344285714285718;4.012713547874459;1.010000000000002;25.17;0.0;0.0;24.16;1.0100000000000016;4.012713547874459;🟢 Ganho Rápido;🟡 Média;Avaliar aumento de preço com baixo risco competitivo.;3
7894916516006;TORAGESIC SL 10MG 10CPR;28.53;2;ZANOL E THOMAZ LTDA;Zanol e Thomaz;28.53;TRIANGULO DROGARIA LTDA;Triangulo;25.0;TORAGESIC SL 10MG 10CPR;EMS;TORAGESIC;A;SUBIR PREÇO URGENTE;7.373956043955999;11.9075736741353;3.397230769230802;28.53;0.0;0.0;25.1327692307692;3.397230769230802;11.907573674135303;🟢 Ganho Rápido;🟡 Média;Avaliar aumento de preço com baixo risco competitivo.;3
7895144190167;MENTOS 30MIN CLEAR BREAT PEPPERMINT 105G;24.99;1;ZANOL E THOMAZ LTDA;Zanol e Thomaz;24.99;TRIANGULO DROGARIA LTDA;Triangulo;21.0;MENTOS 30 MIN GAR CLEARBREATH;;;;SEM CUSTO;;;;26.9;0.0;0.0;;;;🟠 Produto Sem Custo;🟡 Média;Regularizar custo/cadastro antes da decisão.;3
7895800430002;TRIDENT TUTTI FRUTTI 8G;2.49;6;ZANOL E THOMAZ LTDA;Zanol e Thomaz;2.49;TRIANGULO DROGARIA LTDA;Triangulo;41.0;CHIC TRIDENT T FRUT 8G;;;;SEM CUSTO;;;;3.216666666666667;0.0;0.0;;;;🟠 Produto Sem Custo;🟡 Média;Regularizar custo/cadastro antes da decisão.;3
7896004713342;ACETILCISTEINA 600MG 16 ENV 5G EMS;32.9;4;ZANOL E THOMAZ LTDA;Zanol e Thomaz;32.9;TRIANGULO DROGARIA LTDA;Triangulo;14.0;ACETILCISTEINA 600MG 16 ENV 5G EMS;EMS;ACETILCISTEINA;A;SUBIR PREÇO;0.7357142857142946;28.43465045592704;9.354999999999997;32.9;0.0;0.0;23.545;9.354999999999997;28.43465045592704;🟢 Ganho Rápido;🟡 Média;Avaliar aumento de preço com baixo risco competitivo.;3
7896004727806;EMS EXPECTOR XPE 120ML;19.99;4;ZANOL E THOMAZ LTDA;Zanol e Thomaz;19.99;TRIANGULO DROGARIA LTDA;Triangulo;13.0;EMS EXPECTOR XPE 120ML;EMS;EMS EXPECTOR;A;SUBIR PREÇO;0.01000000000000156;29.96498249124562;5.989999999999998;19.99;0.0;0.0;14.0;5.989999999999998;29.964982491245618;🟢 Ganho Rápido;🟡 Média;Avaliar aumento de preço com baixo risco competitivo.;3
7896004758268;BUDESONIDA SPRAY  32 MCG SOL NAS 120ML EMS;24.99;2;ZANOL E THOMAZ LTDA;Zanol e Thomaz;24.99;TRIANGULO DROGARIA LTDA;Triangulo;10.0;BUDESONIDA SPRAY  32 MCG SOL NAS 120ML EMS;EMS;BUDESONIDA;A;SUBIR PREÇO;0.08142857142857451;29.77190876350539;7.439999999999998;24.99;0.0;0.0;17.55;7.439999999999998;29.771908763505394;🟢 Ganho Rápido;🟡 Média;Avaliar aumento de preço com baixo risco competitivo.;3
7896004758275;BUDESONIDA SPRAY  64 MCG SOL NAS 120ML EMS;32.86;2;ZANOL E THOMAZ LTDA;Zanol e Thomaz;32.86;TRIANGULO DROGARIA LTDA;Triangulo;6.0;BUDESONIDA SPRAY  64 MCG SOL NAS 120ML EMS;EMS;BUDESONIDA;A;SUBIR PREÇO;0.6780952380952883;28.55548792858582;9.3833333333333;32.86;0.0;0.0;23.4766666666667;9.3833333333333;28.55548792858582;🟢 Ganho Rápido;🟡 Média;Avaliar aumento de preço com baixo risco competitivo.;3
7896004759418;INFRALAX BLISTER 10CPR  UN;6.99;4;ZANOL E THOMAZ LTDA;Zanol e Thomaz;6.99;TRIANGULO DROGARIA LTDA;Triangulo;20.0;INFRALAX BLISTER 10CPR  UN;;;;SEM CUSTO;;;;6.99;0.0;0.0;;;;🟠 Produto Sem Custo;🟡 Média;Regularizar custo/cadastro antes da decisão.;3
7896004777221;FACOBA 5ML OFT;36.74;2;ZANOL E THOMAZ LTDA;Zanol e Thomaz;36.74;TRIANGULO DROGARIA LTDA;Triangulo;10.0;FACOBA 5ML OFT;OFTA VISION HEALTH;FACOBA;A;SUBIR PREÇO URGENTE;16.644126984127;-1.711728059033464;-0.6288888888888948;36.74;0.0;0.0;37.3688888888889;-0.6288888888888948;-1.7117280590334645;🟢 Ganho Rápido;🟡 Média;Avaliar aumento de preço com baixo risco competitivo.;3
7896006208358;FENAREN 10MG/G GEL 60G;6.99;4;ZANOL E THOMAZ LTDA;Zanol e Thomaz;6.99;TRIANGULO DROGARIA LTDA;Triangulo;17.0;FENAREN 10MG/G GEL 60G;UNIAO QUIMICA;FENAREN GEL;A;SUBIR PREÇO URGENTE;1.56416666666667;14.33595612780158;1.002083333333331;6.99;0.0;0.0;5.987916666666669;1.0020833333333314;14.335956127801595;🟢 Ganho Rápido;🟡 Média;Avaliar aumento de preço com baixo risco competitivo.;3
7896006214915;FRUTAXX ABACAXI PO EFERV 5G;0.99;4;ZANOL E THOMAZ LTDA;Zanol e Thomaz;0.99;TRIANGULO DROGARIA LTDA;Triangulo;24.0;FRUTAXX ABACAXI PO EFERV 5G;;;;SEM CUSTO;;;;0.99;0.0;0.0;;;;🟠 Produto Sem Custo;🟡 Média;Regularizar custo/cadastro antes da decisão.;3
7896006216483;XANTINON 30CPR;12.99;4;ZANOL E THOMAZ LTDA;Zanol e Thomaz;12.99;TRIANGULO DROGARIA LTDA;Triangulo;31.0;XANTINON 30CPR;UNIAO QUIMICA;XANTINON;A;SUBIR PREÇO URGENTE;5.595714285714285;-0.1539645881447234;-0.01999999999999957;12.99;0.0;0.0;13.01;-0.019999999999999574;-0.15396458814472344;🟢 Ganho Rápido;🟡 Média;Avaliar aumento de preço com baixo risco competitivo.;3
7896006216605;XANTINON COMPLEX SOL 100ML;14.99;4;ZANOL E THOMAZ LTDA;Zanol e Thomaz;14.99;TRIANGULO DROGARIA LTDA;Triangulo;15.0;XANTINON COMPLEX SOL 100ML;UNIAO QUIMICA;XANTINON;A;SUBIR PREÇO URGENTE;6.019966777408575;1.888080425710469;0.2830232558139993;14.99;0.0;0.0;14.706976744186;0.28302325581399934;1.8880804257104693;🟢 Ganho Rápido;🟡 Média;Avaliar aumento de preço com baixo risco competitivo.;3
7896006219897;XANTINON 10CPR UN;4.77;4;ZANOL E THOMAZ LTDA;Zanol e Thomaz;4.77;TRIANGULO DROGARIA LTDA;Triangulo;22.0;XANTINON 10CPR UN;;;;SEM CUSTO;;;;4.77;0.0;0.0;;;;🟠 Produto Sem Custo;🟡 Média;Regularizar custo/cadastro antes da decisão.;3
7896006263005;NEO CEBETIL COMPLEXO INJ 02AMP 10ML;21.56;3;ZANOL E THOMAZ LTDA;Zanol e Thomaz;21.56;TRIANGULO DROGARIA LTDA;Triangulo;29.0;NEO CEBETIL COMPLEXO INJ 02AMP 10ML;UNIAO QUIMICA;NEO CEBETIL;A;SUBIR PREÇO URGENTE;4.768333333333288;14.51839826839842;3.1301666666667;21.56;0.0;0.0;18.4298333333333;3.1301666666666996;14.518398268398421;🟢 Ganho Rápido;🟡 Média;Avaliar aumento de preço com baixo risco competitivo.;3
7896006290216;LACRIFILM 15ML COL;36.86;5;ZANOL E THOMAZ LTDA;Zanol e Thomaz;36.86;TRIANGULO DROGARIA LTDA;Triangulo;33.0;LACRIFILM 15ML COL;GENOM;LACRIFILM;A;SUBIR PREÇO URGENTE;6.218571428571437;18.19045035268583;6.704999999999998;36.86;0.0;0.0;30.155;6.704999999999998;18.190450352685833;🟢 Ganho Rápido;🟡 Média;Avaliar aumento de preço com baixo risco competitivo.;3
7896006291398;LACRIFILM 10ML COL;29.37;6;ZANOL E THOMAZ LTDA;Zanol e Thomaz;29.37;TRIANGULO DROGARIA LTDA;Triangulo;38.0;LACRIFILM 10ML COL;GENOM;LACRIFILM;A;SUBIR PREÇO URGENTE;4.938730158730149;18.22910755495029;5.3538888888889;29.37;0.0;0.0;24.0161111111111;5.3538888888889;18.22910755495029;🟢 Ganho Rápido;🟡 Média;Avaliar aumento de preço com baixo risco competitivo.;3
7896006291749;GELO-BIO AERO 150ML;14.99;8;ZANOL E THOMAZ LTDA;Zanol e Thomaz;14.99;TRIANGULO DROGARIA LTDA;Triangulo;46.0;GELO-BIO AERO 150ML;UNIAO QUIMICA;GELO-BIO;A;SUBIR PREÇO;1.607857142857144;22.49166110740494;3.371500000000001;14.99;0.0;0.0;11.6185;3.371500000000001;22.49166110740494;🟢 Ganho Rápido;🟡 Média;Avaliar aumento de preço com baixo risco competitivo.;3
7896007544059;INTIMUS ABS SECA C/ABAS C/32;14.99;1;ZANOL E THOMAZ LTDA;Zanol e Thomaz;14.99;TRIANGULO DROGARIA LTDA;Triangulo;8.0;INTIMUS ABS SECA C/ABAS C/32;KIMBERLY CLARK;INTIMUS;A;SUBIR PREÇO;0.4195238095238594;28.04091616633288;4.203333333333299;14.99;0.0;0.0;10.7866666666667;4.203333333333299;28.040916166332885;🟢 Ganho Rápido;🟡 Média;Avaliar aumento de preço com baixo risco competitivo.;3
7896007545094;INTIMUS ABS SUAVE C/ABAS L16P14;7.99;1;ZANOL E THOMAZ LTDA;Zanol e Thomaz;7.99;TRIANGULO DROGARIA LTDA;Triangulo;13.0;INTIMUS ABS SUAVE C/ABAS L16P14;KIMBERLY CLARK;INTIMUS;A;SUBIR PREÇO;0.4803703703703714;25.79149863254993;2.06074074074074;7.989999999999999;0.0;0.0;5.92925925925926;2.06074074074074;25.791498632549935;🟢 Ganho Rápido;🟡 Média;Avaliar aumento de preço com baixo risco competitivo.;3
7896007545100;INTIMUS ABS TRIPLA PROT SECA C/ABAS L16P14;7.99;1;ZANOL E THOMAZ LTDA;Zanol e Thomaz;7.99;TRIANGULO DROGARIA LTDA;Triangulo;9.0;INTIMUS ABS TRIPLA PROT SECA C/ABAS L16P14;KIMBERLY CLARK;INTIMUS;A;SUBIR PREÇO URGENTE;2.932186147186144;4.311260287480599;0.3444696969696999;7.99;0.0;0.0;7.6455303030303;0.34446969696969987;4.311260287480599;🟢 Ganho Rápido;🟡 Média;Avaliar aumento de preço com baixo risco competitivo.;3
7896007548507;HUGGIES FRD SUP CARE ROUPA P/RN C/28;39.99;3;ZANOL E THOMAZ LTDA;Zanol e Thomaz;39.99;TRIANGULO DROGARIA LTDA;Triangulo;4.0;HUGGIES FRD SUP CARE ROUPA P/RN C/28;;;;SEM CUSTO;;;;39.99;0.0;0.0;;;;🟠 Produto Sem Custo;🟡 Média;Regularizar custo/cadastro antes da decisão.;3
7896007549672;HUGGIES FRD SUP CARE ROUPA MEGA M C/36;39.99;3;ZANOL E THOMAZ LTDA;Zanol e Thomaz;39.99;TRIANGULO DROGARIA LTDA;Triangulo;20.0;HUGGIES FRD SUP CARE ROUPA MEGA M C/36;KIMBERLY CLARK;HUGGIES;A;SUBIR PREÇO URGENTE;22.42904761904757;-9.260648495457108;-3.703333333333298;39.99;0.0;0.0;43.6933333333333;-3.7033333333332976;-9.260648495457108;🟢 Ganho Rápido;🟡 Média;Avaliar aumento de preço com baixo risco competitivo.;3
7896007549689;HUGGIES FRD SUP CARE ROUPA MEGA G C/30;39.99;1;ZANOL E THOMAZ LTDA;Zanol e Thomaz;39.99;TRIANGULO DROGARIA LTDA;Triangulo;12.0;HUGGIES FRD SUP CARE ROUPA MEGA G C/30;KIMBERLY CLARK;HUGGIES;A;SUBIR PREÇO URGENTE;22.42904761904757;-9.260648495457108;-3.703333333333298;39.99;0.0;0.0;43.6933333333333;-3.7033333333332976;-9.260648495457108;🟢 Ganho Rápido;🟡 Média;Avaliar aumento de preço com baixo risco competitivo.;3
7896007549702;HUGGIES FRD SUP CARE ROUPA MEGA XXG C/24;39.99;1;ZANOL E THOMAZ LTDA;Zanol e Thomaz;39.99;TRIANGULO DROGARIA LTDA;Triangulo;12.0;HUGGIES FRD SUP CARE ROUPA MEGA XXG C/24;KIMBERLY CLARK;HUGGIES;A;SUBIR PREÇO URGENTE;22.42904761904757;-9.260648495457108;-3.703333333333298;39.99;0.0;0.0;43.6933333333333;-3.7033333333332976;-9.260648495457108;🟢 Ganho Rápido;🟡 Média;Avaliar aumento de preço com baixo risco competitivo.;3
7896007550890;INTIMUS ABS NOT SUAVE C/ABAS C/30;24.99;4;ZANOL E THOMAZ LTDA;Zanol e Thomaz;24.99;TRIANGULO DROGARIA LTDA;Triangulo;6.0;INTIMUS ABS NOT SUAVE C/ABAS C/30;KIMBERLY CLARK;INTIMUS;A;SUBIR PREÇO;0.9342063492062884;27.38317549241936;6.843055555555598;24.99;0.0;0.0;18.1469444444444;6.843055555555598;27.383175492419358;🟢 Ganho Rápido;🟡 Média;Avaliar aumento de preço com baixo risco competitivo.;3
7896007551262;HUGGIES FRD SUP CARE ROUPA HIPER MED C/72;76.99;4;ZANOL E THOMAZ LTDA;Zanol e Thomaz;76.99;TRIANGULO DROGARIA LTDA;Triangulo;10.0;HUGGIES FRD SUP CARE ROUPA HIPER MED C/72;KIMBERLY CLARK;HUGGIES;A;SUBIR PREÇO URGENTE;19.54809523809529;12.22669610771957;9.413333333333298;76.99;0.0;0.0;67.5766666666667;9.413333333333298;12.226696107719572;🟢 Ganho Rápido;🟡 Média;Avaliar aumento de preço com baixo risco competitivo.;3
7896007553709;HUGGIES FRD TRIPLA PROT MEGUINHA M-L36P34;32.99;3;ZANOL E THOMAZ LTDA;Zanol e Thomaz;32.99;TRIANGULO DROGARIA LTDA;Triangulo;16.0;HUGGIES FRD TRIPLA PROT MEGUINHA M-L36P34;KIMBERLY CLARK;HUGGIES;A;SUBIR PREÇO URGENTE;10.37190476190472;7.992320905324954;2.636666666666702;32.99;0.0;0.0;30.3533333333333;2.6366666666667022;7.992320905324954;🟢 Ganho Rápido;🟡 Média;Avaliar aumento de preço com baixo risco competitivo.;3
7896007553716;HUGGIES FRD TRIPLA PROT MEGUINHA G-L30P28;32.99;2;ZANOL E THOMAZ LTDA;Zanol e Thomaz;32.99;TRIANGULO DROGARIA LTDA;Triangulo;15.0;HUGGIES FRD TRIPLA PROT MEGUINHA G-L30P28;KIMBERLY CLARK;HUGGIES;A;SUBIR PREÇO URGENTE;10.37455026455029;7.986707532024258;2.634814814814803;32.99;0.0;0.0;30.3551851851852;2.6348148148148027;7.9867075320242575;🟢 Ganho Rápido;🟡 Média;Avaliar aumento de preço com baixo risco competitivo.;3
7896007553723;HUGGIES FRD TRIPLA PROT MEGUINHA XG-L28P26;32.99;4;ZANOL E THOMAZ LTDA;Zanol e Thomaz;32.99;TRIANGULO DROGARIA LTDA;Triangulo;19.0;HUGGIES FRD TRIPLA PROT MEGUINHA XG-L28P26;KIMBERLY CLARK;HUGGIES;A;SUBIR PREÇO URGENTE;10.37428571428572;7.987268869354354;2.635000000000002;32.99;0.0;0.0;30.355;2.6350000000000016;7.987268869354354;🟢 Ganho Rápido;🟡 Média;Avaliar aumento de preço com baixo risco competitivo.;3
7896007553730;HUGGIES FRD TRIPLA PROT MEGUINHA XXG-L26P24;32.99;2;ZANOL E THOMAZ LTDA;Zanol e Thomaz;32.99;TRIANGULO DROGARIA LTDA;Triangulo;13.0;HUGGIES FRD TRIPLA PROT MEGUINHA XXG-L26P24;KIMBERLY CLARK;HUGGIES;A;SUBIR PREÇO URGENTE;10.37428571428572;7.987268869354354;2.635000000000002;32.99;0.0;0.0;30.355;2.6350000000000016;7.987268869354354;🟢 Ganho Rápido;🟡 Média;Avaliar aumento de preço com baixo risco competitivo.;3
7896016804915;LUFTAL 75MG 15ML;24.94;3;ZANOL E THOMAZ LTDA;Zanol e Thomaz;24.94;TRIANGULO DROGARIA LTDA;Triangulo;22.0;LUFTAL 75MG 15ML;RECKITT BENCKISER;LUFTAL;A;SUBIR PREÇO URGENTE;8.745870698644428;5.452648399955497;1.359890510948901;24.94;0.0;0.0;23.5801094890511;1.359890510948901;5.452648399955497;🟢 Ganho Rápido;🟡 Média;Avaliar aumento de preço com baixo risco competitivo.;3
7896018700536;INTIMUS LENCO UMED FEMININO S/PERF C/16;12.99;3;ZANOL E THOMAZ LTDA;Zanol e Thomaz;12.99;TRIANGULO DROGARIA LTDA;Triangulo;8.0;INTIMUS LENCO UMED FEMININO S/PERF C/16;;;;SEM CUSTO;;;;12.99;0.0;0.0;;;;🟠 Produto Sem Custo;🟡 Média;Regularizar custo/cadastro antes da decisão.;3
7896023719899;MELAGRIAO XPE 150ML;15.99;4;ZANOL E THOMAZ LTDA;Zanol e Thomaz;15.99;TRIANGULO DROGARIA LTDA;Triangulo;22.0;MELAGRIAO XPE.150ML  -;CATARINENSE;MELAGRIAO;A;SUBIR PREÇO URGENTE;2.58619047619043;18.67834062956035;2.9866666666667;15.99;0.0;0.0;13.0033333333333;2.9866666666667;18.67834062956035;🟢 Ganho Rápido;🟡 Média;Avaliar aumento de preço com baixo risco competitivo.;3
7896023793349;MELAGRIAO SPRAY LARANJA FR 30ML;14.99;4;ZANOL E THOMAZ LTDA;Zanol e Thomaz;14.99;TRIANGULO DROGARIA LTDA;Triangulo;12.0;MELAGRIAO SPRAY LARANJA FR 30ML;;;;SEM CUSTO;;;;14.99;0.0;0.0;;;;🟠 Produto Sem Custo;🟡 Média;Regularizar custo/cadastro antes da decisão.;3
7896044999546;GIOVANNA BABY SAB LIQ BACT BLUE 500ML;29.99;5;ZANOL E THOMAZ LTDA;Zanol e Thomaz;29.99;TRIANGULO DROGARIA LTDA;Triangulo;2.0;GIOVANNA BABY SAB LIQ BACT BLUE 500ML;;;;SEM CUSTO;;;;29.99;0.0;0.0;;;;🟠 Produto Sem Custo;🟡 Média;Regularizar custo/cadastro antes da decisão.;3
7896090604517;SONRISAL LIMAO ENV 02CPR EFERV UN;2.49;4;ZANOL E THOMAZ LTDA;Zanol e Thomaz;2.49;TRIANGULO DROGARIA LTDA;Triangulo;28.0;SONRISAL LIMAO 1X2'S;;;;SEM CUSTO;;;;3.41;0.0;0.0;;;;🟠 Produto Sem Custo;🟡 Média;Regularizar custo/cadastro antes da decisão.;3
7896090611607;SONRISAL TRADICIONAL ENV 02CPR EFERV UN;2.49;4;ZANOL E THOMAZ LTDA;Zanol e Thomaz;2.49;TRIANGULO DROGARIA LTDA;Triangulo;25.0;SONRISAL TRADICIONAL ENV 02CPR EFERV UN;;;;SEM CUSTO;;;;2.49;0.0;0.0;;;;🟠 Produto Sem Custo;🟡 Média;Regularizar custo/cadastro antes da decisão.;3
7896090611829;SONRISAL LARANJA ENV 02CPR EFERV;2.49;4;ZANOL E THOMAZ LTDA;Zanol e Thomaz;2.49;TRIANGULO DROGARIA LTDA;Triangulo;23.0;SONRISAL LARANJA ENV 02CPR EFERV;;;;SEM CUSTO;;;;2.49;0.0;0.0;;;;🟠 Produto Sem Custo;🟡 Média;Regularizar custo/cadastro antes da decisão.;3
7896094201460;NATIFA 28CPR;57.04;2;ZANOL E THOMAZ LTDA;Zanol e Thomaz;57.04;TRIANGULO DROGARIA LTDA;Triangulo;14.0;NATIFA 28CPR;LIBBS;NATIFA;A;SUBIR PREÇO URGENTE;25.96714285714285;-1.867110799438986;-1.064999999999998;57.70769230769231;0.0;0.0;58.105;-1.0649999999999977;-1.8671107994389862;🟢 Ganho Rápido;🟡 Média;Avaliar aumento de preço com baixo risco competitivo.;3
7896094201477;NATIFA PRO 28CPR;73.54;2;ZANOL E THOMAZ LTDA;Zanol e Thomaz;73.54;TRIANGULO DROGARIA LTDA;Triangulo;30.0;NATIFA PRO 28CPR;LIBBS;NATIFA;A;SUBIR PREÇO URGENTE;35.25428571428573;-3.557247756323088;-2.616;73.54;0.0;0.0;76.156;-2.6159999999999997;-3.5572477563230884;🟢 Ganho Rápido;🟡 Média;Avaliar aumento de preço com baixo risco competitivo.;3
7896094206410;VENZER HCT 16/12,5MG 30CPR;74.98;6;ZANOL E THOMAZ LTDA;Zanol e Thomaz;74.98;TRIANGULO DROGARIA LTDA;Triangulo;32.0;VENZER HCT 16/12,5MG 30CPR;LIBBS;VENZER HCT;A;SUBIR PREÇO URGENTE;34.93904761904757;-2.618476038054542;-1.963333333333296;74.98;0.0;0.0;76.9433333333333;-1.9633333333332956;-2.618476038054542;🟢 Ganho Rápido;🟡 Média;Avaliar aumento de preço com baixo risco competitivo.;3
7896094206472;VENZER 8 MG C/ 30 CP;70.0;2;ZANOL E THOMAZ LTDA;Zanol e Thomaz;70.0;TRIANGULO DROGARIA LTDA;Triangulo;6.0;VENZER 8 MG C/ 30 CP;LIBBS;VENZER;A;SUBIR PREÇO URGENTE;32.61428571428571;-2.614285714285712;-1.829999999999998;70.0;0.0;0.0;71.83;-1.8299999999999983;-2.6142857142857117;🟢 Ganho Rápido;🟡 Média;Avaliar aumento de preço com baixo risco competitivo.;3
7896094208506;NATIFA PRO UBD  28CPR LIBB;76.52;2;ZANOL E THOMAZ LTDA;Zanol e Thomaz;76.52;TRIANGULO DROGARIA LTDA;Triangulo;4.0;NATIFA PRO UBD  28CPR LIBB;LIBBS;NATIFA;A;SUBIR PREÇO URGENTE;31.88225563909772;0.8343192010345004;0.6384210526315997;76.52;0.0;0.0;75.8815789473684;0.6384210526315997;0.8343192010345004;🟢 Ganho Rápido;🟡 Média;Avaliar aumento de preço com baixo risco competitivo.;3
7896094904682;BENEGRIP 500MG 20CPR;35.22;4;ZANOL E THOMAZ LTDA;Zanol e Thomaz;35.22;TRIANGULO DROGARIA LTDA;Triangulo;6.0;BENEGRIP 500MG 20CPR;HYPERA CH;BENEGRIP;A;SUBIR PREÇO URGENTE;5.217714285714287;19.6297558205565;6.913599999999999;35.22;0.0;0.0;28.3064;6.913599999999999;19.6297558205565;🟢 Ganho Rápido;🟡 Média;Avaliar aumento de preço com baixo risco competitivo.;3
7896094905825;BENEGRIPE MULTI XPE 240ML;33.1;3;ZANOL E THOMAZ LTDA;Zanol e Thomaz;33.1;TRIANGULO DROGARIA LTDA;Triangulo;19.0;BENEGRIPE MULTI XPE 240ML;HYPERA CH;BENEGRIP;A;SUBIR PREÇO URGENTE;7.997802197802145;13.08621891703474;4.3315384615385;33.1;0.0;0.0;28.7684615384615;4.3315384615385;13.086218917034742;🟢 Ganho Rápido;🟡 Média;Avaliar aumento de preço com baixo risco competitivo.;3
7896094910546;DORIL ENXAQUECA ENV 4CPR;7.69;4;ZANOL E THOMAZ LTDA;Zanol e Thomaz;7.69;TRIANGULO DROGARIA LTDA;Triangulo;26.0;DORIL ENXAQUECA  ACAO RAPIDA;;;;SEM CUSTO;;;;15.0;0.0;0.0;;;;🟠 Produto Sem Custo;🟡 Média;Regularizar custo/cadastro antes da decisão.;3
7896094910683;BENEGRIP 6CPR ENV;12.29;4;ZANOL E THOMAZ LTDA;Zanol e Thomaz;12.29;TRIANGULO DROGARIA LTDA;Triangulo;38.0;BENEGRIP 06CPR -;;;;SEM CUSTO;;;;13.25;0.0;0.0;;;;🟠 Produto Sem Custo;🟡 Média;Regularizar custo/cadastro antes da decisão.;3
7896094912298;EPOCLER 10ML FLAC;3.52;4;ZANOL E THOMAZ LTDA;Zanol e Thomaz;3.52;TRIANGULO DROGARIA LTDA;Triangulo;27.0;EPOCLER 10ML FLAC;;;;SEM CUSTO;;;;3.52;0.0;0.0;;;;🟠 Produto Sem Custo;🟡 Média;Regularizar custo/cadastro antes da decisão.;3
7896094912786;ENGOV 6CPR ENV UN;9.35;4;ZANOL E THOMAZ LTDA;Zanol e Thomaz;9.35;TRIANGULO DROGARIA LTDA;Triangulo;22.0;ENGOV 6CPR ENV UN;;;;SEM CUSTO;;;;9.35;0.0;0.0;;;;🟠 Produto Sem Custo;🟡 Média;Regularizar custo/cadastro antes da decisão.;3
7896094912960;ESTOMAZIL SEM SABOR ENV UN;2.57;3;ZANOL E THOMAZ LTDA;Zanol e Thomaz;2.57;TRIANGULO DROGARIA LTDA;Triangulo;19.0;ESTOMAZIL SEM SABOR ENV UN;;;;SEM CUSTO;;;;2.57;0.0;0.0;;;;🟠 Produto Sem Custo;🟡 Média;Regularizar custo/cadastro antes da decisão.;3
7896094912977;ESTOMAZIL ABACAXI ENV;2.72;4;ZANOL E THOMAZ LTDA;Zanol e Thomaz;2.72;TRIANGULO DROGARIA LTDA;Triangulo;26.0;ESTOMAZIL ABACAXI ENV;;;;SEM CUSTO;;;;2.72;0.0;0.0;;;;🟠 Produto Sem Custo;🟡 Média;Regularizar custo/cadastro antes da decisão.;3
7896094912991;ESTOMAZIL LARANJA ENV;2.57;4;ZANOL E THOMAZ LTDA;Zanol e Thomaz;2.57;TRIANGULO DROGARIA LTDA;Triangulo;23.0;ESTOMAZIL LARANJA 1X5G;;;;SEM CUSTO;;;;3.52;0.0;0.0;;;;🟠 Produto Sem Custo;🟡 Média;Regularizar custo/cadastro antes da decisão.;3
7896094916241;LISADOR DIP 1G 4CPR;8.5;3;ZANOL E THOMAZ LTDA;Zanol e Thomaz;8.5;TRIANGULO DROGARIA LTDA;Triangulo;11.0;LISADOR DIP 1G 4CPR;;;;SEM CUSTO;;;;8.5;0.0;0.0;;;;🟠 Produto Sem Custo;🟡 Média;Regularizar custo/cadastro antes da decisão.;3
7896094918603;BENEGRIP MULTI NOITE 4CPR ENV;9.84;4;ZANOL E THOMAZ LTDA;Zanol e Thomaz;9.84;TRIANGULO DROGARIA LTDA;Triangulo;10.0;BENEGRIP MULTI NOITE 4CPR ENV;;;;SEM CUSTO;;;;9.84;0.0;0.0;;;;🟠 Produto Sem Custo;🟡 Média;Regularizar custo/cadastro antes da decisão.;3
7896094921337;BUSCOFEM 400MG 2CAPS;5.93;4;ZANOL E THOMAZ LTDA;Zanol e Thomaz;5.93;TRIANGULO DROGARIA LTDA;Triangulo;20.0;BUSCOFEM 400MG 1X2'S;;;;SEM CUSTO;;;;8.06;0.0;0.0;;;;🟠 Produto Sem Custo;🟡 Média;Regularizar custo/cadastro antes da decisão.;3
7896094921344;BUSCOFEM 400MG 10CPS;27.27;4;ZANOL E THOMAZ LTDA;Zanol e Thomaz;27.27;TRIANGULO DROGARIA LTDA;Triangulo;16.0;BUSCOFEM 400MG 10CPS;HYPERA CH;BUSCOFEM;A;SUBIR PREÇO URGENTE;9.615714285714287;5.317198386505314;1.449999999999999;27.27;0.0;0.0;25.82;1.4499999999999993;5.317198386505314;🟢 Ganho Rápido;🟡 Média;Avaliar aumento de preço com baixo risco competitivo.;3
7896094921412;BUSCODUO 20CPR;29.53;3;ZANOL E THOMAZ LTDA;Zanol e Thomaz;29.53;TRIANGULO DROGARIA LTDA;Triangulo;18.0;BUSCODUO 20CPR;HYPERA CH;BUSCODUO;A;SUBIR PREÇO URGENTE;12.87;-0.5079580088046006;-0.1499999999999986;29.53;0.0;0.0;29.68;-0.14999999999999858;-0.5079580088046006;🟢 Ganho Rápido;🟡 Média;Avaliar aumento de preço com baixo risco competitivo.;3
7896094921979;NEOSALDINA 20DRG;24.99;3;ZANOL E THOMAZ LTDA;Zanol e Thomaz;24.99;TRIANGULO DROGARIA LTDA;Triangulo;16.0;NEOSALDINA 20DRG;HYPERA CH;NEOSALDINA;A;SUBIR PREÇO URGENTE;5.652857142857144;14.1656662665066;3.539999999999999;24.99;0.0;0.0;21.45;3.539999999999999;14.1656662665066;🟢 Ganho Rápido;🟡 Média;Avaliar aumento de preço com baixo risco competitivo.;3
7896094922075;DRAMIN B6 30ML;18.98;6;ZANOL E THOMAZ LTDA;Zanol e Thomaz;18.98;TRIANGULO DROGARIA LTDA;Triangulo;34.0;DRAMIN B6 30ML;HYPERA PP;DRAMIN B6;A;SUBIR PREÇO URGENTE;8.962857142857143;-3.055848261327704;-0.5799999999999983;18.98;0.0;0.0;19.56;-0.5799999999999983;-3.055848261327704;🟢 Ganho Rápido;🟡 Média;Avaliar aumento de preço com baixo risco competitivo.;3
7896094922273;BUSCOPAN COMPOSTO 04CPR;5.37;6;ZANOL E THOMAZ LTDA;Zanol e Thomaz;5.37;TRIANGULO DROGARIA LTDA;Triangulo;36.0;BUSCOPAN COMPOSTO 04CPR;;;;SEM CUSTO;;;;5.37;0.0;0.0;;;;🟠 Produto Sem Custo;🟡 Média;Regularizar custo/cadastro antes da decisão.;3
7896094922402;NEOSALDINA 04DRG;7.17;4;ZANOL E THOMAZ LTDA;Zanol e Thomaz;7.17;TRIANGULO DROGARIA LTDA;Triangulo;27.0;NEOSALDINA 04DRG;;;;SEM CUSTO;;;;7.17;0.0;0.0;;;;🟠 Produto Sem Custo;🟡 Média;Regularizar custo/cadastro antes da decisão.;3
7896094925137;ALEKTOS 120ML PED;70.72;4;ZANOL E THOMAZ LTDA;Zanol e Thomaz;70.72;TRIANGULO DROGARIA LTDA;Triangulo;19.0;ALEKTOS 120ML PED;HYPERA PP;ALEKTOS;A;SUBIR PREÇO URGENTE;29.13714285714288;1.159502262443429;0.8199999999999932;70.72;0.0;0.0;69.9;0.8199999999999932;1.1595022624434292;🟢 Ganho Rápido;🟡 Média;Avaliar aumento de preço com baixo risco competitivo.;3
7896094927551;ALEKTOS 20MG 20CPR;58.16;3;ZANOL E THOMAZ LTDA;Zanol e Thomaz;58.16;TRIANGULO DROGARIA LTDA;Triangulo;11.0;ALEKTOS 20MG 20CPR;HYPERA PP;ALEKTOS;A;SUBIR PREÇO URGENTE;25.86380952380958;-1.129069234296255;-0.6566666666667018;58.15999999999999;0.0;0.0;58.8166666666667;-0.6566666666667018;-1.129069234296255;🟢 Ganho Rápido;🟡 Média;Avaliar aumento de preço com baixo risco competitivo.;3
7896094928077;BUCLINA 25MG 30 CP;16.49;4;ZANOL E THOMAZ LTDA;Zanol e Thomaz;16.49;TRIANGULO DROGARIA LTDA;Triangulo;20.0;BUCLINA 25MG 30 CP;HYPERA PP;BUCLINA;A;SUBIR PREÇO URGENTE;8.111587301587289;-4.433663499764106;-0.731111111111101;16.49;0.0;0.0;17.2211111111111;-0.731111111111101;-4.433663499764106;🟢 Ganho Rápido;🟡 Média;Avaliar aumento de preço com baixo risco competitivo.;3
7896094930001;BUSCOPAN SIMPLES 20ML GTS;20.27;6;ZANOL E THOMAZ LTDA;Zanol e Thomaz;20.27;TRIANGULO DROGARIA LTDA;Triangulo;25.0;BUSCOPAN SIMPLES 20ML GTS;HYPERA CH;BUSCOPAN;A;SUBIR PREÇO URGENTE;10.99190476190472;-7.959217234007407;-1.613333333333301;20.27;0.0;0.0;21.8833333333333;-1.6133333333333013;-7.959217234007407;🟢 Ganho Rápido;🟡 Média;Avaliar aumento de preço com baixo risco competitivo.;3
7896094930858;NEOSALDINA MUSCULAR MAX 04CPR;7.76;2;ZANOL E THOMAZ LTDA;Zanol e Thomaz;7.76;TRIANGULO DROGARIA LTDA;Triangulo;14.0;NEOSALDINA MAX 30X4 'S;;;;SEM CUSTO;;;;8.5;0.0;0.0;;;;🟠 Produto Sem Custo;🟡 Média;Regularizar custo/cadastro antes da decisão.;3
7896094931299;BUSCOPAN COMPOSTO GTS 20ML;22.06;6;ZANOL E THOMAZ LTDA;Zanol e Thomaz;22.06;TRIANGULO DROGARIA LTDA;Triangulo;27.0;BUSCOPAN COMPOSTO GTS 20ML;HYPERA CH;BUSCOPAN;A;SUBIR PREÇO URGENTE;10.25071428571429;-2.527198549410703;-0.557500000000001;22.06;0.0;0.0;22.6175;-0.557500000000001;-2.5271985494107025;🟢 Ganho Rápido;🟡 Média;Avaliar aumento de preço com baixo risco competitivo.;3
7896094999978;DRAMIN B6 30CPR;19.9;8;ZANOL E THOMAZ LTDA;Zanol e Thomaz;19.9;TRIANGULO DROGARIA LTDA;Triangulo;44.0;DRAMIN B6 30CPR;HYPERA PP;DRAMIN B6;A;SUBIR PREÇO URGENTE;4.922023809523857;12.68634840871005;2.5245833333333;19.9;0.0;0.0;17.3754166666667;2.5245833333333003;12.686348408710051;🟢 Ganho Rápido;🟡 Média;Avaliar aumento de preço com baixo risco competitivo.;3
7896094999992;NEOSALDINA 30DRG;35.92;1;ZANOL E THOMAZ LTDA;Zanol e Thomaz;35.92;TRIANGULO DROGARIA LTDA;Triangulo;12.0;NEOSALDINA 30DRG;HYPERA CH;NEOSALDINA;A;SUBIR PREÇO;4.935844155844144;20.38115003037055;7.320909090909101;36.158;0.0;0.0;28.5990909090909;7.320909090909101;20.38115003037055;🟢 Ganho Rápido;🟡 Média;Avaliar aumento de preço com baixo risco competitivo.;3
7896110005805;PERSONAL TOALHINHA UMEDECIDA BABY C/50;10.49;3;ZANOL E THOMAZ LTDA;Zanol e Thomaz;10.49;TRIANGULO DROGARIA LTDA;Triangulo;12.0;LENCO UMED PERSONAL BABY 50 UN;;;;SEM CUSTO;;;;13.19;0.0;0.0;;;;🟠 Produto Sem Custo;🟡 Média;Regularizar custo/cadastro antes da decisão.;3
7896112104568;ATORVASTATINA CALCICA 10MG 30CPR TEUTO;21.99;2;ZANOL E THOMAZ LTDA;Zanol e Thomaz;21.99;TRIANGULO DROGARIA LTDA;Triangulo;1.0;ATORVASTATINA CALCICA 10MG 30CPR TEUTO;;;;SEM CUSTO;;;;21.99;0.0;0.0;;;;🟠 Produto Sem Custo;🟡 Média;Regularizar custo/cadastro antes da decisão.;3
7896112108627;BIOLAGRIMA 0,15% SOL OFT 10ML;32.99;2;ZANOL E THOMAZ LTDA;Zanol e Thomaz;32.99;TRIANGULO DROGARIA LTDA;Triangulo;9.0;BIOLAGRIMA 0,15% SOL OFT 10ML;TEUTO;BIOLAGRIMA;A;SUBIR PREÇO URGENTE;7.952857142857141;13.1251894513489;4.330000000000002;32.99;0.0;0.0;28.66;4.330000000000002;13.125189451348898;🟢 Ganho Rápido;🟡 Média;Avaliar aumento de preço com baixo risco competitivo.;3
7896112168331;DESLORATADINA XPE 0,5MG/ML 60ML TEUTO;18.99;1;ZANOL E THOMAZ LTDA;Zanol e Thomaz;18.99;TRIANGULO DROGARIA LTDA;Triangulo;2.0;DESLORATADINA XPE 0,5MG/ML 60ML TEUTO;;;;SEM CUSTO;;;;18.99;0.0;0.0;;;;🟠 Produto Sem Custo;🟡 Média;Regularizar custo/cadastro antes da decisão.;3
7896112422174;NOVANLO 2,5MG 90CPR;117.99;3;ZANOL E THOMAZ LTDA;Zanol e Thomaz;117.99;TRIANGULO DROGARIA LTDA;Triangulo;7.0;NOVANLO 2,5MG 90CPR;BIOLAB;NOVANLO;A;SUBIR PREÇO URGENTE;49.15821428571429;0.8358759216882773;0.9862499999999983;117.99;0.0;0.0;117.00375;0.9862499999999983;0.8358759216882773;🟢 Ganho Rápido;🟡 Média;Avaliar aumento de preço com baixo risco competitivo.;3
7896112432401;PRESSAT 2,5MG 30CPR;32.99;3;ZANOL E THOMAZ LTDA;Zanol e Thomaz;32.99;TRIANGULO DROGARIA LTDA;Triangulo;11.0;PRESSAT 2,5MG 30CPR;BIOLAB;PRESSAT;A;SUBIR PREÇO URGENTE;14.59636363636357;-0.9713687343270553;-0.3204545454544956;32.99;0.0;0.0;33.3104545454545;-0.3204545454544956;-0.9713687343270553;🟢 Ganho Rápido;🟡 Média;Avaliar aumento de preço com baixo risco competitivo.;3
7896112470830;PBM (P) PRESS PLUS 5+10MG 30CAPS;91.86;3;ZANOL E THOMAZ LTDA;Zanol e Thomaz;91.86;TRIANGULO DROGARIA LTDA;Triangulo;7.0;PBM (P) PRESS PLUS 5+10MG 30CAPS;BIOLAB;PRESS PLUS;A;SUBIR PREÇO URGENTE;26.78285714285715;9.590681471804922;8.810000000000002;91.86;0.0;0.0;83.05;8.810000000000002;9.590681471804922;🟢 Ganho Rápido;🟡 Média;Avaliar aumento de preço com baixo risco competitivo.;3
7896112471165;PBM (P) PRESS PLUS 5+20MG 30CAPS;107.63;5;ZANOL E THOMAZ LTDA;Zanol e Thomaz;107.63;TRIANGULO DROGARIA LTDA;Triangulo;4.0;PBM (P) PRESS PLUS 5+20MG 30CAPS;BIOLAB;PRESS PLUS;A;SUBIR PREÇO URGENTE;24.62714285714287;13.98309021648239;15.05;107.63;0.0;0.0;92.58;15.049999999999997;13.983090216482392;🟢 Ganho Rápido;🟡 Média;Avaliar aumento de preço com baixo risco competitivo.;3
7896181907176;BUSONID 50MCG SUSP NASAL 120 DOSES;36.83;4;ZANOL E THOMAZ LTDA;Zanol e Thomaz;36.83;TRIANGULO DROGARIA LTDA;Triangulo;22.0;BUSONID 50MCG SUSP NASAL 120 DOSES;ACHE;BUSONID;A;SUBIR PREÇO;2.54959183673472;25.15418331329269;9.264285714285698;36.83;0.0;0.0;27.5657142857143;9.264285714285698;25.154183313292695;🟢 Ganho Rápido;🟡 Média;Avaliar aumento de preço com baixo risco competitivo.;3
7896186000452;BATOM DE CACAU FPS 8 LUXO;2.49;1;ZANOL E THOMAZ LTDA;Zanol e Thomaz;2.49;TRIANGULO DROGARIA LTDA;Triangulo;4.0;BATOM DE CACAU FPS 8 LUXO;;;;SEM CUSTO;;;;2.49;0.0;0.0;;;;🟠 Produto Sem Custo;🟡 Média;Regularizar custo/cadastro antes da decisão.;3
7896206406707;SELOZOK 25MG 60CPR;66.02;3;ZANOL E THOMAZ LTDA;Zanol e Thomaz;66.02;TRIANGULO DROGARIA LTDA;Triangulo;8.0;SELOZOK 25MG 60CPR;ASTRAZENECA;SELOZOK;A;SUBIR PREÇO URGENTE;29.71333333333331;-1.504594567302804;-0.993333333333311;66.02;0.0;0.0;67.0133333333333;-0.993333333333311;-1.5045945673028038;🟢 Ganho Rápido;🟡 Média;Avaliar aumento de preço com baixo risco competitivo.;3
7896206406738;SELOZOK 50MG 60CPR;132.61;2;ZANOL E THOMAZ LTDA;Zanol e Thomaz;132.61;TRIANGULO DROGARIA LTDA;Triangulo;2.0;SELOZOK 50MG 60CPR;ASTRAZENECA;SELOZOK;A;SUBIR PREÇO URGENTE;59.97571428571428;-1.659000075409086;-2.199999999999989;132.61;0.0;0.0;134.81;-2.1999999999999886;-1.6590000754090857;🟢 Ganho Rápido;🟡 Média;Avaliar aumento de preço com baixo risco competitivo.;3
7896227620199;COTTONBABY ALGODAO DISCO C/60;9.99;4;ZANOL E THOMAZ LTDA;Zanol e Thomaz;9.99;TRIANGULO DROGARIA LTDA;Triangulo;9.0;COTTONBABY ALGODAO DISCO C/60;;;;SEM CUSTO;;;;9.99;0.0;0.0;;;;🟠 Produto Sem Custo;🟡 Média;Regularizar custo/cadastro antes da decisão.;3
7896227690369;COTTONBABY SAB LIQ SNOOPY ALGODAO 400ML;22.49;2;ZANOL E THOMAZ LTDA;Zanol e Thomaz;22.49;TRIANGULO DROGARIA LTDA;Triangulo;12.0;COTTONBABY SAB LIQ SNOOPY ALGODAO 400ML;;;;SEM CUSTO;;;;22.49;0.0;0.0;;;;🟠 Produto Sem Custo;🟡 Média;Regularizar custo/cadastro antes da decisão.;3
7896227690697;COTTONBABY ABS LADY C/ ABAS C/32UN;13.99;3;ZANOL E THOMAZ LTDA;Zanol e Thomaz;13.99;TRIANGULO DROGARIA LTDA;Triangulo;17.0;COTTONBABY ABS LADY C/ ABAS C/32UN;;;;SEM CUSTO;;;;13.99;0.0;0.0;;;;🟠 Produto Sem Custo;🟡 Média;Regularizar custo/cadastro antes da decisão.;3
7896227800812;SALONPAS GRANDE 02ADES;9.5;2;ZANOL E THOMAZ LTDA;Zanol e Thomaz;9.5;TRIANGULO DROGARIA LTDA;Triangulo;23.0;SALONPAS GRANDE 02ADES;HISAMITSU;SALONPAS;A;SUBIR PREÇO URGENTE;2.288550026752272;13.13699980287801;1.24801498127341;9.5;0.0;0.0;8.25198501872659;1.2480149812734105;13.136999802878005;🟢 Ganho Rápido;🟡 Média;Avaliar aumento de preço com baixo risco competitivo.;3
7896229906925;NATUHAIR CP SOS TRADICIONAL CD 500ML;20.99;1;ZANOL E THOMAZ LTDA;Zanol e Thomaz;20.99;TRIANGULO DROGARIA LTDA;Triangulo;8.0;NATUHAIR CP SOS TRADICIONAL CD 500ML;;;;SEM CUSTO;;;;20.99;0.0;0.0;;;;🟠 Produto Sem Custo;🟡 Média;Regularizar custo/cadastro antes da decisão.;3
7896229912513;NATUHAIR OLEOS DOS SONHOS ROSA MOSQUETA 60ML;19.99;5;ZANOL E THOMAZ LTDA;Zanol e Thomaz;19.99;TRIANGULO DROGARIA LTDA;Triangulo;2.0;NATUHAIR OLEOS DOS SONHOS ROSA MOSQUETA 60ML;;;;SEM CUSTO;;;;19.99;0.0;0.0;;;;🟠 Produto Sem Custo;🟡 Média;Regularizar custo/cadastro antes da decisão.;3
7896229988600;NATUHAIR PROTETOR TERMICO TRATMAIS 120ML;17.99;2;ZANOL E THOMAZ LTDA;Zanol e Thomaz;17.99;TRIANGULO DROGARIA LTDA;Triangulo;3.0;NATUHAIR PROTETOR TERMICO TRATMAIS 120ML;;;;SEM CUSTO;;;;17.99;0.0;0.0;;;;🟠 Produto Sem Custo;🟡 Média;Regularizar custo/cadastro antes da decisão.;3
7896235353911;MONANGE DES AERO PROTECAO 90GR;8.99;4;ZANOL E THOMAZ LTDA;Zanol e Thomaz;8.99;TRIANGULO DROGARIA LTDA;Triangulo;13.0;MONANGE DES AERO PROTECAO 90GR;COTY;MONANGE;A;SUBIR PREÇO;0.281428571428572;27.80867630700779;2.5;8.99;0.0;0.0;6.49;2.5;27.808676307007786;🟢 Ganho Rápido;🟡 Média;Avaliar aumento de preço com baixo risco competitivo.;3
7896235354291;MONANGE LOC HID MACADAMIA 50GR;14.99;1;ZANOL E THOMAZ LTDA;Zanol e Thomaz;14.99;TRIANGULO DROGARIA LTDA;Triangulo;1.0;MONANGE LOC HID MACADAMIA 50GR;;;;SEM CUSTO;;;;14.99;0.0;0.0;;;;🟠 Produto Sem Custo;🟡 Média;Regularizar custo/cadastro antes da decisão.;3
7896241225127;ABLOK PLUS 50+12,5MG 30CPR;37.74;4;ZANOL E THOMAZ LTDA;Zanol e Thomaz;37.74;TRIANGULO DROGARIA LTDA;Triangulo;10.0;ABLOK PLUS 50+12,5MG 30CPR;BIOLAB;ABLOK PLUS;A;SUBIR PREÇO URGENTE;14.25302325581401;3.563549869979328;1.344883720930198;37.74;0.0;0.0;36.3951162790698;1.3448837209301985;3.563549869979328;🟢 Ganho Rápido;🟡 Média;Avaliar aumento de preço com baixo risco competitivo.;3
7896241241394;ARADOIS 25MG 30CPR;39.99;4;ZANOL E THOMAZ LTDA;Zanol e Thomaz;39.99;TRIANGULO DROGARIA LTDA;Triangulo;13.0;ARADOIS 25MG 30CPR;BIOLAB;ARADOIS;A;SUBIR PREÇO URGENTE;22.62724137931029;-9.607574307369841;-3.8420689655172;41.37615384615385;0.0;0.0;43.8320689655172;-3.8420689655172;-9.607574307369841;🟢 Ganho Rápido;🟡 Média;Avaliar aumento de preço com baixo risco competitivo.;3
7896261015586;PBM (P) EXFORGE HCT 160/12,5/5MG 28CPR;155.5;2;ZANOL E THOMAZ LTDA;Zanol e Thomaz;155.5;TRIANGULO DROGARIA LTDA;Triangulo;2.0;PBM (P) EXFORGE HCT 160/12,5/5MG 28CPR;FQM FARMA;EXFORGE HCT;A;SUBIR PREÇO URGENTE;40.68928571428575;11.68327974276527;18.16749999999999;155.5;0.0;0.0;137.3325;18.16749999999999;11.683279742765267;🟢 Ganho Rápido;🟡 Média;Avaliar aumento de preço com baixo risco competitivo.;3
7896306625022;TRENTO CHOC PECCIN MASSIMO 25G;3.99;2;ZANOL E THOMAZ LTDA;Zanol e Thomaz;3.99;TRIANGULO DROGARIA LTDA;Triangulo;6.0;TRENTO CHOC PECCIN MASSIMO 25G;;;;SEM CUSTO;;;;3.99;0.0;0.0;;;;🟠 Produto Sem Custo;🟡 Média;Regularizar custo/cadastro antes da decisão.;3
7896306625060;TRENTO CHOC PECCIN MASSIMO CHOCO  25GR;3.99;2;ZANOL E THOMAZ LTDA;Zanol e Thomaz;3.99;TRIANGULO DROGARIA LTDA;Triangulo;7.0;TRENTO CHOC PECCIN MASSIMO CHOCO  25GR;;;;SEM CUSTO;;;;3.99;0.0;0.0;;;;🟠 Produto Sem Custo;🟡 Média;Regularizar custo/cadastro antes da decisão.;3
7896306625084;TRENTO CHOC PECCIN MASSIMO DARK  25GR;3.99;2;ZANOL E THOMAZ LTDA;Zanol e Thomaz;3.99;TRIANGULO DROGARIA LTDA;Triangulo;7.0;TRENTO CHOC PECCIN MASSIMO DARK  25GR;;;;SEM CUSTO;;;;3.99;0.0;0.0;;;;🟠 Produto Sem Custo;🟡 Média;Regularizar custo/cadastro antes da decisão.;3
7896306625190;TRENTO CHOC PECCIN CHOC AVELAS 29GR;3.49;2;ZANOL E THOMAZ LTDA;Zanol e Thomaz;3.49;TRIANGULO DROGARIA LTDA;Triangulo;10.0;TRENTO CHOC PECCIN CHOC AVELAS 29GR;;;;SEM CUSTO;;;;3.49;0.0;0.0;;;;🟠 Produto Sem Custo;🟡 Média;Regularizar custo/cadastro antes da decisão.;3
7896306625237;TRENTO CHOC PECCIN CHOCOLATE 38% CACAU 29GR;3.49;2;ZANOL E THOMAZ LTDA;Zanol e Thomaz;3.49;TRIANGULO DROGARIA LTDA;Triangulo;8.0;TRENTO CHOC PECCIN CHOCOLATE 38% CACAU 29GR;;;;SEM CUSTO;;;;3.490000000000001;0.0;0.0;;;;🟠 Produto Sem Custo;🟡 Média;Regularizar custo/cadastro antes da decisão.;3
7896423420326;SNICKERS ORIGINAL DUO 78GR;6.99;1;ZANOL E THOMAZ LTDA;Zanol e Thomaz;6.99;TRIANGULO DROGARIA LTDA;Triangulo;3.0;CHOC SNICKERS 78G;;;;SEM CUSTO;;;;8.99;0.0;0.0;;;;🟠 Produto Sem Custo;🟡 Média;Regularizar custo/cadastro antes da decisão.;3
7896423497984;SNICKERS RECH PE DE MOLEQUE 42GR;4.49;2;ZANOL E THOMAZ LTDA;Zanol e Thomaz;4.49;TRIANGULO DROGARIA LTDA;Triangulo;4.0;SNICKERS RECH PE DE MOLEQUE 42GR;;;;SEM CUSTO;;;;4.49;0.0;0.0;;;;🟠 Produto Sem Custo;🟡 Média;Regularizar custo/cadastro antes da decisão.;3
7896472520220;RESFEGRIPE BLISTER 10 CAPS;5.99;4;ZANOL E THOMAZ LTDA;Zanol e Thomaz;5.99;TRIANGULO DROGARIA LTDA;Triangulo;24.0;RESFEGRIPE BLISTER 10 CAPS;;;;SEM CUSTO;;;;5.99;0.0;0.0;;;;🟠 Produto Sem Custo;🟡 Média;Regularizar custo/cadastro antes da decisão.;3
7896480640989;ENLACE ALGODAO BOLA 50G;4.99;3;ZANOL E THOMAZ LTDA;Zanol e Thomaz;4.99;TRIANGULO DROGARIA LTDA;Triangulo;6.0;ENLACE ALGODAO BOLA 50G;;;;SEM CUSTO;;;;4.99;0.0;0.0;;;;🟠 Produto Sem Custo;🟡 Média;Regularizar custo/cadastro antes da decisão.;3
7896523216621;ACICLOVIR 200MG C/ 30CP CIMED;24.99;1;ZANOL E THOMAZ LTDA;Zanol e Thomaz;24.99;TRIANGULO DROGARIA LTDA;Triangulo;2.0;ACICLOVIR 200MG C/ 30CP CIMED;;;;SEM CUSTO;;;;24.99;0.0;0.0;;;;🟠 Produto Sem Custo;🟡 Média;Regularizar custo/cadastro antes da decisão.;3
7896523220598;CIMEGRIPE BLISTER 4 CAPS;2.49;4;ZANOL E THOMAZ LTDA;Zanol e Thomaz;2.49;TRIANGULO DROGARIA LTDA;Triangulo;22.0;CIMEGRIPE BLISTER 4 CAPS;;;;SEM CUSTO;;;;2.49;0.0;0.0;;;;🟠 Produto Sem Custo;🟡 Média;Regularizar custo/cadastro antes da decisão.;3
7896544900097;FITA MICROPOROSA MISSNER 2.5 CM X 4.5 M;4.99;2;ZANOL E THOMAZ LTDA;Zanol e Thomaz;4.99;TRIANGULO DROGARIA LTDA;Triangulo;10.0;FITA MICROPOROSA MISSNER 2.5 CM X 4.5 M;MISSNER;MISSNER;A;SUBIR PREÇO URGENTE;1.31;11.62324649298597;0.5800000000000001;4.99;0.0;0.0;4.41;0.5800000000000001;11.623246492985972;🟢 Ganho Rápido;🟡 Média;Avaliar aumento de preço com baixo risco competitivo.;3
7896544925458;ESPARADRAPO MISSNER 2,5 X 4,5 C/1;5.99;2;ZANOL E THOMAZ LTDA;Zanol e Thomaz;5.99;TRIANGULO DROGARIA LTDA;Triangulo;12.0;ESPARADRAPO MISSNER 2,5 X 4,5 C/1;MISSNER;MISSNER;A;SUBIR PREÇO URGENTE;1.500000000000001;12.47078464106845;0.7469999999999999;5.99;0.0;0.0;5.243;0.7469999999999999;12.470784641068446;🟢 Ganho Rápido;🟡 Média;Avaliar aumento de preço com baixo risco competitivo.;3
7896637022415;LITOCIT 10MG 60CPR;67.32;2;ZANOL E THOMAZ LTDA;Zanol e Thomaz;67.32;TRIANGULO DROGARIA LTDA;Triangulo;6.0;LITOCIT 10MG 60CPR;APSEN;LITOCIT;A;SUBIR PREÇO URGENTE;30.89428571428573;-2.124183006535958;-1.430000000000007;67.32;0.0;0.0;68.75;-1.4300000000000068;-2.1241830065359584;🟢 Ganho Rápido;🟡 Média;Avaliar aumento de preço com baixo risco competitivo.;3
7896637023238;FLANCOX 500MG 14CPR;40.64;3;ZANOL E THOMAZ LTDA;Zanol e Thomaz;40.64;TRIANGULO DROGARIA LTDA;Triangulo;6.0;FLANCOX 500MG 14CPR;APSEN;FLANCOX;A;SUBIR PREÇO URGENTE;18.83142857142858;-2.436023622047249;-0.990000000000002;40.64;0.0;0.0;41.63;-0.990000000000002;-2.436023622047249;🟢 Ganho Rápido;🟡 Média;Avaliar aumento de preço com baixo risco competitivo.;3
7896637031943;FLANCOX 600MG 14CPR;50.89;4;ZANOL E THOMAZ LTDA;Zanol e Thomaz;50.89;TRIANGULO DROGARIA LTDA;Triangulo;13.0;FLANCOX 600MG 14CPR;APSEN;FLANCOX;A;SUBIR PREÇO URGENTE;23.62428571428572;-2.495578699155033;-1.269999999999996;50.89000000000001;0.0;0.0;52.16;-1.269999999999996;-2.4955786991550326;🟢 Ganho Rápido;🟡 Média;Avaliar aumento de preço com baixo risco competitivo.;3
7896641804380;KALOBA GTS 20ML;81.96;2;ZANOL E THOMAZ LTDA;Zanol e Thomaz;81.96;TRIANGULO DROGARIA LTDA;Triangulo;14.0;KALOBA GTS 20ML;HERBARIUM;KALOBA;A;SUBIR PREÇO URGENTE;35.60153846153844;-0.4063896084393633;-0.3330769230769022;81.96;0.0;0.0;82.2930769230769;-0.3330769230769022;-0.40638960843936334;🟢 Ganho Rápido;🟡 Média;Avaliar aumento de preço com baixo risco competitivo.;3
7896658001079;CEFALIV 12 CPR;17.76;4;ZANOL E THOMAZ LTDA;Zanol e Thomaz;17.76;TRIANGULO DROGARIA LTDA;Triangulo;22.0;CEFALIV 12 CPR;ACHE;CEFALIV;A;SUBIR PREÇO;1.591111111111143;23.72872872872861;4.214222222222201;17.76;0.0;0.0;13.5457777777778;4.214222222222201;23.72872872872861;🟢 Ganho Rápido;🟡 Média;Avaliar aumento de preço com baixo risco competitivo.;3
7896658001901;DECONGEX PLUS 12CPR;24.75;4;ZANOL E THOMAZ LTDA;Zanol e Thomaz;24.75;TRIANGULO DROGARIA LTDA;Triangulo;21.0;DECONGEX PLUS 12CPR;ACHE;DECONGEX PLUS;A;SUBIR PREÇO;2.562479474548429;22.75258330430748;5.631264367816101;24.75;0.0;0.0;19.1187356321839;5.631264367816101;22.75258330430748;🟢 Ganho Rápido;🟡 Média;Avaliar aumento de preço com baixo risco competitivo.;3
7896658001918;DECONGEX PLUS XPE 120ML;20.6;2;ZANOL E THOMAZ LTDA;Zanol e Thomaz;20.6;TRIANGULO DROGARIA LTDA;Triangulo;32.0;DECONGEX PLUS XPE 120ML;ACHE;DECONGEX PLUS;A;SUBIR PREÇO;2.126666666666715;22.77346278317136;4.691333333333301;20.6;0.0;0.0;15.9086666666667;4.691333333333301;22.77346278317136;🟢 Ganho Rápido;🟡 Média;Avaliar aumento de preço com baixo risco competitivo.;3
7896658007934;DECONGEX PLUS 4CPR;8.39;4;ZANOL E THOMAZ LTDA;Zanol e Thomaz;8.39;TRIANGULO DROGARIA LTDA;Triangulo;27.0;DECONGEX PLUS 12/15MG BLISTER 4CPR;;;;SEM CUSTO;;;;11.64;0.0;0.0;;;;🟠 Produto Sem Custo;🟡 Média;Regularizar custo/cadastro antes da decisão.;3
7896658012402;MERITOR 2+1000MG 30CPR;51.76;2;ZANOL E THOMAZ LTDA;Zanol e Thomaz;51.76;TRIANGULO DROGARIA LTDA;Triangulo;10.0;MERITOR 2+1000MG 30CPR;ACHE;MERITOR;A;SUBIR PREÇO URGENTE;16.95428571428572;7.071097372488401;3.659999999999997;51.76000000000001;0.0;0.0;48.1;3.6599999999999966;7.071097372488401;🟢 Ganho Rápido;🟡 Média;Avaliar aumento de preço com baixo risco competitivo.;3
7896658012419;MERITOR 4+1000MG 30CPR;69.74;2;ZANOL E THOMAZ LTDA;Zanol e Thomaz;69.74;TRIANGULO DROGARIA LTDA;Triangulo;20.0;MERITOR 4+1000MG 30CPR;ACHE;MERITOR;A;SUBIR PREÇO URGENTE;29.58637362637359;0.303324435816598;0.2115384615384954;69.74;0.0;0.0;69.5284615384615;0.21153846153849543;0.303324435816598;🟢 Ganho Rápido;🟡 Média;Avaliar aumento de preço com baixo risco competitivo.;3
7896658030369;BETADINE XR 48MG 30 CP;68.18;4;ZANOL E THOMAZ LTDA;Zanol e Thomaz;68.18;TRIANGULO DROGARIA LTDA;Triangulo;10.0;BETADINE XR 48MG 30 CP;ACHE;BETADINE XR;A;SUBIR PREÇO URGENTE;31.55714285714286;-2.399530654150771;-1.635999999999996;68.18;0.0;0.0;69.816;-1.6359999999999957;-2.399530654150771;🟢 Ganho Rápido;🟡 Média;Avaliar aumento de preço com baixo risco competitivo.;3
7896658047992;TREZETE 10MG+10MG 60 CP REV;133.14;6;ZANOL E THOMAZ LTDA;Zanol e Thomaz;133.14;TRIANGULO DROGARIA LTDA;Triangulo;5.0;TREZETE 10MG+10MG 60 CP REV;ACHE;TREZETE;A;SUBIR PREÇO URGENTE;46.82666666666717;5.380301437083511;7.163333333332986;133.14;0.0;0.0;125.976666666667;7.163333333332986;5.380301437083511;🟢 Ganho Rápido;🟡 Média;Avaliar aumento de preço com baixo risco competitivo.;3
7896658048012;TREZETE 20+10MG 60CPR;188.2;4;ZANOL E THOMAZ LTDA;Zanol e Thomaz;188.2;TRIANGULO DROGARIA LTDA;Triangulo;10.0;TREZETE 20+10MG 60CPR;ACHE;TREZETE;A;SUBIR PREÇO URGENTE;84.7714285714286;-1.530286928799163;-2.880000000000024;188.2;0.0;0.0;191.08;-2.880000000000024;-1.5302869287991625;🟢 Ganho Rápido;🟡 Média;Avaliar aumento de preço com baixo risco competitivo.;3
7896676433050;ECOFILM COL 5ML;17.34;2;ZANOL E THOMAZ LTDA;Zanol e Thomaz;17.34;TRIANGULO DROGARIA LTDA;Triangulo;16.0;ECOFILM COL 5ML;LATINOFARMA;ECOFILM;A;SUBIR PREÇO URGENTE;7.891127253161141;-1.85576169096193;-0.3217890772127987;18.192;0.0;0.0;17.6617890772128;-0.3217890772127987;-1.8557616909619303;🟢 Ganho Rápido;🟡 Média;Avaliar aumento de preço com baixo risco competitivo.;3
7896685300183;FLORAX PED 5FLAC 5ML;33.13;2;ZANOL E THOMAZ LTDA;Zanol e Thomaz;33.13;TRIANGULO DROGARIA LTDA;Triangulo;12.0;FLORAX PED 5FLAC 5ML;HEBRON;FLORAX;A;SUBIR PREÇO URGENTE;9.119999999999997;10.73045578025959;3.555000000000003;35.21555555555555;0.0;0.0;29.575;3.5550000000000033;10.730455780259593;🟢 Ganho Rápido;🟡 Média;Avaliar aumento de preço com baixo risco competitivo.;3
7896685300190;FLORAX ADT 5FLAC 5ML;42.9;2;ZANOL E THOMAZ LTDA;Zanol e Thomaz;42.9;TRIANGULO DROGARIA LTDA;Triangulo;11.0;FLORAX ADT 5FLAC 5ML;HEBRON;FLORAX;A;SUBIR PREÇO URGENTE;13.37142857142858;8.181818181818178;3.509999999999998;42.9;0.0;0.0;39.39;3.509999999999998;8.181818181818178;🟢 Ganho Rápido;🟡 Média;Avaliar aumento de preço com baixo risco competitivo.;3
7896685301661;FLORAX SM PED 5FLAC 5ML;33.15;8;ZANOL E THOMAZ LTDA;Zanol e Thomaz;33.15;TRIANGULO DROGARIA LTDA;Triangulo;37.0;FLORAX SM PED 5FLAC 5ML;HEBRON;FLORAX SM;A;SUBIR PREÇO URGENTE;7.162500000000001;14.87556561085973;4.931249999999999;33.93879999999999;0.0;0.0;28.21875;4.931249999999999;14.875565610859725;🟢 Ganho Rápido;🟡 Média;Avaliar aumento de preço com baixo risco competitivo.;3
7896685303283;FLORAX SM PED UVA 5FLAC 5ML;33.15;6;ZANOL E THOMAZ LTDA;Zanol e Thomaz;33.15;TRIANGULO DROGARIA LTDA;Triangulo;16.0;FLORAX SM PED UVA 5FLAC 5ML;HEBRON;FLORAX SM;A;SUBIR PREÇO URGENTE;8.994897959183717;11.00624865330738;3.648571428571397;33.15;0.0;0.0;29.5014285714286;3.6485714285713975;11.006248653307384;🟢 Ganho Rápido;🟡 Média;Avaliar aumento de preço com baixo risco competitivo.;3
7896685303450;IMUNOGLUCAN DS 150ML;67.08;6;ZANOL E THOMAZ LTDA;Zanol e Thomaz;67.08;TRIANGULO DROGARIA LTDA;Triangulo;25.0;IMUNOGLUCAN DS 150ML;HEBRON;IMUNOGLUCAN DS;A;SUBIR PREÇO URGENTE;26.77714285714286;2.057245080500888;1.379999999999995;67.54363636363637;0.0;0.0;65.7;1.3799999999999955;2.0572450805008877;🟢 Ganho Rápido;🟡 Média;Avaliar aumento de preço com baixo risco competitivo.;3
7896685303634;IMUNOGLUCAN DS 60 CAPS;114.16;1;ZANOL E THOMAZ LTDA;Zanol e Thomaz;114.16;TRIANGULO DROGARIA LTDA;Triangulo;18.0;IMUNOGLUCAN DS 60 CAPS;HEBRON;IMUNOGLUCAN DS;A;SUBIR PREÇO URGENTE;37.87571428571428;6.775578135949544;7.734999999999999;122.54;0.0;0.0;106.425;7.734999999999999;6.775578135949544;🟢 Ganho Rápido;🟡 Média;Avaliar aumento de preço com baixo risco competitivo.;3
7896714224688;NISTATINA+OXIDO DE ZINCO POM DERM 60G NEO;10.99;6;ZANOL E THOMAZ LTDA;Zanol e Thomaz;10.99;TRIANGULO DROGARIA LTDA;Triangulo;44.0;GEN NISTATINAOX.ZINCO PDA 60G;NEO QUIMICA;NISTATINA + OXIDO ZINCO;A;SUBIR PREÇO;1.497500000000002;20.46178343949044;2.248749999999999;10.99;0.0;0.0;8.74125;2.2487499999999994;20.46178343949044;🟢 Ganho Rápido;🟡 Média;Avaliar aumento de preço com baixo risco competitivo.;3
7896714231143;NEOSORO SOL NAS ADT 30 ML;4.99;4;ZANOL E THOMAZ LTDA;Zanol e Thomaz;4.99;TRIANGULO DROGARIA LTDA;Triangulo;27.0;NEOSORO SOL NAS ADT 30 ML;NEO QUIMICA;NEOSORO;A;SUBIR PREÇO;0.2088212526389857;27.07064375055531;1.35082512315271;4.99;0.0;0.0;3.6391748768472905;1.3508251231527098;27.070643750555305;🟢 Ganho Rápido;🟡 Média;Avaliar aumento de preço com baixo risco competitivo.;3
7896714241340;VALSARTANA 320MG 30CPR NEO;44.99;6;ZANOL E THOMAZ LTDA;Zanol e Thomaz;44.99;TRIANGULO DROGARIA LTDA;Triangulo;32.0;VALSARTANA 320MG 30CPR NEO;NEO QUIMICA;VALSARTANA;A;SUBIR PREÇO URGENTE;6.669523809523852;19.62287915833141;8.828333333333305;44.99;0.0;0.0;36.1616666666667;8.828333333333305;19.622879158331415;🟢 Ganho Rápido;🟡 Média;Avaliar aumento de preço com baixo risco competitivo.;3
7896714275499;DORALGINA BLISTER 04CPR UN;2.49;4;ZANOL E THOMAZ LTDA;Zanol e Thomaz;2.49;TRIANGULO DROGARIA LTDA;Triangulo;24.0;DORALGINA BLISTER 04CPR UN;;;;SEM CUSTO;;;;2.49;0.0;0.0;;;;🟠 Produto Sem Custo;🟡 Média;Regularizar custo/cadastro antes da decisão.;3
7896714291024;DORALGINA 20 DRG;10.99;4;ZANOL E THOMAZ LTDA;Zanol e Thomaz;10.99;TRIANGULO DROGARIA LTDA;Triangulo;24.0;DORALGINA 20 DRG;NEO QUIMICA;DORALGINA;A;SUBIR PREÇO;0.838571428571429;24.65878070973613;2.710000000000001;10.99;0.0;0.0;8.28;2.710000000000001;24.65878070973613;🟢 Ganho Rápido;🟡 Média;Avaliar aumento de preço com baixo risco competitivo.;3
7896862991081;GASTROGEL DE BOLSO FLAC 10ML UN;3.99;4;ZANOL E THOMAZ LTDA;Zanol e Thomaz;3.99;TRIANGULO DROGARIA LTDA;Triangulo;21.0;GASTROGEL DE BOLSO FLAC 10ML UN;;;;SEM CUSTO;;;;3.99;0.0;0.0;;;;🟠 Produto Sem Custo;🟡 Média;Regularizar custo/cadastro antes da decisão.;3
7896902208223;FARMAX PO DESCOL CAP QUERATINA 50GR;9.99;4;ZANOL E THOMAZ LTDA;Zanol e Thomaz;9.99;TRIANGULO DROGARIA LTDA;Triangulo;4.0;FARMAX PO DESCOL CAP QUERATINA 50GR;;;;SEM CUSTO;;;;9.99;0.0;0.0;;;;🟠 Produto Sem Custo;🟡 Média;Regularizar custo/cadastro antes da decisão.;3
7896902208308;FARMAX PO DESCOL CAP CAMOMILA 50GR;9.99;2;ZANOL E THOMAZ LTDA;Zanol e Thomaz;9.99;TRIANGULO DROGARIA LTDA;Triangulo;4.0;FARMAX PO DESCOL CAP CAMOMILA 50GR;;;;SEM CUSTO;;;;9.99;0.0;0.0;;;;🟠 Produto Sem Custo;🟡 Média;Regularizar custo/cadastro antes da decisão.;3
7896902208612;FARMAX PO DESCOL CAP CAMOMILA 8GR;2.99;4;ZANOL E THOMAZ LTDA;Zanol e Thomaz;2.99;TRIANGULO DROGARIA LTDA;Triangulo;12.0;FARMAX PO DESCOL CAP CAMOMILA 8GR;;;;SEM CUSTO;;;;2.99;0.0;0.0;;;;🟠 Produto Sem Custo;🟡 Média;Regularizar custo/cadastro antes da decisão.;3
7896902210677;FARMAX AGUA OXIG CREM VOL40 900ML;19.99;3;ZANOL E THOMAZ LTDA;Zanol e Thomaz;19.99;TRIANGULO DROGARIA LTDA;Triangulo;10.0;FARMAX AGUA OXIG CREM VOL40 900ML;;;;SEM CUSTO;;;;19.99;0.0;0.0;;;;🟠 Produto Sem Custo;🟡 Média;Regularizar custo/cadastro antes da decisão.;3
7896902211544;FARMAX AGUA OXIGENADA 10V 100ML;2.99;4;ZANOL E THOMAZ LTDA;Zanol e Thomaz;2.99;TRIANGULO DROGARIA LTDA;Triangulo;16.0;FARMAX AGUA OXIGENADA 10V 100ML;FARMAX;FARMAX;A;SUBIR PREÇO;0.306031746031743;22.83537718320335;0.6827777777777801;2.99;0.0;0.0;2.30722222222222;0.6827777777777801;22.83537718320335;🟢 Ganho Rápido;🟡 Média;Avaliar aumento de preço com baixo risco competitivo.;3
7896902212176;SORO FISIOLOGICO 250ML SORIMAX;3.99;1;ZANOL E THOMAZ LTDA;Zanol e Thomaz;3.99;TRIANGULO DROGARIA LTDA;Triangulo;15.0;SORO FISIOLOGICO 250ML SORIMAX;FARMAX;SORIMAX;A;SUBIR PREÇO;0.3242857142857147;24.31077694235589;0.9700000000000002;3.99;0.0;0.0;3.02;0.9700000000000002;24.310776942355893;🟢 Ganho Rápido;🟡 Média;Avaliar aumento de preço com baixo risco competitivo.;3
7897076914088;ESOMEPRAZOL MAGNESICO 40MG 28CPR RANBAXY;59.99;6;ZANOL E THOMAZ LTDA;Zanol e Thomaz;59.99;TRIANGULO DROGARIA LTDA;Triangulo;27.0;ESOMEPRAZOL MAGNESICO 40MG 28CPR RANBAXY;;;;SEM CUSTO;;;;59.99;0.0;0.0;;;;🟠 Produto Sem Custo;🟡 Média;Regularizar custo/cadastro antes da decisão.;3
7897322709789;TAMARINE GELEIA 150G;74.69;2;ZANOL E THOMAZ LTDA;Zanol e Thomaz;74.69;TRIANGULO DROGARIA LTDA;Triangulo;9.0;TAMARINE GELEIA 150G;HYPERA CH;TAMARINE;A;SUBIR PREÇO URGENTE;35.34571428571431;-3.126255188110869;-2.335000000000008;74.69;0.0;0.0;77.025;-2.335000000000008;-3.126255188110869;🟢 Ganho Rápido;🟡 Média;Avaliar aumento de preço com baixo risco competitivo.;3
7897595624642;AMOXICILINA+CLAV 500MG+125MG 21CPR SANDOZ;69.99;5;ZANOL E THOMAZ LTDA;Zanol e Thomaz;69.99;TRIANGULO DROGARIA LTDA;Triangulo;17.0;AMOXICILINA+CLAV 500MG+125MG 21CPR SANDOZ;SANDOZ;AMOXICILINA + CLAV POTASSIO;A;SUBIR PREÇO URGENTE;15.47122448979587;14.52656501949263;10.16714285714289;69.99;0.0;0.0;59.8228571428571;10.167142857142892;14.526565019492633;🟢 Ganho Rápido;🟡 Média;Avaliar aumento de preço com baixo risco competitivo.;3
7897595901309;PURAN T4  25MCG 30CPR;14.39;1;ZANOL E THOMAZ LTDA;Zanol e Thomaz;14.39;TRIANGULO DROGARIA LTDA;Triangulo;21.0;PURAN T4  25MCG 30CPR;SANOFI-MEDLEY;PURAN T4;A;SUBIR PREÇO URGENTE;5.293333333333287;4.250637016446839;0.6116666666667001;14.39;0.0;0.0;13.7783333333333;0.6116666666667001;4.250637016446839;🟢 Ganho Rápido;🟡 Média;Avaliar aumento de preço com baixo risco competitivo.;3
7897595901323;PURAN T4  75MCG 30CPR;17.35;4;ZANOL E THOMAZ LTDA;Zanol e Thomaz;17.35;TRIANGULO DROGARIA LTDA;Triangulo;13.0;PURAN T4  75MCG 30CPR;SANOFI-MEDLEY;PURAN T4;A;SUBIR PREÇO URGENTE;6.264285714285716;4.726224783861673;0.8200000000000003;17.35;0.0;0.0;16.53;0.8200000000000003;4.726224783861673;🟢 Ganho Rápido;🟡 Média;Avaliar aumento de preço com baixo risco competitivo.;3
7897595901330;PURAN T4 150MCG 30CPR;21.33;2;ZANOL E THOMAZ LTDA;Zanol e Thomaz;21.33;TRIANGULO DROGARIA LTDA;Triangulo;5.0;PURAN T4 150MCG 30CPR;SANOFI-MEDLEY;PURAN T4;A;SUBIR PREÇO URGENTE;7.721190476190433;4.66088451320533;0.9941666666666968;21.33;0.0;0.0;20.3358333333333;0.9941666666666968;4.66088451320533;🟢 Ganho Rápido;🟡 Média;Avaliar aumento de preço com baixo risco competitivo.;3
7897595901446;PURAN T4 125MCG  30CPR;19.88;3;ZANOL E THOMAZ LTDA;Zanol e Thomaz;19.88;TRIANGULO DROGARIA LTDA;Triangulo;11.0;PURAN T4 125MCG  30CPR;SANOFI-MEDLEY;PURAN T4;A;SUBIR PREÇO URGENTE;7.348571428571429;4.124748490945676;0.8200000000000003;19.88;0.0;0.0;19.06;0.8200000000000003;4.1247484909456755;🟢 Ganho Rápido;🟡 Média;Avaliar aumento de preço com baixo risco competitivo.;3
7897595903365;PURAN T4  88MCG 30CPR;20.91;3;ZANOL E THOMAZ LTDA;Zanol e Thomaz;20.91;TRIANGULO DROGARIA LTDA;Triangulo;7.0;PURAN T4  88MCG 30CPR;SANOFI-MEDLEY;PURAN T4;A;SUBIR PREÇO URGENTE;7.542380952381002;4.75051809341607;0.9933333333333003;20.91;0.0;0.0;19.9166666666667;0.9933333333333003;4.75051809341607;🟢 Ganho Rápido;🟡 Média;Avaliar aumento de preço com baixo risco competitivo.;3
7897732609259;SOBRAL AGUALEMA 200ML;19.99;7;ZANOL E THOMAZ LTDA;Zanol e Thomaz;19.99;TRIANGULO DROGARIA LTDA;Triangulo;44.0;SOBRAL AGUALEMA 200ML;SOBRAL;SOBRAL;A;SUBIR PREÇO;2.345714285714287;21.78589294647323;4.354999999999999;19.99;0.0;0.0;15.635;4.354999999999999;21.785892946473233;🟢 Ganho Rápido;🟡 Média;Avaliar aumento de preço com baixo risco competitivo.;3
7897947600157;CIMEGRIPE RUB 12G UN;12.99;2;ZANOL E THOMAZ LTDA;Zanol e Thomaz;12.99;TRIANGULO DROGARIA LTDA;Triangulo;10.0;CIMEGRIPE RUB 12G UN;;;;SEM CUSTO;;;;12.99;0.0;0.0;;;;🟠 Produto Sem Custo;🟡 Média;Regularizar custo/cadastro antes da decisão.;3
7898031310587;UNIPHAR AGUA OXIG VOL 10 100ML;2.99;4;ZANOL E THOMAZ LTDA;Zanol e Thomaz;2.99;TRIANGULO DROGARIA LTDA;Triangulo;20.0;UNIPHAR AGUA OXIG VOL 10 100ML;UNIPHAR;UNIPHAR;A;SUBIR PREÇO URGENTE;0.4341197183098569;19.83666211314717;0.5931161971831003;2.99;0.0;0.0;2.3968838028169;0.5931161971831003;19.836662113147167;🟢 Ganho Rápido;🟡 Média;Avaliar aumento de preço com baixo risco competitivo.;3
7898031311034;VIOLETA GENCIANA UNIPHAR 30ML;3.99;4;ZANOL E THOMAZ LTDA;Zanol e Thomaz;3.99;TRIANGULO DROGARIA LTDA;Triangulo;19.0;VIOLETA GENCIANA UNIPHAR 30ML;UNIPHAR;UNIPHAR;A;SUBIR PREÇO;0.2921428571428573;24.87468671679198;0.9925000000000002;3.99;0.0;0.0;2.9975;0.9925000000000002;24.874686716791985;🟢 Ganho Rápido;🟡 Média;Avaliar aumento de preço com baixo risco competitivo.;3
7898031311324;UNIPHAR SAL AMARGO 30G;2.99;4;ZANOL E THOMAZ LTDA;Zanol e Thomaz;2.99;TRIANGULO DROGARIA LTDA;Triangulo;18.0;UNIPHAR SAL AMARGO 30G;JRD IND;SAL AMARGO;A;SUBIR PREÇO URGENTE;0.4861904761904716;18.6176142697883;0.5566666666666702;2.99;0.0;0.0;2.43333333333333;0.5566666666666702;18.617614269788298;🟢 Ganho Rápido;🟡 Média;Avaliar aumento de preço com baixo risco competitivo.;3
7898040320973;ABRILAR 7 MG/ML XPE 100ML;44.9;6;ZANOL E THOMAZ LTDA;Zanol e Thomaz;44.9;TRIANGULO DROGARIA LTDA;Triangulo;33.0;ABRILAR 7 MG/ML XPE 100ML;FQM FARMA;ABRILAR;A;SUBIR PREÇO URGENTE;16.34603174603172;4.516208859193319;2.0277777777778;44.89999999999999;0.0;0.0;42.8722222222222;2.0277777777778;4.516208859193319;🟢 Ganho Rápido;🟡 Média;Avaliar aumento de preço com baixo risco competitivo.;3
7898040321505;ANNITA 20MG SUSP 100ML;57.72;2;ZANOL E THOMAZ LTDA;Zanol e Thomaz;57.72;TRIANGULO DROGARIA LTDA;Triangulo;21.0;ANNITA 20MG SUSP 100ML;FQM FARMA;ANNITA;A;SUBIR PREÇO URGENTE;26.08952380952387;-1.640101640101699;-0.946666666666701;57.72;0.0;0.0;58.6666666666667;-0.946666666666701;-1.6401016401016995;🟢 Ganho Rápido;🟡 Média;Avaliar aumento de preço com baixo risco competitivo.;3
7898040325237;MARESIS 100ML SPRAY 360 BABY;45.08;2;ZANOL E THOMAZ LTDA;Zanol e Thomaz;45.08;TRIANGULO DROGARIA LTDA;Triangulo;13.0;MARESIS 100ML SPRAY 360 BABY;FQM FARMA;MARESIS BABY;A;SUBIR PREÇO URGENTE;8.758095238095294;16.40047323277129;7.393333333333295;45.08000000000001;0.0;0.0;37.6866666666667;7.393333333333295;16.400473232771287;🟢 Ganho Rápido;🟡 Média;Avaliar aumento de preço com baixo risco competitivo.;3
7898060132518;AZITROMICINA 500MG 05CAPS GLOBO;17.99;5;ZANOL E THOMAZ LTDA;Zanol e Thomaz;17.99;TRIANGULO DROGARIA LTDA;Triangulo;29.0;AZITROMICINA 500MG 05CAPS GLOBO;;;;SEM CUSTO;;;;17.99;0.0;0.0;;;;🟠 Produto Sem Custo;🟡 Média;Regularizar custo/cadastro antes da decisão.;3
7898100243587;GRIPALCE BLISTAR 10CAPS  UN;5.53;4;ZANOL E THOMAZ LTDA;Zanol e Thomaz;5.53;TRIANGULO DROGARIA LTDA;Triangulo;24.0;GRIPALCE BLISTAR 10CAPS  UN;;;;SEM CUSTO;;;;5.53;0.0;0.0;;;;🟠 Produto Sem Custo;🟡 Média;Regularizar custo/cadastro antes da decisão.;3
7898100243785;TYFLEN BLISTER 750MG  04CPR UN;1.99;4;ZANOL E THOMAZ LTDA;Zanol e Thomaz;1.99;TRIANGULO DROGARIA LTDA;Triangulo;10.0;TYFLEN BLISTER 750MG  04CPR UN;;;;SEM CUSTO;;;;1.99;0.0;0.0;;;;🟠 Produto Sem Custo;🟡 Média;Regularizar custo/cadastro antes da decisão.;3
7898100243938;TYFLEN 500MG 10 CP UN;3.99;4;ZANOL E THOMAZ LTDA;Zanol e Thomaz;3.99;TRIANGULO DROGARIA LTDA;Triangulo;15.0;TYFLEN 500MG 10 CP UN;;;;SEM CUSTO;;;;3.99;0.0;0.0;;;;🟠 Produto Sem Custo;🟡 Média;Regularizar custo/cadastro antes da decisão.;3
7898100243945;TYFLEN 750MG 10CPR UN;4.99;4;ZANOL E THOMAZ LTDA;Zanol e Thomaz;4.99;TRIANGULO DROGARIA LTDA;Triangulo;6.0;TYFLEN 750MG 10CPR UN;;;;SEM CUSTO;;;;4.99;0.0;0.0;;;;🟠 Produto Sem Custo;🟡 Média;Regularizar custo/cadastro antes da decisão.;3
7898100244485;PETIVIT BC XPE 240ML;9.99;4;ZANOL E THOMAZ LTDA;Zanol e Thomaz;9.99;TRIANGULO DROGARIA LTDA;Triangulo;17.0;PETIVIT BC XPE 240ML;BRASTERAPICA;PETIVIT BC;A;SUBIR PREÇO;1.081428571428573;22.42242242242243;2.24;9.99;0.0;0.0;7.75;2.24;22.422422422422425;🟢 Ganho Rápido;🟡 Média;Avaliar aumento de preço com baixo risco competitivo.;3
7898148297542;MUPIROCINA POM DERM 15G PRATI;29.99;4;ZANOL E THOMAZ LTDA;Zanol e Thomaz;29.99;TRIANGULO DROGARIA LTDA;Triangulo;22.0;MUPIROCINA POM DERM 15G PRATI;PRATI DONADUZZI;MUPIROCINA;A;SUBIR PREÇO URGENTE;9.176071428571436;8.582027342447471;2.573749999999997;29.99;0.0;0.0;27.41625;2.573749999999997;8.582027342447471;🟢 Ganho Rápido;🟡 Média;Avaliar aumento de preço com baixo risco competitivo.;3
7898148298891;AMOXICILINA 250MG/5ML SUSP 60ML PRATI;13.99;3;ZANOL E THOMAZ LTDA;Zanol e Thomaz;13.99;TRIANGULO DROGARIA LTDA;Triangulo;21.0;AMOXICILINA 250MG/5ML SUSP 60ML PRATI;;;;SEM CUSTO;;;;13.99;0.0;0.0;;;;🟠 Produto Sem Custo;🟡 Média;Regularizar custo/cadastro antes da decisão.;3
7898301056740;G-TECH FREE TIRAS REAGENTES C/50;75.99;2;ZANOL E THOMAZ LTDA;Zanol e Thomaz;75.99;TRIANGULO DROGARIA LTDA;Triangulo;14.0;G-TECH FREE TIRAS REAGENTES C/50;ACCUMED;G-TECH;A;SUBIR PREÇO;3.778253968254006;26.51957128861981;20.15222222222219;75.99;0.0;0.0;55.8377777777778;20.152222222222193;26.519571288619808;🟢 Ganho Rápido;🟡 Média;Avaliar aumento de preço com baixo risco competitivo.;3
7898301059635;G-TECH LITE TIRAS REAGENTES 50UN UN;69.99;2;ZANOL E THOMAZ LTDA;Zanol e Thomaz;69.99;TRIANGULO DROGARIA LTDA;Triangulo;17.0;G-TECH LITE TIRAS REAGENTES 50UN UN;ACCUMED;G-TECH;A;SUBIR PREÇO;3.487777777777723;26.51172389706472;18.55555555555559;69.99;0.0;0.0;51.43444444444441;18.555555555555586;26.511723897064705;🟢 Ganho Rápido;🟡 Média;Avaliar aumento de preço com baixo risco competitivo.;3
7898430191879;PBM (M) PEG-LAX 14 ENV 17,5G;43.32;4;ZANOL E THOMAZ LTDA;Zanol e Thomaz;43.32;TRIANGULO DROGARIA LTDA;Triangulo;14.0;PBM (M) PEG-LAX 14 ENV 17,5G;MYRALIS PHARMA;PEG-LAX;A;SUBIR PREÇO URGENTE;14.889943977591;5.93961037785388;2.5730392156863;43.32;0.0;0.0;40.7469607843137;2.5730392156863005;5.93961037785388;🟢 Ganho Rápido;🟡 Média;Avaliar aumento de preço com baixo risco competitivo.;3
7898569765439;PREDNISOLONA 20MG 10CPR ALTHAIA;17.99;6;ZANOL E THOMAZ LTDA;Zanol e Thomaz;17.99;TRIANGULO DROGARIA LTDA;Triangulo;5.0;PREDNISOLONA 20MG 10CPR ALTHAIA;;;;SEM CUSTO;;;;17.99;0.0;0.0;;;;🟠 Produto Sem Custo;🟡 Média;Regularizar custo/cadastro antes da decisão.;3
7898610077849;CORPO DOURADO SAB LIQ AMORA E AMEIXA 1L;18.99;3;ZANOL E THOMAZ LTDA;Zanol e Thomaz;18.99;TRIANGULO DROGARIA LTDA;Triangulo;9.0;CORPO DOURADO SAB LIQ AMORA E AMEIXA 1L;;;;SEM CUSTO;;;;18.99;0.0;0.0;;;;🟠 Produto Sem Custo;🟡 Média;Regularizar custo/cadastro antes da decisão.;3
7898610077856;CORPO DOURADO SAB LIQ CAPIM LIMAO 1L;19.99;2;ZANOL E THOMAZ LTDA;Zanol e Thomaz;19.99;TRIANGULO DROGARIA LTDA;Triangulo;2.0;CORPO DOURADO SAB LIQ CAPIM LIMAO 1L;;;;SEM CUSTO;;;;19.99;0.0;0.0;;;;🟠 Produto Sem Custo;🟡 Média;Regularizar custo/cadastro antes da decisão.;3
7898610077887;CORPO DOURADO SAB LIQ CRISTAL FLOWER 1L;18.99;1;ZANOL E THOMAZ LTDA;Zanol e Thomaz;18.99;TRIANGULO DROGARIA LTDA;Triangulo;3.0;CORPO DOURADO SAB LIQ CRISTAL FLOWER 1L;;;;SEM CUSTO;;;;18.99;0.0;0.0;;;;🟠 Produto Sem Custo;🟡 Média;Regularizar custo/cadastro antes da decisão.;3
7898639691026;G-TECH KIT NEBULIZACAO ADULTO DC1 E DC2;19.99;2;ZANOL E THOMAZ LTDA;Zanol e Thomaz;19.99;TRIANGULO DROGARIA LTDA;Triangulo;1.0;G-TECH KIT NEBULIZACAO ADULTO DC1 E DC2;;;;SEM CUSTO;;;;19.99;0.0;0.0;;;;🟠 Produto Sem Custo;🟡 Média;Regularizar custo/cadastro antes da decisão.;3
7898652370618;SCALP 27G PVC MEDIX;0.7;5;ZANOL E THOMAZ LTDA;Zanol e Thomaz;0.7;TRIANGULO DROGARIA LTDA;Triangulo;3.0;SCALP 27G PVC MEDIX;;;;SEM CUSTO;;;;0.6999999999999998;0.0;0.0;;;;🟠 Produto Sem Custo;🟡 Média;Regularizar custo/cadastro antes da decisão.;3
7898656390209;MAMYPOKO FRD DIA&NOITE CALCA MEGA M C/34;45.99;6;ZANOL E THOMAZ LTDA;Zanol e Thomaz;45.99;TRIANGULO DROGARIA LTDA;Triangulo;33.0;MAMYPOKO FRD DIA&NOITE CALCA MEGA M C/34;UNICHARM;MAMYPOKO;A;SUBIR PREÇO URGENTE;21.43857142857143;-2.631006740595783;-1.210000000000001;45.99;0.0;0.0;47.2;-1.2100000000000009;-2.631006740595783;🟢 Ganho Rápido;🟡 Média;Avaliar aumento de preço com baixo risco competitivo.;3
7898656390223;MAMYPOKO FRD DIA&NOITE CALCA MEGA XG C/26;45.99;6;ZANOL E THOMAZ LTDA;Zanol e Thomaz;45.99;TRIANGULO DROGARIA LTDA;Triangulo;40.0;MAMYPOKO FRD DIA&NOITE CALCA MEGA XG C/26;UNICHARM;MAMYPOKO;A;SUBIR PREÇO URGENTE;21.43857142857143;-2.631006740595783;-1.210000000000001;45.99;0.0;0.0;47.2;-1.2100000000000009;-2.631006740595783;🟢 Ganho Rápido;🟡 Média;Avaliar aumento de preço com baixo risco competitivo.;3
7898656390285;MAMYPOKO FRD CALCA MEGA XXG C/24;54.99;6;ZANOL E THOMAZ LTDA;Zanol e Thomaz;54.99;TRIANGULO DROGARIA LTDA;Triangulo;31.0;MAMYPOKO FRD CALCA MEGA XXG C/24;UNICHARM;MAMYPOKO;A;SUBIR PREÇO URGENTE;25.71;-2.727768685215493;-1.5;54.99;0.0;0.0;56.49;-1.5;-2.7277686852154934;🟢 Ganho Rápido;🟡 Média;Avaliar aumento de preço com baixo risco competitivo.;3
7898656390636;MAMYPOKO FRD CALCA MEGA P C/46;54.99;6;ZANOL E THOMAZ LTDA;Zanol e Thomaz;54.99;TRIANGULO DROGARIA LTDA;Triangulo;44.0;MAMYPOKO FRD CALCA MEGA P C/46;UNICHARM;MAMYPOKO;A;SUBIR PREÇO URGENTE;25.71;-2.727768685215493;-1.5;54.99;0.0;0.0;56.49;-1.5;-2.7277686852154934;🟢 Ganho Rápido;🟡 Média;Avaliar aumento de preço com baixo risco competitivo.;3
7898663111637;GIOVANNA BABY BODY SPLASH TURQUOISE 260ML;34.99;3;ZANOL E THOMAZ LTDA;Zanol e Thomaz;34.99;TRIANGULO DROGARIA LTDA;Triangulo;11.0;GIOVANNA BABY BODY SPLASH TURQUOISE 260ML;;;;SEM CUSTO;;;;34.99;0.0;0.0;;;;🟠 Produto Sem Custo;🟡 Média;Regularizar custo/cadastro antes da decisão.;3
7898663111767;GIOVANNA BABY DES CR BISNAGA B.VANILLA 60GR;12.99;4;ZANOL E THOMAZ LTDA;Zanol e Thomaz;12.99;TRIANGULO DROGARIA LTDA;Triangulo;4.0;GIOVANNA BABY DES CR BISNAGA B.VANILLA 60GR;;;;SEM CUSTO;;;;12.99;0.0;0.0;;;;🟠 Produto Sem Custo;🟡 Média;Regularizar custo/cadastro antes da decisão.;3
7898919412174;MONANGE CP CACHOS PERF 300ML;9.99;2;ZANOL E THOMAZ LTDA;Zanol e Thomaz;9.99;TRIANGULO DROGARIA LTDA;Triangulo;1.0;MONANGE CP CACHOS PERF 300ML;;;;SEM CUSTO;;;;9.99;0.0;0.0;;;;🟠 Produto Sem Custo;🟡 Média;Regularizar custo/cadastro antes da decisão.;3
7898970868330;MAGNESIO L-TREONATO 60 CAPS;59.99;2;ZANOL E THOMAZ LTDA;Zanol e Thomaz;59.99;TRIANGULO DROGARIA LTDA;Triangulo;12.0;MAGNESIO L-TREONATO 60 CAPS;;;;SEM CUSTO;;;;59.99;0.0;0.0;;;;🟠 Produto Sem Custo;🟡 Média;Regularizar custo/cadastro antes da decisão.;3
7899095264182;STOMALIV ABACAXI 1 ENV 5G;0.99;2;ZANOL E THOMAZ LTDA;Zanol e Thomaz;0.99;TRIANGULO DROGARIA LTDA;Triangulo;52.0;STOMALIV ABACAXI 1 ENV;;;;SEM CUSTO;;;;2.0;0.0;0.0;;;;🟠 Produto Sem Custo;🟡 Média;Regularizar custo/cadastro antes da decisão.;3
7899095264199;STOMALIV GUARANA 1 ENV 5G;0.99;2;ZANOL E THOMAZ LTDA;Zanol e Thomaz;0.99;TRIANGULO DROGARIA LTDA;Triangulo;30.0;STOMALIV GUARANA 1 ENV 5G;;;;SEM CUSTO;;;;0.99;0.0;0.0;;;;🟠 Produto Sem Custo;🟡 Média;Regularizar custo/cadastro antes da decisão.;3
7899470804590;MAXALGINA BLISTER 500MG 10CPR UN;3.99;6;ZANOL E THOMAZ LTDA;Zanol e Thomaz;3.99;TRIANGULO DROGARIA LTDA;Triangulo;15.0;MAXALGINA BLISTER 500MG 10CPR UN;;;;SEM CUSTO;;;;3.99;0.0;0.0;;;;🟠 Produto Sem Custo;🟡 Média;Regularizar custo/cadastro antes da decisão.;3
7899547500363;DIPIRONA MONOIDRATADA 1G 20CPR PRATI;10.99;6;ZANOL E THOMAZ LTDA;Zanol e Thomaz;10.99;TRIANGULO DROGARIA LTDA;Triangulo;40.0;DIPIRONA MONOIDRATADA 1G 20CPR PRATI;PRATI DONADUZZI;DIPIRONA;A;SUBIR PREÇO URGENTE;1.784050151975686;18.63662323582366;2.04816489361702;10.99;0.0;0.0;8.94183510638298;2.0481648936170203;18.63662323582366;🟢 Ganho Rápido;🟡 Média;Avaliar aumento de preço com baixo risco competitivo.;3
7899547537208;DIPIRONA 500MG BLISTER 10CPR PRATI UN;3.99;6;ZANOL E THOMAZ LTDA;Zanol e Thomaz;3.99;TRIANGULO DROGARIA LTDA;Triangulo;40.0;DIPIRONA 500 PRG 10'S;;;;SEM CUSTO;;;;6.92;0.0;0.0;;;;🟠 Produto Sem Custo;🟡 Média;Regularizar custo/cadastro antes da decisão.;3
7899547543896;PARACETAMOL BLISTER 500MG 10CPR;4.99;6;ZANOL E THOMAZ LTDA;Zanol e Thomaz;4.99;TRIANGULO DROGARIA LTDA;Triangulo;33.0;PARACETAMOL BLISTER 500MG 10CPR;;;;SEM CUSTO;;;;4.99;0.0;0.0;;;;🟠 Produto Sem Custo;🟡 Média;Regularizar custo/cadastro antes da decisão.;3
7899824401031;ZIRVIT KIDS 150ML;93.09;2;ZANOL E THOMAZ LTDA;Zanol e Thomaz;93.09;TRIANGULO DROGARIA LTDA;Triangulo;5.0;ZIRVIT KIDS 150ML;ARESE PHARMA;ZIRVIT KIDS;A;SUBIR PREÇO URGENTE;15.35285714285715;18.45525835213235;17.18000000000001;95.7057142857143;0.0;0.0;75.91;17.180000000000007;18.45525835213235;🟢 Ganho Rápido;🟡 Média;Avaliar aumento de preço com baixo risco competitivo.;3
7899824401055;ZIRVIT KIDS 100ML;66.43;2;ZANOL E THOMAZ LTDA;Zanol e Thomaz;66.43;TRIANGULO DROGARIA LTDA;Triangulo;8.0;ZIRVIT KIDS 100ML;ARESE PHARMA;ZIRVIT KIDS;A;SUBIR PREÇO URGENTE;14.18142857142857;15.05645039891617;10.00200000000001;70.82000000000001;0.0;0.0;56.428;10.00200000000001;15.056450398916166;🟢 Ganho Rápido;🟡 Média;Avaliar aumento de preço com baixo risco competitivo.;3
7908020500483;NIMESULIDA DISPER 100MG 12CPR CIFARMA;12.99;4;ZANOL E THOMAZ LTDA;Zanol e Thomaz;12.99;TRIANGULO DROGARIA LTDA;Triangulo;21.0;NIMESULIDA DISPER 100MG 12CPR CIFARMA;;;;SEM CUSTO;;;;12.99;0.0;0.0;;;;🟠 Produto Sem Custo;🟡 Média;Regularizar custo/cadastro antes da decisão.;3
7908020502524;NORETISTERONA+ESTRADIOL 1ML INJ CIFARMA;19.99;4;ZANOL E THOMAZ LTDA;Zanol e Thomaz;19.99;TRIANGULO DROGARIA LTDA;Triangulo;3.0;NORETISTERONA+ESTRADIOL 1ML INJ CIFARMA;;;;SEM CUSTO;;;;19.99;0.0;0.0;;;;🟠 Produto Sem Custo;🟡 Média;Regularizar custo/cadastro antes da decisão.;3
7908458327393;SALON LINE KIT MEU LISO SH300ML+CD200ML DEMAIS;29.99;1;ZANOL E THOMAZ LTDA;Zanol e Thomaz;29.99;TRIANGULO DROGARIA LTDA;Triangulo;1.0;SALON LINE KIT MEU LISO SH300ML+CD200ML DEMAIS;;;;SEM CUSTO;;;;29.99;0.0;0.0;;;;🟠 Produto Sem Custo;🟡 Média;Regularizar custo/cadastro antes da decisão.;3
7908615017211;ELSEVE KIT PURE HIALURONICO;34.99;1;ZANOL E THOMAZ LTDA;Zanol e Thomaz;34.99;TRIANGULO DROGARIA LTDA;Triangulo;4.0;ELSEVE KIT PURE HIALURONICO;;;;SEM CUSTO;;;;34.99;0.0;0.0;;;;🟠 Produto Sem Custo;🟡 Média;Regularizar custo/cadastro antes da decisão.;3
7908615085418;ELSEVE KIT GLYCOLIC GLOSS 375ML;34.99;1;ZANOL E THOMAZ LTDA;Zanol e Thomaz;34.99;TRIANGULO DROGARIA LTDA;Triangulo;5.0;ELSEVE KIT GLYCOLIC GLOSS 375ML;LOREAL;ELSEVE;A;SUBIR PREÇO;4.267834101382427;21.46189233790312;7.509516129032303;34.99;0.0;0.0;27.4804838709677;7.509516129032303;21.461892337903123;🟢 Ganho Rápido;🟡 Média;Avaliar aumento de preço com baixo risco competitivo.;3
7908785461555;ELSEVE SERUM LISOS SONHO 100ML;32.99;2;ZANOL E THOMAZ LTDA;Zanol e Thomaz;32.99;TRIANGULO DROGARIA LTDA;Triangulo;6.0;ELSEVE SERUM LISOS SONHO 100ML;LOREAL;ELSEVE;A;SUBIR PREÇO URGENTE;7.497969924812004;14.09039421834374;4.648421052631601;32.99;0.0;0.0;28.3415789473684;4.648421052631601;14.090394218343743;🟢 Ganho Rápido;🟡 Média;Avaliar aumento de preço com baixo risco competitivo.;3
7908966534078;GARNIER SERUM DE LIMP ILUMINADOR FACIAL VITAMINA C 100G;36.99;2;ZANOL E THOMAZ LTDA;Zanol e Thomaz;36.99;TRIANGULO DROGARIA LTDA;Triangulo;6.0;GARNIER SERUM DE LIMP ILUMINADOR FACIAL VITAMINA C 100G;;;;SEM CUSTO;;;;36.99;0.0;0.0;;;;🟠 Produto Sem Custo;🟡 Média;Regularizar custo/cadastro antes da decisão.;3
7909989317679;HAVAIANAS ELEGANCE ROSA BALLET 39/0;26.99;2;ZANOL E THOMAZ LTDA;Zanol e Thomaz;26.99;TRIANGULO DROGARIA LTDA;Triangulo;2.0;HAVAIANAS ELEGANCE ROSA BALLET 39/0;;;;SEM CUSTO;;;;26.99;0.0;0.0;;;;🟠 Produto Sem Custo;🟡 Média;Regularizar custo/cadastro antes da decisão.;3
7909989797129;HAVAIANAS SLIM SQUA LG POP-UP FERRUGEM 37/8;47.99;2;ZANOL E THOMAZ LTDA;Zanol e Thomaz;47.99;TRIANGULO DROGARIA LTDA;Triangulo;2.0;HAVAIANAS SLIM SQUA LG POP-UP FERRUGEM 37/8;;;;SEM CUSTO;;;;47.99;0.0;0.0;;;;🟠 Produto Sem Custo;🟡 Média;Regularizar custo/cadastro antes da decisão.;3
7909989864760;HAVAIANAS TOP ATHLETIC CINZA ACO/PT/BCO 41/2;39.99;2;ZANOL E THOMAZ LTDA;Zanol e Thomaz;39.99;TRIANGULO DROGARIA LTDA;Triangulo;1.0;HAVAIANAS TOP ATHLETIC CINZA ACO/PT/BCO 41/2;;;;SEM CUSTO;;;;39.99;0.0;0.0;;;;🟠 Produto Sem Custo;🟡 Média;Regularizar custo/cadastro antes da decisão.;3
7899095263147;STOMALIV S/SABOR 1 ENV 5G;0.9899999999999999;6;ZANOL E THOMAZ LTDA;Zanol e Thomaz;0.99;TRIANGULO DROGARIA LTDA;Triangulo;33.0;STOMALIV S/SABOR 1 ENV 5G;;;;SEM CUSTO;;;;0.99;-1.1102230246251565e-16;-1.1214373986112692e-14;;;;🟠 Produto Sem Custo;🟡 Média;Regularizar custo/cadastro antes da decisão.;3
7896015517090;SONRIDOR CAF 2CPR UN;7.669999999999999;3;ZANOL E THOMAZ LTDA;Zanol e Thomaz;7.67;TRIANGULO DROGARIA LTDA;Triangulo;8.0;SONRIDOR CAF 2CPR UN;;;;SEM CUSTO;;;;7.669999999999999;-8.881784197001252e-16;-1.1579901169493159e-14;;;;🟠 Produto Sem Custo;🟡 Média;Regularizar custo/cadastro antes da decisão.;3
7899547537079;DIPIRONA SODICA 1G 08CPR PRATI;6.989999999999999;6;ZANOL E THOMAZ LTDA;Zanol e Thomaz;6.99;TRIANGULO DROGARIA LTDA;Triangulo;38.0;DIPIRONA MONO 1GENV/;;;;SEM CUSTO;;;;13.59;-8.881784197001252e-16;-1.2706415160230689e-14;;;;🟠 Produto Sem Custo;🟡 Média;Regularizar custo/cadastro antes da decisão.;3
78915398;VALDA FRIENDS SACHE 25G UN;5.989999999999999;6;ZANOL E THOMAZ LTDA;Zanol e Thomaz;5.99;TRIANGULO DROGARIA LTDA;Triangulo;20.0;VALDA FRIENDS SACHE 25;;;;SEM CUSTO;;;;8.24;-8.881784197001252e-16;-1.482768647245618e-14;;;;🟠 Produto Sem Custo;🟡 Média;Regularizar custo/cadastro antes da decisão.;3
7891317016883;DEXFER 100MG SOL 30ML;45.29999999999999;3;ZANOL E THOMAZ LTDA;Zanol e Thomaz;45.3;TRIANGULO DROGARIA LTDA;Triangulo;17.0;DEXFER 100MG SOL 30ML;EUROFARMA;DEXFER;A;SUBIR PREÇO URGENTE;24.0975835110163;-7.236884012607956;-3.278308457711404;45.3;-7.105427357601002e-15;-1.5685270105079476e-14;48.578308457711394;-3.278308457711397;-7.23688401260794;🟢 Ganho Rápido;🟡 Média;Avaliar aumento de preço com baixo risco competitivo.;3
7898656390261;MAMYPOKO FRD CALCA MEGA G C/30;54.656666666666666;6;ZANOL E THOMAZ LTDA;Zanol e Thomaz;54.99;TRIANGULO DROGARIA LTDA;Triangulo;42.0;MAMYPOKO FRD CALCA MEGA G C/30;UNICHARM;MAMYPOKO;A;SUBIR PREÇO URGENTE;27.71;-6.605019815059444;-3.5;54.93285714285715;-0.3333333333333357;-0.6061708189367807;58.156666666666666;-3.1666666666666643;-5.758622779899371;🟢 Ganho Rápido;🟡 Média;Avaliar aumento de preço com baixo risco competitivo.;3
7899824400782;BECAN GTS 20ML;88.08;3;ZANOL E THOMAZ LTDA;Zanol e Thomaz;90.79;RAIADROGASIL SA;Drogasil;2.0;BECAN GTS 20ML;ARESE PHARMA;BECAN;A;SUBIR PREÇO URGENTE;19.79500000000002;14.26827883742052;12.5675;88.08;-2.710000000000008;-2.9849102324044585;75.5125;15.277500000000003;16.827293754818815;🟢 Ganho Rápido;🟡 Média;Avaliar aumento de preço com baixo risco competitivo.;3
7896181918950;PBM (P) ALENIA 12/400MCG 60CAPS+INAL;133.4;1;ZANOL E THOMAZ LTDA;Zanol e Thomaz;137.97;RAIADROGASIL SA;Drogasil;2.0;PBM (P) ALENIA 12/400MCG 60CAPS+INAL;ACHE;ALENIA;A;SUBIR PREÇO URGENTE;54.52142857142857;1.390554722638694;1.855000000000018;133.4;-4.569999999999993;-3.312314271218376;131.545;6.425000000000011;4.656809451330007;🟢 Ganho Rápido;🟡 Média;Avaliar aumento de preço com baixo risco competitivo.;3
7891058005948;DORFLEX MAX 4CPR UN;8.66;7;ZANOL E THOMAZ LTDA;Zanol e Thomaz;9.0;RAIADROGASIL S.A.;Drogasil;4.0;DORFLEX MAX 4'S;;;;SEM CUSTO;;;;9.0;-0.33999999999999986;-3.7777777777777763;;;;🟠 Produto Sem Custo;🟡 Média;Regularizar custo/cadastro antes da decisão.;3
7898663111576;GIOVANNA BABY KIT SAB INTIMO BLUE 200ML;21.99;3;ZANOL E THOMAZ LTDA;Zanol e Thomaz;23.99;TRIANGULO DROGARIA LTDA;Triangulo;2.0;GIOVANNA BABY KIT SAB INTIMO BLUE 200ML;NASHA INTERNATIONAL;GIOVANNA BABY;C;SUBIR PREÇO URGENTE;3.331428571428578;19.39517962710322;4.264999999999997;22.49;-2.0;-8.336807002917883;17.725;6.264999999999997;26.115047936640256;🟢 Ganho Rápido;🟡 Média;Avaliar aumento de preço com baixo risco competitivo.;3
7891800000658;CREMER ATADURA CYSNE 8CMX1,8M;2.99;3;ZANOL E THOMAZ LTDA;Zanol e Thomaz;3.32;FARMACIA MODERNA LTDA.;Moderna .;2.0;CREMER ATADURA CYSNE 8CMX1,8M;CREMER S.A;CREMER;B;SUBIR PREÇO URGENTE;19.46714285714286;-425.752508361204;-12.73;2.99;-0.3299999999999996;-9.939759036144567;15.72;-12.4;-373.49397590361446;🟢 Ganho Rápido;🟡 Média;Avaliar aumento de preço com baixo risco competitivo.;3
7899706149822;ELSEVE FINALIZ CICATRI RENOV 50GR;18.99;1;ZANOL E THOMAZ LTDA;Zanol e Thomaz;21.24;EAN COMERCIO DE COSMETICOS LTDA - CN;Ean De -;8.0;ELSEVE FINALIZ CICATRI RENOV 50GR;LOREAL;ELSEVE;B;SUBIR PREÇO URGENTE;5.224285714285717;10.74249605055292;2.039999999999999;21.39;-2.25;-10.593220338983052;16.95;4.289999999999999;20.197740112994346;🟢 Ganho Rápido;🟡 Média;Avaliar aumento de preço com baixo risco competitivo.;3
7898656391619;MAMYPOKO FRD CALCA JUMBO SUP PROT M C/34;37.99;4;ZANOL E THOMAZ LTDA;Zanol e Thomaz;43.45;MATEUS SUPERMERCADOS SA;Mateus Super Rcados;9.0;MAMYPOKO FRD CALCA JUMBO SUP PROT M C/34;UNICHARM;MAMYPOKO;A;SUBIR PREÇO URGENTE;7.967142857142861;15.31982100552777;5.82;37.99;-5.460000000000001;-12.566168009205986;32.17;11.280000000000001;25.960874568469507;🟢 Ganho Rápido;🟡 Média;Avaliar aumento de preço com baixo risco competitivo.;3
7898610079621;CORPO DOURADO OLEO CAP ROSA MOSQ KERA 100ML;7.65;1;ZANOL E THOMAZ LTDA;Zanol e Thomaz;8.99;TRIANGULO DROGARIA LTDA;Triangulo;9.0;CORPO DOURADO OLEO CAP ROSA MOSQ KERA 100ML;CORPO DOURADO COSMETICOS;CORPO DOURADO;C;SUBIR PREÇO URGENTE;1.621428571428572;15.16339869281046;1.16;8.766666666666667;-1.3399999999999999;-14.905450500556173;6.49;2.5;27.808676307007786;🟢 Ganho Rápido;🟡 Média;Avaliar aumento de preço com baixo risco competitivo.;3
7898610078464;CORPO DOURADO ESFOLI CORP AMORA AMEXA 150GR;11.05;1;ZANOL E THOMAZ LTDA;Zanol e Thomaz;12.99;TRIANGULO DROGARIA LTDA;Triangulo;2.0;CORPO DOURADO ESFOLI CORP AMORA AMEXA 150GR;CORPO DOURADO COSMETICOS;CORPO DOURADO;C;SUBIR PREÇO URGENTE;2.207142857142856;16.01809954751133;1.770000000000001;12.34333333333333;-1.9399999999999995;-14.934565050038486;9.28;3.710000000000001;28.560431100846813;🟢 Ganho Rápido;🟡 Média;Avaliar aumento de preço com baixo risco competitivo.;3
7898610070949;CORPO DOURADO SH NEUTRO 1LT;16.15;1;ZANOL E THOMAZ LTDA;Zanol e Thomaz;18.99;TRIANGULO DROGARIA LTDA;Triangulo;6.0;CORPO DOURADO SH NEUTRO 1LT;CORPO DOURADO COSMETICOS;CORPO DOURADO;C;SUBIR PREÇO;0.6642857142857146;27.12074303405572;4.379999999999999;18.51666666666667;-2.84;-14.955239599789364;11.77;7.219999999999999;38.02001053185887;🟢 Ganho Rápido;🟡 Média;Avaliar aumento de preço com baixo risco competitivo.;3
7897947601901;K-MED PREL GEL BG CHUPA QUE E DE UVA 50G;20.99;2;ZANOL E THOMAZ LTDA;Zanol e Thomaz;25.0;SOUZA E MONTEIRO COMERCIO DE MEDICAMENTOS LTDA;Souza E Monteiro;2.0;K-MED PREL GEL BG CHUPA QUE E DE UVA 50G;CIMED;K-MED;C;SUBIR PREÇO URGENTE;3.510000000000002;18.29442591710338;3.84;20.99;-4.010000000000002;-16.040000000000006;17.15;7.850000000000001;31.400000000000006;🟢 Ganho Rápido;🟡 Média;Avaliar aumento de preço com baixo risco competitivo.;3
7891150055872;REXONA DES AERO S/ PERF 150ML;12.99;2;ZANOL E THOMAZ LTDA;Zanol e Thomaz;17.29;MATEUS SUPERMERCADOS SA;Mateus Super Rcados;1.0;REXONA DES AERO S/ PERF 150ML;UNILEVER;REXONA;B;SUBIR PREÇO;1.826666666666714;20.15653066461355;2.6183333333333;12.99;-4.299999999999999;-24.86986697513013;10.3716666666667;6.918333333333299;40.013495276652975;🟢 Ganho Rápido;🟡 Média;Avaliar aumento de preço com baixo risco competitivo.;3
7896227800041;SALONPAS AEROSOL 80ML;41.02;2;ZANOL E THOMAZ LTDA;Zanol e Thomaz;58.59;RAIADROGASIL S.A.;Drogasil;2.0;SALONPAS AEROSOL 80ML;HISAMITSU;SALONPAS AIR;B;SUBIR PREÇO URGENTE;17.49428571428572;0.1462701121404248;0.06000000000000227;41.02;-17.57;-29.988052568697725;40.96;17.630000000000003;30.09045912271719;🟢 Ganho Rápido;🟡 Média;Avaliar aumento de preço com baixo risco competitivo.;3
7897947621862;SUPER DES AERO COTTON 150ML;6.99;1;ZANOL E THOMAZ LTDA;Zanol e Thomaz;13.49;RAIADROGASIL S.A.;Drogasil;3.0;SUPER DES AERO COTTON 150ML;CIMED;SUPER;B;SUBIR PREÇO URGENTE;7.281428571428572;-42.91845493562232;-3.0;10.49;-6.5;-48.183839881393624;9.99;3.5;25.945144551519643;🟢 Ganho Rápido;🟡 Média;Avaliar aumento de preço com baixo risco competitivo.;3
7897947621367;CARMED HID LAB KIT SORVETE 3X10G;27.99;2;ZANOL E THOMAZ LTDA;Zanol e Thomaz;55.99;TRIANGULO DROGARIA LTDA;Triangulo;2.0;CARMED HID LAB KIT SORVETE 3X10G;CIMED;CARMED;B;SUBIR PREÇO URGENTE;30.99571428571429;-47.51697034655235;-13.3;46.65666666666667;-28.000000000000004;-50.008930166101095;41.29;14.700000000000003;26.254688337203074;🟢 Ganho Rápido;🟡 Média;Avaliar aumento de preço com baixo risco competitivo.;3
7897947619500;JOAO E MARIA CREME ASSADURAS 40G;5.99;2;ZANOL E THOMAZ LTDA;Zanol e Thomaz;11.99;TRIANGULO DROGARIA LTDA;Triangulo;11.0;JOAO E MARIA CREME ASSADURAS 40G;CIMED;JOAO E MARIA;B;SUBIR PREÇO URGENTE;7.986190476190471;-63.32776850306059;-3.793333333333329;11.32333333333333;-6.0;-50.0417014178482;9.78333333333333;2.2066666666666706;18.40422574367532;🟢 Ganho Rápido;🟡 Média;Avaliar aumento de preço com baixo risco competitivo.;3
7897947621848;CARMED HIDR MAOS LUZ DO SOL 40G;6.74;2;ZANOL E THOMAZ LTDA;Zanol e Thomaz;18.9;IMIFARMA PRODU FARMACEU E COSMETIC S.A;Imifarma Produ Farmaceu;1.0;CARMED HIDR MAOS LUZ DO SOL 40G;CIMED;CARMED;B;SUBIR PREÇO URGENTE;9.227857142857143;-65.83827893175074;-4.4375;6.74;-12.159999999999998;-64.33862433862434;11.1775;7.722499999999998;40.859788359788354;🟢 Ganho Rápido;🟡 Média;Avaliar aumento de preço com baixo risco competitivo.;3
4005808662388;NIVEA DES AERO F SENSITIVE PURE 150ML;13.99;3;ZANOL E THOMAZ LTDA;Zanol e Thomaz;;;;;NIVEA DES AERO F SENSITIVE PURE 150ML;;;;SEM CUSTO;;;;13.99;;;;;;🟠 Produto Sem Custo;🟡 Média;Regularizar custo/cadastro antes da decisão.;3
602883744363;TOPWAY BARRA PROT TORTA LIMAO 45G;9.99;2;ZANOL E THOMAZ LTDA;Zanol e Thomaz;;;;;TOPWAY BARRA PROT TORTA LIMAO 45G;;;;SEM CUSTO;;;;9.99;;;;;;🟠 Produto Sem Custo;🟡 Média;Regularizar custo/cadastro antes da decisão.;3
7890557502460;HAVAIANAS SLIM BASIC AREIA/DOUR 33/34;41.99;2;ZANOL E THOMAZ LTDA;Zanol e Thomaz;;;;;HAVAIANAS SLIM BASIC AREIA/DOUR 33/34;;;;SEM CUSTO;;;;41.99;;;;;;🟠 Produto Sem Custo;🟡 Média;Regularizar custo/cadastro antes da decisão.;3
7891150021662;DOVE SH MEN 2X1 FORC RESIST 200ML;19.99;3;ZANOL E THOMAZ LTDA;Zanol e Thomaz;;;;;DOVE SH MEN 2X1 FORC RESIST 200ML;;;;SEM CUSTO;;;;19.99;;;;;;🟠 Produto Sem Custo;🟡 Média;Regularizar custo/cadastro antes da decisão.;3
7891150037366;SEDA CD OLEO HIDRATACAO 325ML;13.99;3;ZANOL E THOMAZ LTDA;Zanol e Thomaz;;;;;SEDA CD OLEO HIDRATACAO 325ML;;;;SEM CUSTO;;;;13.99;;;;;;🟠 Produto Sem Custo;🟡 Média;Regularizar custo/cadastro antes da decisão.;3
7891224721054;HAVAIANAS FEM TOP LOGO METAL BCO 37/38;45.99;2;ZANOL E THOMAZ LTDA;Zanol e Thomaz;;;;;HAVAIANAS FEM TOP LOGO METAL BCO 37/38;;;;SEM CUSTO;;;;45.99;;;;;;🟠 Produto Sem Custo;🟡 Média;Regularizar custo/cadastro antes da decisão.;3
7895009507376;LACO COM 2 BICO DE PATO INFANTIL;11.49;1;ZANOL E THOMAZ LTDA;Zanol e Thomaz;;;;;LACO COM 2 BICO DE PATO INFANTIL;;;;SEM CUSTO;;;;11.49;;;;;;🟠 Produto Sem Custo;🟡 Média;Regularizar custo/cadastro antes da decisão.;3
7896000724748;COR&TON TINT MEGA 12.111 LOURO SUPER PLATIN;11.99;1;ZANOL E THOMAZ LTDA;Zanol e Thomaz;;;;;COR&TON TINT MEGA 12.111 LOURO SUPER PLATIN;;;;SEM CUSTO;;;;11.99;;;;;;🟠 Produto Sem Custo;🟡 Média;Regularizar custo/cadastro antes da decisão.;3
7896044996828;GIOVANNA BABY LOC HID BLUEBERRY 200ML;21.99;3;ZANOL E THOMAZ LTDA;Zanol e Thomaz;;;;;GIOVANNA BABY LOC HID BLUEBERRY 200ML;;;;SEM CUSTO;;;;21.99;;;;;;🟠 Produto Sem Custo;🟡 Média;Regularizar custo/cadastro antes da decisão.;3
7896044997573;GIOVANNA BABY HID Q10 BLANC VA 200ML;19.99;3;ZANOL E THOMAZ LTDA;Zanol e Thomaz;;;;;GIOVANNA BABY HID Q10 BLANC VA 200ML;;;;SEM CUSTO;;;;19.99;;;;;;🟠 Produto Sem Custo;🟡 Média;Regularizar custo/cadastro antes da decisão.;3
7896090611881;SONRIDOR RAPID 4CPR 10BLIST;5.58;4;ZANOL E THOMAZ LTDA;Zanol e Thomaz;;;;;SONRIDOR RAPID 4CPR 10BLIST;;;;SEM CUSTO;;;;5.580000000000001;;;;;;🟠 Produto Sem Custo;🟡 Média;Regularizar custo/cadastro antes da decisão.;3
7896150014607;YAMA DESC PO PROTEINA DO LEITE 50G;12.99;3;ZANOL E THOMAZ LTDA;Zanol e Thomaz;;;;;YAMA DESC PO PROTEINA DO LEITE 50G;;;;SEM CUSTO;;;;12.99;;;;;;🟠 Produto Sem Custo;🟡 Média;Regularizar custo/cadastro antes da decisão.;3
7896229988655;NATUHAIR PERFUME CAPILAR TRATMAIS 30ML;12.99;5;ZANOL E THOMAZ LTDA;Zanol e Thomaz;;;;;NATUHAIR PERFUME CAPILAR TRATMAIS 30ML;;;;SEM CUSTO;;;;12.99;;;;;;🟠 Produto Sem Custo;🟡 Média;Regularizar custo/cadastro antes da decisão.;3
7896279122306;MURIEL ATIV KIDS GRAACC CACHOS DEF 270GR;15.99;1;ZANOL E THOMAZ LTDA;Zanol e Thomaz;;;;;MURIEL ATIV KIDS GRAACC CACHOS DEF 270GR;;;;SEM CUSTO;;;;15.99;;;;;;🟠 Produto Sem Custo;🟡 Média;Regularizar custo/cadastro antes da decisão.;3
7896480662943;ENLACE ABS ADULTO POS PARTO 20UN;20.99;3;ZANOL E THOMAZ LTDA;Zanol e Thomaz;;;;;ENLACE ABS ADULTO POS PARTO 20UN;;;;SEM CUSTO;;;;20.99;;;;;;🟠 Produto Sem Custo;🟡 Média;Regularizar custo/cadastro antes da decisão.;3
7896714269917;DORALGINA BLISTER 04CPR;2.49;4;ZANOL E THOMAZ LTDA;Zanol e Thomaz;;;;;DORALGINA BLISTER 04CPR;;;;SEM CUSTO;;;;2.49;;;;;;🟠 Produto Sem Custo;🟡 Média;Regularizar custo/cadastro antes da decisão.;3
7896902287396;FARMAX OLEO CAP E CORP AMEIXA 100ML;9.99;1;ZANOL E THOMAZ LTDA;Zanol e Thomaz;;;;;FARMAX OLEO CAP E CORP AMEIXA 100ML;;;;SEM CUSTO;;;;9.99;;;;;;🟠 Produto Sem Custo;🟡 Média;Regularizar custo/cadastro antes da decisão.;3
7897947620421;CARMED CHOCOTONE 10G;19.99;2;ZANOL E THOMAZ LTDA;Zanol e Thomaz;;;;;CARMED CHOCOTONE 10G;;;;SEM CUSTO;;;;19.99;;;;;;🟠 Produto Sem Custo;🟡 Média;Regularizar custo/cadastro antes da decisão.;3
7898610078297;CORPO DOURADO MASC P/ BUMBUM 300G;44.99;2;ZANOL E THOMAZ LTDA;Zanol e Thomaz;;;;;CORPO DOURADO MASC P/ BUMBUM 300G;;;;SEM CUSTO;;;;44.99;;;;;;🟠 Produto Sem Custo;🟡 Média;Regularizar custo/cadastro antes da decisão.;3
7898610370902;HASKELL SH CACHOS SIM 300ML;35.99;2;ZANOL E THOMAZ LTDA;Zanol e Thomaz;;;;;HASKELL SH CACHOS SIM 300ML;;;;SEM CUSTO;;;;35.99;;;;;;🟠 Produto Sem Custo;🟡 Média;Regularizar custo/cadastro antes da decisão.;3
7898610370933;HASKELL CD CACHOS SIM 300ML;34.99;2;ZANOL E THOMAZ LTDA;Zanol e Thomaz;;;;;HASKELL CD CACHOS SIM 300ML;;;;SEM CUSTO;;;;34.99;;;;;;🟠 Produto Sem Custo;🟡 Média;Regularizar custo/cadastro antes da decisão.;3
7898623951525;SALON LINE ATIVADOR CACHOS 500ML;23.99;2;ZANOL E THOMAZ LTDA;Zanol e Thomaz;;;;;SALON LINE ATIVADOR CACHOS 500ML;;;;SEM CUSTO;;;;23.99;;;;;;🟠 Produto Sem Custo;🟡 Média;Regularizar custo/cadastro antes da decisão.;3
7898659030553;ANALU BICO DE PATO C/4;2.99;3;ZANOL E THOMAZ LTDA;Zanol e Thomaz;;;;;ANALU BICO DE PATO C/4;;;;SEM CUSTO;;;;2.99;;;;;;🟠 Produto Sem Custo;🟡 Média;Regularizar custo/cadastro antes da decisão.;3
7898663111569;GIOVANNA BABY KIT SAB INTIMO CLASSIC 200ML;21.99;6;ZANOL E THOMAZ LTDA;Zanol e Thomaz;;;;;GIOVANNA BABY KIT SAB INTIMO CLASSIC 200ML;;;;SEM CUSTO;;;;21.99;;;;;;🟠 Produto Sem Custo;🟡 Média;Regularizar custo/cadastro antes da decisão.;3
7899572815739;LOLA CT A FORMULA 100G;25.99;1;ZANOL E THOMAZ LTDA;Zanol e Thomaz;;;;;LOLA CT A FORMULA 100G;;;;SEM CUSTO;;;;25.99;;;;;;🟠 Produto Sem Custo;🟡 Média;Regularizar custo/cadastro antes da decisão.;3
7908458318018;SALON LINE CT MATIZ ROXA  300GR;23.49;2;ZANOL E THOMAZ LTDA;Zanol e Thomaz;;;;;SALON LINE CT MATIZ ROXA  300GR;;;;SEM CUSTO;;;;23.49;;;;;;🟠 Produto Sem Custo;🟡 Média;Regularizar custo/cadastro antes da decisão.;3
7908458324200;SALON LINE CD BOMBA HIDRAT RECONSTRUTORA 300ML;18.99;2;ZANOL E THOMAZ LTDA;Zanol e Thomaz;;;;;SALON LINE CD BOMBA HIDRAT RECONSTRUTORA 300ML;;;;SEM CUSTO;;;;18.99;;;;;;🟠 Produto Sem Custo;🟡 Média;Regularizar custo/cadastro antes da decisão.;3
7908458328741;SALON LINE CT CACHOS DOS SONHOS UVA 3X1 MULTY IRRE 1KG;32.99;4;ZANOL E THOMAZ LTDA;Zanol e Thomaz;;;;;SALON LINE CT CACHOS DOS SONHOS UVA 3X1 MULTY IRRE 1KG;;;;SEM CUSTO;;;;32.99;;;;;;🟠 Produto Sem Custo;🟡 Média;Regularizar custo/cadastro antes da decisão.;3
7908458328833;SALON LINE CP KIDS MANGA CACHINHOS ATIVADOS 1KG;32.99;1;ZANOL E THOMAZ LTDA;Zanol e Thomaz;;;;;SALON LINE CP KIDS MANGA CACHINHOS ATIVADOS 1KG;;;;SEM CUSTO;;;;32.99;;;;;;🟠 Produto Sem Custo;🟡 Média;Regularizar custo/cadastro antes da decisão.;3
7908458332984;SALON LINE MEU LISO MASCARA COND MATIZ CHOCOLATE 300GR;43.49;2;ZANOL E THOMAZ LTDA;Zanol e Thomaz;;;;;SALON LINE MEU LISO MASCARA COND MATIZ CHOCOLATE 300GR;;;;SEM CUSTO;;;;43.49;;;;;;🟠 Produto Sem Custo;🟡 Média;Regularizar custo/cadastro antes da decisão.;3
7908738906508;CENTROPLUS CURCUMA GUMMY 30GOMAS;74.99;2;ZANOL E THOMAZ LTDA;Zanol e Thomaz;;;;;CENTROPLUS CURCUMA GUMMY 30GOMAS;;;;SEM CUSTO;;;;74.99;;;;;;🟠 Produto Sem Custo;🟡 Média;Regularizar custo/cadastro antes da decisão.;3
7908738906560;CENTROPLUS VITAMINA B12 GUMMY 30GOMAS;59.99;3;ZANOL E THOMAZ LTDA;Zanol e Thomaz;;;;;CENTROPLUS VITAMINA B12 GUMMY 30GOMAS;;;;SEM CUSTO;;;;59.99;;;;;;🟠 Produto Sem Custo;🟡 Média;Regularizar custo/cadastro antes da decisão.;3
7909989459393;HAVAIANAS MASC TOP ATHLETIC PTO 41/2;37.99;2;ZANOL E THOMAZ LTDA;Zanol e Thomaz;;;;;HAVAIANAS MASC TOP ATHLETIC PTO 41/2;;;;SEM CUSTO;;;;37.99;;;;;;🟠 Produto Sem Custo;🟡 Média;Regularizar custo/cadastro antes da decisão.;3
7909989680636;HAVAIANAS MASC TRACK GO MAR 43/4;37.49;2;ZANOL E THOMAZ LTDA;Zanol e Thomaz;;;;;HAVAIANAS MASC TRACK GO MAR 43/4;;;;SEM CUSTO;;;;37.49;;;;;;🟠 Produto Sem Custo;🟡 Média;Regularizar custo/cadastro antes da decisão.;3
7909989797136;HAVAIANAS SLIM SQUA LG POP-UP FERRUGEM 39/0 VR;47.99;1;ZANOL E THOMAZ LTDA;Zanol e Thomaz;;;;;HAVAIANAS SLIM SQUA LG POP-UP FERRUGEM 39/0 VR;;;;SEM CUSTO;;;;47.99;;;;;;🟠 Produto Sem Custo;🟡 Média;Regularizar custo/cadastro antes da decisão.;3
7909989809518;HAVAIANAS TOP MARVEL LGMN BRANCO/PRETO 35/6;45.99;2;ZANOL E THOMAZ LTDA;Zanol e Thomaz;;;;;HAVAIANAS TOP MARVEL LGMN BRANCO/PRETO 35/6;;;;SEM CUSTO;;;;45.99;;;;;;🟠 Produto Sem Custo;🟡 Média;Regularizar custo/cadastro antes da decisão.;3
7909989809570;HAVAIANAS TOP MARVEL LGMN MAR/MARINHO 35/6;47.99;2;ZANOL E THOMAZ LTDA;Zanol e Thomaz;;;;;HAVAIANAS TOP MARVEL LGMN MAR/MARINHO 35/6;;;;SEM CUSTO;;;;47.99;;;;;;🟠 Produto Sem Custo;🟡 Média;Regularizar custo/cadastro antes da decisão.;3
7909989912683;HAVAIANAS MASC TRACK WAVES PTO 41/2;41.99;2;ZANOL E THOMAZ LTDA;Zanol e Thomaz;;;;;HAVAIANAS MASC TRACK WAVES PTO 41/2;;;;SEM CUSTO;;;;41.99;;;;;;🟠 Produto Sem Custo;🟡 Média;Regularizar custo/cadastro antes da decisão.;3
7896007542437;INTIMUS ABS NOT SECA C/ABAS C/8;8.99;1;ZANOL E THOMAZ LTDA;Zanol e Thomaz;8.25;PARAISO COMERCIO DE ALIMENTOS LTDA;Paraiso De Ali;11.0;ABS INTIMUS NOTURNO COB SECA C ABAS 12X8;KIMBERLY CLARK;INTIMUS;B;SUBIR PREÇO;0.4630952380952422;26.07070707070703;2.15083333333333;8.25;0.7400000000000002;8.969696969696972;6.839166666666671;1.4108333333333292;17.10101010101005;🟢 Ganho Rápido;🟢 Baixa;Avaliar aumento de preço com baixo risco competitivo.;4
7908785422136;LOREAL GARNIER HIDRATANTE FACIAL ANTIACNE 85G;27.99;1;ZANOL E THOMAZ LTDA;Zanol e Thomaz;25.99;EMPREENDIMENTOS PAGUE MENOS S/A;Pague Menos;14.0;HID GARNIER SALIC AN;LOREAL;GARNIER;B;SUBIR PREÇO URGENTE;6.767142857142861;11.77375913813004;3.059999999999999;25.99;2.0;7.695267410542517;24.93;1.0599999999999987;4.078491727587529;🟢 Ganho Rápido;🟢 Baixa;Avaliar aumento de preço com baixo risco competitivo.;4
7896004768366;TORAGESIC OFTA 5MG/ML 5ML;47.77;2;ZANOL E THOMAZ LTDA;Zanol e Thomaz;44.38;RAIADROGASIL SA;Drogasil;2.0;TORAGESIC OFTA 5MG 5ML;OFTA VISION HEALTH;TORAGESIC OFTA;B;SUBIR PREÇO URGENTE;7.127142857142857;18.75844975214061;8.325000000000003;44.38;3.3900000000000006;7.638575935105904;39.445;4.935000000000002;11.119873817034705;🟢 Ganho Rápido;🟢 Baixa;Avaliar aumento de preço com baixo risco competitivo.;4
7892840822347;DORITOS QUEIJO NACHO 75G;9.99;2;ZANOL E THOMAZ LTDA;Zanol e Thomaz;9.29;MATEUS SUPERMERCADOS S.A. - MIX MARABA;Mateus Super Rcados;20.0;SALG E CHIPS DORITOS QJ NACHO 75G;ELMA CHIPS;DORITOS;B;SUBIR PREÇO;1.181428571428572;21.09795479009687;1.959999999999999;10.73;0.7000000000000011;7.5349838536060405;8.030000000000001;1.259999999999998;13.562970936490832;🟢 Ganho Rápido;🟢 Baixa;Avaliar aumento de preço com baixo risco competitivo.;4
7894916518819;SUCRAFILM 200MG XPE;97.84999999999998;3;ZANOL E THOMAZ LTDA;Zanol e Thomaz;91.81;RAIADROGASIL S.A.;Drogasil;18.0;SUCRAFILM 200MG 200ML;EMS;SUCRAFILM;B;SUBIR PREÇO URGENTE;40.16321428571428;-0.6222089097048165;-0.571249999999992;96.174;6.039999999999978;6.57880405184618;98.42124999999997;-6.61124999999997;-7.201012961550997;🟢 Ganho Rápido;🟢 Baixa;Avaliar aumento de preço com baixo risco competitivo.;4
7908458335831;SALON LINE CP  DEF ALONG CACHOS DE SEREIA 1KG;39.99;1;ZANOL E THOMAZ LTDA;Zanol e Thomaz;37.61;EAN COMERCIO DE COSMETICOS LTDA - CN;Ean De -;5.0;CR PENT SLINE DEF ALONG CACH D SEREIA 1G - UN;SALON LINE;SALON LINE;B;SUBIR PREÇO;4.604285714285716;21.43047061951609;8.059999999999999;37.69;2.3800000000000026;6.3281042275990504;31.930000000000003;5.679999999999996;15.102366391917032;🟢 Ganho Rápido;🟢 Baixa;Avaliar aumento de preço com baixo risco competitivo.;4
7891350034615;MONANGE DES AERO ANTI SENSIV 90GR;8.99;4;ZANOL E THOMAZ LTDA;Zanol e Thomaz;8.49;Carro Chefe Comercio de Alimentos Ltda - Me;Carro Chefe De;19.0;DESOD AERO MONANGE SENSIVEL 150ML;COTY;MONANGE;B;SUBIR PREÇO;0.781428571428572;23.55712603062426;2.0;9.24;0.5;5.889281507656065;6.99;1.5;17.6678445229682;🟢 Ganho Rápido;🟢 Baixa;Avaliar aumento de preço com baixo risco competitivo.;4
7908458328345;SALON LINE SPRAY PERFUMADO DESOD KIDS MELANCIA 200ML;23.49;1;ZANOL E THOMAZ LTDA;Zanol e Thomaz;22.21;EAN COMERCIO DE COSMETICOS LTDA;Ean De;6.0;SPRAY SALON LINE TODEC KIDS MELANCIA 200 - UN;SALON LINE;SALON LINE;B;SUBIR PREÇO URGENTE;4.704285714285714;15.17334533993697;3.370000000000001;22.21;1.2799999999999976;5.763169743358836;20.119999999999997;2.0900000000000034;9.410175596578133;🟢 Ganho Rápido;🟢 Baixa;Avaliar aumento de preço com baixo risco competitivo.;4
7898610375860;HASKELL SH CAVALO FORTE REF 250ML;35.99;2;ZANOL E THOMAZ LTDA;Zanol e Thomaz;34.11;EAN CORMECIO DE COSMETICOS LTDA;Ean Cor Cio;6.0;SH HASKELL REFIL CAVALO FORTE 250ML - UN;HASKELL;HASKELL;C;SUBIR PREÇO;3.890000000000008;22.01700381119906;7.509999999999998;34.11;1.8800000000000026;5.511580181764886;28.480000000000004;5.6299999999999955;16.505423629434173;🟢 Ganho Rápido;🟢 Baixa;Avaliar aumento de preço com baixo risco competitivo.;4
7896150014560;YAMA DESC PO AMETISTA 20G;6.99;4;ZANOL E THOMAZ LTDA;Zanol e Thomaz;6.63;EAN COMERCIO DE COSMETICO LTDA - TOP;Ean De Cos;11.0;PO DESC YAMA AMETISTA 20G - UN;YAMA;YAMA;B;SUBIR PREÇO;0.7842857142857156;21.71945701357465;1.44;6.6675;0.3600000000000003;5.42986425339367;5.550000000000001;1.0799999999999992;16.289592760180984;🟢 Ganho Rápido;🟢 Baixa;Avaliar aumento de preço com baixo risco competitivo.;4
7899706197649;ELSEVE SH CACHOS SONHOS 400ML;29.99;1;ZANOL E THOMAZ LTDA;Zanol e Thomaz;28.45;MATEUS SUPERMERCADOS SA;Mateus Super Rcados;2.0;ELSEVE SH CACHOS SONHOS 400ML;LOREAL;CACHOS DOS SONHOS;B;SUBIR PREÇO;2.238571428571429;24.77492497499166;7.43;29.99;1.5399999999999991;5.41300527240773;22.56;5.890000000000001;20.70298769771529;🟢 Ganho Rápido;🟢 Baixa;Avaliar aumento de preço com baixo risco competitivo.;4
7892840823276;SKINY SALG CLASSICO ORIGINAL 60G;3.99;1;ZANOL E THOMAZ LTDA;Zanol e Thomaz;3.79;Nobrega Comercio de Alimentos Ltda - EPP;Nobrega De Ali;15.0;SALG SKINY MILHO ORIG 60G;PEPSICO BRASIL;SKINY;C;SUBIR PREÇO URGENTE;76.53142857142858;-1383.509234828496;-52.435;3.79;0.20000000000000018;5.277044854881271;56.425000000000004;-52.635000000000005;-1388.7862796833774;🟢 Ganho Rápido;🟢 Baixa;Avaliar aumento de preço com baixo risco competitivo.;4
7897947607057;XO INSETO AEROSOL 150ML;25.99;2;ZANOL E THOMAZ LTDA;Zanol e Thomaz;24.7;BRASIFARMA COMERCIO DE MEDICAMENTOS LTDA;Brasifarma;6.0;XO INSETO SPRAY 150ML AEROSOL;CIMED;XO INSETO;B;SUBIR PREÇO;1.51428571428572;25.70850202429149;6.349999999999998;24.7;1.2899999999999991;5.222672064777325;19.64;5.059999999999999;20.485829959514167;🟢 Ganho Rápido;🟢 Baixa;Avaliar aumento de preço com baixo risco competitivo.;4
7622300988517;LACTA CHOC BIS XTRA OREO 45G;4.99;3;ZANOL E THOMAZ LTDA;Zanol e Thomaz;4.75;MATEUS SUPERMERCADOS SA;Mateus Super Rcados;28.0;CHOC LACTA BIS XTRA OREO 45G;LACTA;LACTA;B;SUBIR PREÇO URGENTE;0.8422619047619007;17.58771929824568;0.8354166666666698;4.75;0.2400000000000002;5.0526315789473735;4.15458333333333;0.5954166666666696;12.535087719298307;🟢 Ganho Rápido;🟢 Baixa;Avaliar aumento de preço com baixo risco competitivo.;4
7897947601918;K-MED PREL GEL BG CHUPE FRUTTI 50G;20.99;2;ZANOL E THOMAZ LTDA;Zanol e Thomaz;20.0;SOUZA E MONTEIRO COMERCIO DE MEDICAMENTOS LTDA;Souza E Monteiro;5.0;K-MED PREL GEL BG 50G CHUPE FRUTTI;CIMED;K-MED;B;SUBIR PREÇO;0.4142857142857146;28.55;5.710000000000001;20.0;0.9899999999999984;4.949999999999992;15.279999999999998;4.720000000000002;23.600000000000012;🟢 Ganho Rápido;🟢 Baixa;Avaliar aumento de preço com baixo risco competitivo.;4
4005900396938;NIVEA DES AERO ORIGINAL PROTECT 150ML;13.99;4;ZANOL E THOMAZ LTDA;Zanol e Thomaz;13.35;MATEUS SUPERMERCADOS SA;Mateus Super Rcados;9.0;DES AER NIVEA MEN ORIGINAL P 150ML;BEIERSDORF - NIVEA;NIVEA;B;SUBIR PREÇO;0.1214285714285719;29.36329588014981;3.92;13.35;0.6400000000000006;4.794007490636709;10.07;3.2799999999999994;24.569288389513105;🟢 Ganho Rápido;🟢 Baixa;Avaliar aumento de preço com baixo risco competitivo.;4
7896512905222;GRANADO SAB GLICERINA 90G;6.99;4;ZANOL E THOMAZ LTDA;Zanol e Thomaz;6.69;MATEUS SUPERMERCADOS SA;Mateus Super Rcados;23.0;SAB GRANADO GLIC NEUTRO 90G;GRANADO;GRANADO;B;SUBIR PREÇO;0.4087755102040864;25.72282724749088;1.72085714285714;7.463333333333334;0.2999999999999998;4.484304932735423;5.26914285714286;1.4208571428571402;21.238522314755457;🟢 Ganho Rápido;🟢 Baixa;Avaliar aumento de preço com baixo risco competitivo.;4
7891024115862;PROTEX SAB LIQ SPORTS 250ML;13.99;3;ZANOL E THOMAZ LTDA;Zanol e Thomaz;13.39;MATEUS SUPERMERCADOS SA;Mateus Super Rcados;2.0;SAB LIQ PROTEX MEN SPORT 250ML;COLGATE;PROTEX;B;SUBIR PREÇO;0.9957142857142873;24.79462285287528;3.32;13.39;0.5999999999999996;4.480955937266614;10.67;2.7200000000000006;20.313666915608668;🟢 Ganho Rápido;🟢 Baixa;Avaliar aumento de preço com baixo risco competitivo.;4
7622202256721;LAKA CHOC 28G;3.49;2;ZANOL E THOMAZ LTDA;Zanol e Thomaz;3.35;MATEUS SUPERMERCADOS SA;Mateus Super Rcados;14.0;CHOC LACTA BR LAKA BRANCO 28G;MONDELEZ;LAKA;C;SUBIR PREÇO URGENTE;0.9369047619047568;10.42288557213941;0.3491666666666702;3.4;0.14000000000000012;4.1791044776119435;3.14083333333333;0.20916666666667005;6.243781094527464;🟢 Ganho Rápido;🟢 Baixa;Avaliar aumento de preço com baixo risco competitivo.;4
7896658024955;BRAVAN DUO 160+5MG 30CPR;59.37;4;ZANOL E THOMAZ LTDA;Zanol e Thomaz;57.01;RAIADROGASIL S.A.;Drogasil;7.0;BRAVAN DUO 160+5MG 30S;ACHE;BRAVAN;B;SUBIR PREÇO URGENTE;20.62452380952387;4.676080219844407;2.665833333333296;57.01;2.3599999999999994;4.139624627258375;56.7041666666667;0.30583333333329676;0.5364555925860319;🟢 Ganho Rápido;🟢 Baixa;Avaliar aumento de preço com baixo risco competitivo.;4
7898610371374;HASKELL TONALIZ PRETO 200;32.99;2;ZANOL E THOMAZ LTDA;Zanol e Thomaz;31.72;EAN COMERCIO DE COSMETICOS LTDA;Ean De;9.0;TONALIZ. HASKELL 200 - UN;HASKELL;HASKELL;B;SUBIR PREÇO;3.565714285714286;22.1311475409836;7.02;31.84666666666666;1.2700000000000031;4.003783102143768;25.970000000000002;5.7499999999999964;18.127364438839837;🟢 Ganho Rápido;🟢 Baixa;Avaliar aumento de preço com baixo risco competitivo.;4
78922686;PAIXAO LOC HID TENTADORA 200ML;10.99;4;ZANOL E THOMAZ LTDA;Zanol e Thomaz;10.57;EAN COMERCIO DE COSMETICOS LTDA;Ean De;18.0;HID. PAIXAO CORP. TENTADORA 200ML - UN;COTY;PAIXAO;B;SUBIR PREÇO;0.1585714285714293;28.94985808893094;3.06;10.57;0.41999999999999993;3.973509933774834;7.93;2.6400000000000006;24.976348155156106;🟢 Ganho Rápido;🟢 Baixa;Avaliar aumento de preço com baixo risco competitivo.;4
7908785461753;ELSEVE SH LISO SONHOS NOVO 200ML;16.99;4;ZANOL E THOMAZ LTDA;Zanol e Thomaz;16.39;EAN COMERCIO DE COSMETICOS LTDA;Ean De;16.0;SH ELSEVE LISO SONH FRIZZ 200ML - UN;LOREAL;ELSEVE;B;SUBIR PREÇO;1.101836734693858;25.29416891833008;4.1457142857143;16.39;0.5999999999999979;3.6607687614398894;12.844285714285698;3.5457142857143022;21.63340015689019;🟢 Ganho Rápido;🟢 Baixa;Avaliar aumento de preço com baixo risco competitivo.;4
7908966528534;ELSEVE CP COLAGENO LIFTER 250ML;17.99;1;ZANOL E THOMAZ LTDA;Zanol e Thomaz;17.36;EAN COMERCIO DE COSMETICOS;Ean De;15.0;CR PENTE ELSEVE COLLAGEN LIFTER 250ML - UN;LOREAL;ELSEVE;B;SUBIR PREÇO;0.5971428571428596;27.59216589861751;4.789999999999999;17.36;0.629999999999999;3.6290322580645107;13.2;4.16;23.963133640552996;🟢 Ganho Rápido;🟢 Baixa;Avaliar aumento de preço com baixo risco competitivo.;4
7898610371503;HASKELL TONALIZ LOURO ESC MARRON 6.70;32.99;3;ZANOL E THOMAZ LTDA;Zanol e Thomaz;31.84;EAN COMERCIO DE COSMETICOS LTDA - CN;Ean De -;8.0;TONALIZ. HASKELL 670 - UN;HASKELL;HASKELL;B;SUBIR PREÇO;3.231428571428577;22.89572864321608;7.289999999999999;31.875;1.1500000000000021;3.611809045226137;25.700000000000003;6.139999999999997;19.28391959798994;🟢 Ganho Rápido;🟢 Baixa;Avaliar aumento de preço com baixo risco competitivo.;4
7898610371367;HASKELL TONALIZ PRETO AZULA 100;32.99;2;ZANOL E THOMAZ LTDA;Zanol e Thomaz;31.91;EAN COMERCIO DE COSMETICOS LTDA - CN;Ean De -;17.0;TONALIZ. HASKELL 100 - UN;HASKELL;HASKELL;B;SUBIR PREÇO;3.375714285714285;22.59479786900658;7.210000000000001;31.91;1.0800000000000018;3.384518959573807;25.78;6.129999999999999;19.210278909432777;🟢 Ganho Rápido;🟢 Baixa;Avaliar aumento de preço com baixo risco competitivo.;4
7898610371411;HASKELL TONALIZ CAST CLARO 500;32.99;1;ZANOL E THOMAZ LTDA;Zanol e Thomaz;31.91;EAN COMERCIO DE COSMETICOS LTDA;Ean De;6.0;TONALIZ. HASKELL 500 - UN;HASKELL;HASKELL;B;SUBIR PREÇO;3.161428571428576;23.06486994672516;7.359999999999999;31.91;1.0800000000000018;3.384518959573807;25.630000000000003;6.279999999999998;19.680350987151353;🟢 Ganho Rápido;🟢 Baixa;Avaliar aumento de preço com baixo risco competitivo.;4
7898610371442;HASKELL TONALIZ CAST CLARO MARRON 570;32.99;3;ZANOL E THOMAZ LTDA;Zanol e Thomaz;31.91;EAN COMERCIO DE COSMETICOS LTDA;Ean De;6.0;TONALIZ. HASKELL 570 - UN;HASKELL;HASKELL;C;SUBIR PREÇO;3.161428571428576;23.06486994672516;7.359999999999999;31.91;1.0800000000000018;3.384518959573807;25.630000000000003;6.279999999999998;19.680350987151353;🟢 Ganho Rápido;🟢 Baixa;Avaliar aumento de preço com baixo risco competitivo.;4
7891024024003;PROTEX SAB LIQ INT INTENSE 200ML;21.99;2;ZANOL E THOMAZ LTDA;Zanol e Thomaz;21.29;RAIADROGASIL SA;Drogasil;4.0;PROTEX CARE L200P150;COLGATE;PROTEX;B;SUBIR PREÇO;2.352857142857147;22.26397369657115;4.739999999999998;21.29;0.6999999999999993;3.2879286049788603;17.25;4.039999999999999;18.976045091592294;🟢 Ganho Rápido;🟢 Baixa;Avaliar aumento de preço com baixo risco competitivo.;4
7898944075252;HASKELL CD POS PROG 300ML;37.99;1;ZANOL E THOMAZ LTDA;Zanol e Thomaz;36.96;EAN COMERCIO DE COSMETICO LTDA - TOP;Ean De Cos;3.0;COND HASKELL POS PROGRESSIVA 300ML - UN;HASKELL;HASKELL;C;SUBIR PREÇO URGENTE;14.75428571428572;2.056277056277051;0.759999999999998;36.96;1.0300000000000011;2.78679653679654;37.230000000000004;-0.2700000000000031;-0.730519480519489;🟢 Ganho Rápido;🟢 Baixa;Avaliar aumento de preço com baixo risco competitivo.;4
7899572802289;LOLA TONICO CRESC RAPUNZEL 250ML;48.99;1;ZANOL E THOMAZ LTDA;Zanol e Thomaz;47.84;EAN COMERCIO DE COSMETICOS;Ean De;9.0;TONICO LOLA RAPUNZEL CRESCIMENTO 230ML - UN;LOLA COSMETICS;LOLA;B;SUBIR PREÇO URGENTE;7.085714285714296;19.75206611570247;9.559999999999995;48.4;1.1499999999999986;2.4038461538461506;39.43000000000001;8.409999999999997;17.579431438127084;🟢 Ganho Rápido;🟢 Baixa;Avaliar aumento de preço com baixo risco competitivo.;4
7896637023344;FLANCOX 400MG 10CPR;24.2;3;ZANOL E THOMAZ LTDA;Zanol e Thomaz;23.66;RAIADROGASIL S.A.;Drogasil;11.0;FLANCOX 400MG 10'S;APSEN;FLANCOX;B;SUBIR PREÇO URGENTE;6.782857142857143;9.932375316990708;2.350000000000001;23.66;0.5399999999999991;2.282333051563817;21.849999999999998;1.8100000000000023;7.65004226542689;🟢 Ganho Rápido;🟢 Baixa;Avaliar aumento de preço com baixo risco competitivo.;4
7898610375082;HASKELL COMPL FORT CAVALO FORTE 35ML;23.99;2;ZANOL E THOMAZ LTDA;Zanol e Thomaz;23.5;EAN COMERCIO DE COSMETICO LTDA - TOP;Ean De Cos;16.0;COMPLEXO HASKELL CAVALO FORTE 35ML (NOVO - UN;HASKELL;HASKELL;B;SUBIR PREÇO;2.857142857142858;21.48936170212766;5.050000000000001;23.64363636363636;0.48999999999999844;2.085106382978717;18.939999999999998;4.560000000000002;19.404255319148948;🟢 Ganho Rápido;🟢 Baixa;Avaliar aumento de preço com baixo risco competitivo.;4
8902220109506;ROSUCOR 10MG 30CPR;34.92;2;ZANOL E THOMAZ LTDA;Zanol e Thomaz;34.53;RAIADROGASIL S.A.;Drogasil;7.0;ROSUCOR 10 MG 30 'S;TORRENT DO BRASIL;ROSUCOR;B;SUBIR PREÇO URGENTE;16.722380952381;-3.899990346558643;-1.3466666666667;34.53;0.39000000000000057;1.1294526498696802;36.2666666666667;-1.7366666666667;-5.029442996428323;🟢 Ganho Rápido;🟢 Baixa;Avaliar aumento de preço com baixo risco competitivo.;4
78924338;REXONA DES ROLL-ON POWDER 50ML;8.99;2;ZANOL E THOMAZ LTDA;Zanol e Thomaz;8.9;MAIS COSMETICOS COMERCIO E ATACADO LTDA;Mais E Atacado;22.0;DESOD. POWDER REXONA 50ML;UNILEVER;REXONA;B;SUBIR PREÇO;0.3285714285714292;27.41573033707865;2.44;8.9;0.08999999999999986;1.0112359550561782;6.550000000000001;2.3499999999999996;26.404494382022463;🟢 Ganho Rápido;🟢 Baixa;Avaliar aumento de preço com baixo risco competitivo.;4
7891150008151;CLEAR SH HIDRA INTENSA 200ML;16.99;6;ZANOL E THOMAZ LTDA;Zanol e Thomaz;16.9;MATEUS SUPERMERCADOS SA;Mateus Super Rcados;27.0;SH CLEAR HID INTENSA 200ML;UNILEVER;CLEAR;B;SUBIR PREÇO;0.01428571428571601;29.94082840236686;5.059999999999999;18.87375;0.08999999999999986;0.532544378698224;11.93;4.969999999999999;29.408284023668635;🟢 Ganho Rápido;🟢 Baixa;Avaliar aumento de preço com baixo risco competitivo.;4
7891150019508;CLEAR SH LIMPEZA PROFUNDA 200ML;16.99;6;ZANOL E THOMAZ LTDA;Zanol e Thomaz;16.9;MATEUS SUPERMERCADOS SA;Mateus Super Rcados;26.0;SH CLEAR MEN LIMP PROFUNDA 200ML;UNILEVER;CLEAR;B;SUBIR PREÇO;0.01485714285714579;29.93846153846153;5.059599999999998;19.30428571428572;0.08999999999999986;0.532544378698224;11.9304;4.969599999999998;29.405917159763305;🟢 Ganho Rápido;🟢 Baixa;Avaliar aumento de preço com baixo risco competitivo.;4
7891150081611;CLEAR SH BOTANIC ANTICOCEIRA 200ML;16.99;4;ZANOL E THOMAZ LTDA;Zanol e Thomaz;16.9;MATEUS SUPERMERCADOS SA;Mateus Super Rcados;9.0;SH CLEAR ANTIC JOJOBA MALALEUCA 200ML;UNILEVER;CLEAR;B;SUBIR PREÇO;0.01428571428571601;29.94082840236686;5.059999999999999;16.9;0.08999999999999986;0.532544378698224;11.93;4.969999999999999;29.408284023668635;🟢 Ganho Rápido;🟢 Baixa;Avaliar aumento de preço com baixo risco competitivo.;4
7896016804939;LUFTAL MAX 125MG 10CAPS GEL;22.600000000000005;3;ZANOL E THOMAZ LTDA;Zanol e Thomaz;22.6;TRIANGULO DROGARIA LTDA;Triangulo;6.0;LUFTAL MAX 125MG 10CAPS GEL;RECKITT BENCKISER;LUFTAL;B;SUBIR PREÇO URGENTE;8.18221024258757;4.656870930038505;1.052452830188702;22.6;3.552713678800501e-15;1.571997203009071e-14;21.547547169811303;1.0524528301886988;4.65687093003849;🟢 Ganho Rápido;🟢 Baixa;Avaliar aumento de preço com baixo risco competitivo.;4
7896094925915;BUSCOFEM GOTAS 200MG/ML C/20ML;26.290000000000003;3;ZANOL E THOMAZ LTDA;Zanol e Thomaz;26.29;TRIANGULO DROGARIA LTDA;Triangulo;4.0;BUSCOFEM GOTAS 200MG/ML C/20ML;HYPERA CH;BUSCOFEM;B;SUBIR PREÇO URGENTE;7.41476190476186;10.25738557119322;2.696666666666697;26.29;3.552713678800501e-15;1.3513555263600233e-14;23.593333333333305;2.696666666666694;10.257385571193206;🟢 Ganho Rápido;🟢 Baixa;Avaliar aumento de preço com baixo risco competitivo.;4
7891058022136;DORFLEX 24CPR;14.470000000000002;5;ZANOL E THOMAZ LTDA;Zanol e Thomaz;14.47;TRIANGULO DROGARIA LTDA;Triangulo;11.0;DORFLEX 24CPR;OPELLA;DORFLEX;B;SUBIR PREÇO URGENTE;7.087142857142856;-4.284727021423629;-0.6199999999999992;14.47;1.7763568394002505e-15;1.22761357249499e-14;15.090000000000002;-0.620000000000001;-4.284727021423642;🟢 Ganho Rápido;🟢 Baixa;Avaliar aumento de preço com baixo risco competitivo.;4
7896658000386;FAMOX 20MG 30CPR;58.95000000000001;3;ZANOL E THOMAZ LTDA;Zanol e Thomaz;58.95;TRIANGULO DROGARIA LTDA;Triangulo;2.0;FAMOX 20MG 30CPR;ACHE;FAMOX;B;SUBIR PREÇO URGENTE;20.37857142857143;5.801526717557254;3.420000000000002;58.95;7.105427357601002e-15;1.205331188736387e-14;55.53000000000001;3.4199999999999946;5.801526717557243;🟢 Ganho Rápido;🟢 Baixa;Avaliar aumento de preço com baixo risco competitivo.;4
4005808335435;NIVEA HID CORP BODY SOFT MILK 200ML;16.99;1;ZANOL E THOMAZ LTDA;Zanol e Thomaz;16.99;TRIANGULO DROGARIA LTDA;Triangulo;2.0;NIVEA HID CORP BODY SOFT MILK 200ML;BEIERSDORF - NIVEA;NIVEA;B;SUBIR PREÇO;2.315357142857145;20.46056503825779;3.476249999999999;16.99;0.0;0.0;13.51375;3.4762499999999985;20.46056503825779;🟢 Ganho Rápido;🟢 Baixa;Avaliar aumento de preço com baixo risco competitivo.;4
4005900328472;NIVEA CR BARBEAR BARB 2X1 SENS 65GR;14.99;1;ZANOL E THOMAZ LTDA;Zanol e Thomaz;14.99;TRIANGULO DROGARIA LTDA;Triangulo;8.0;NIVEA CR BARBEAR BARB 2X1 SENS 65GR;BEIERSDORF - NIVEA;NIVEA;B;SUBIR PREÇO;1.209999999999999;24.34956637758506;3.65;14.99;0.0;0.0;11.34;3.6500000000000004;24.34956637758506;🟢 Ganho Rápido;🟢 Baixa;Avaliar aumento de preço com baixo risco competitivo.;4
4005900633309;NIVEA DES AERO MASC DRY IMPACT PROMO 200ML;15.99;3;ZANOL E THOMAZ LTDA;Zanol e Thomaz;15.99;TRIANGULO DROGARIA LTDA;Triangulo;7.0;NIVEA DES AERO MASC DRY IMPACT PROMO 200ML;BEIERSDORF - NIVEA;NIVEA;B;SUBIR PREÇO;0.9012087912088571;26.05474575455785;4.166153846153801;15.99;0.0;0.0;11.8238461538462;4.166153846153801;26.05474575455785;🟢 Ganho Rápido;🟢 Baixa;Avaliar aumento de preço com baixo risco competitivo.;4
4006000010311;NIVEA DES AER MEN ORIGINAL PROTECT PROM 200ML;14.99;2;ZANOL E THOMAZ LTDA;Zanol e Thomaz;14.99;TRIANGULO DROGARIA LTDA;Triangulo;6.0;NIVEA DES AER MEN ORIGINAL PROTECT PROM 200ML;BEIERSDORF - NIVEA;NIVEA;B;SUBIR PREÇO;1.899285714285716;21.13075383589059;3.1675;14.99;0.0;0.0;11.8225;3.1675000000000004;21.130753835890594;🟢 Ganho Rápido;🟢 Baixa;Avaliar aumento de preço com baixo risco competitivo.;4
4987188521113;SALONPAS PAIN RELIEF PATCH 05ADES;32.38;2;ZANOL E THOMAZ LTDA;Zanol e Thomaz;32.38;TRIANGULO DROGARIA LTDA;Triangulo;4.0;SALONPAS PAIN RELIEF PATCH 05ADES;HISAMITSU;SALONPAS PAIN;B;SUBIR PREÇO URGENTE;6.748571428571431;15.4107473749228;4.990000000000002;32.38;0.0;0.0;27.39;4.990000000000002;15.410747374922797;🟢 Ganho Rápido;🟢 Baixa;Avaliar aumento de preço com baixo risco competitivo.;4
609963220670;PRINCIPIA CM-01 - CREME CALMANTE MULTIREPARADOR 40GR;40.99;3;ZANOL E THOMAZ LTDA;Zanol e Thomaz;40.99;TRIANGULO DROGARIA LTDA;Triangulo;10.0;PRINCIPIA CM-01 - CREME CALMANTE MULTIREPARADOR 40GR;PRINCIPIA;PRINCIPIA;B;SUBIR PREÇO;4.510000000000005;22.29812149304708;9.14;40.99;0.0;0.0;31.85;9.14;22.298121493047084;🟢 Ganho Rápido;🟢 Baixa;Avaliar aumento de preço com baixo risco competitivo.;4
609963220700;PRINCIPIA AM-01 AGUA MICELAR TENSOATIVOS+OLEO DE OLIVA 200ML;38.99;2;ZANOL E THOMAZ LTDA;Zanol e Thomaz;38.99;TRIANGULO DROGARIA LTDA;Triangulo;2.0;PRINCIPIA AM-01 AGUA MICELAR TENSOATIVOS+OLEO DE OLIVA 200ML;PRINCIPIA;PRINCIPIA;B;SUBIR PREÇO;1.867142857142859;26.64785842523724;10.39;38.99;0.0;0.0;28.6;10.39;26.647858425237242;🟢 Ganho Rápido;🟢 Baixa;Avaliar aumento de preço com baixo risco competitivo.;4
6920354822223;COLGATE CRM DENTAL NAT EXT DETOX 90G;14.99;4;ZANOL E THOMAZ LTDA;Zanol e Thomaz;14.99;TRIANGULO DROGARIA LTDA;Triangulo;4.0;COLGATE CRM DENTAL NAT EXT DETOX 90G;COLGATE;COLGATE;C;SUBIR PREÇO;0.9397619047618573;25.61151879030488;3.839166666666701;14.99;0.0;0.0;11.1508333333333;3.839166666666701;25.611518790304878;🟢 Ganho Rápido;🟢 Baixa;Avaliar aumento de preço com baixo risco competitivo.;4
6920354824395;COLGATE CRM DENTAL NAT EXT PURIF CARV ATIV 90G;12.99;1;ZANOL E THOMAZ LTDA;Zanol e Thomaz;12.99;TRIANGULO DROGARIA LTDA;Triangulo;9.0;COLGATE CRM DENTAL NAT EXT PURIF CARV ATIV 90G;COLGATE;COLGATE;B;SUBIR PREÇO;0.4927806122448999;27.34452325965028;3.552053571428571;12.99;0.0;0.0;9.43794642857143;3.552053571428571;27.344523259650277;🟢 Ganho Rápido;🟢 Baixa;Avaliar aumento de preço com baixo risco competitivo.;4
70341368244;PRINCIPIA PS-01 MIX DE FILTROS+5%NIACINAMIDA FPS40 200ML;38.99;2;ZANOL E THOMAZ LTDA;Zanol e Thomaz;38.99;TRIANGULO DROGARIA LTDA;Triangulo;8.0;PRINCIPIA PS-01 MIX DE FILTROS+5%NIACINAMIDA FPS40 200ML;PRINCIPIA;PRINCIPIA;B;SUBIR PREÇO;1.867142857142859;26.64785842523724;10.39;38.99;0.0;0.0;28.6;10.39;26.647858425237242;🟢 Ganho Rápido;🟢 Baixa;Avaliar aumento de preço com baixo risco competitivo.;4
70341368602;PRINCIPIA PS-05 COR 5.0 MIX+ 5% NIACINAMIDA FPS70 30ML;48.99;4;ZANOL E THOMAZ LTDA;Zanol e Thomaz;48.99;TRIANGULO DROGARIA LTDA;Triangulo;10.0;PRINCIPIA PS-05 COR 5.0 MIX+ 5% NIACINAMIDA FPS70 30ML;PRINCIPIA;PRINCIPIA;B;SUBIR PREÇO;4.245714285714286;23.93345580730762;11.725;48.99;0.0;0.0;37.265;11.725000000000001;23.933455807307617;🟢 Ganho Rápido;🟢 Baixa;Avaliar aumento de preço com baixo risco competitivo.;4
7500435142229;PANTENE CT HIDRATACAO 270ML;25.99;1;ZANOL E THOMAZ LTDA;Zanol e Thomaz;25.99;TRIANGULO DROGARIA LTDA;Triangulo;4.0;PANTENE CT HIDRATACAO 270ML;PROCTER GAMBLE;PANTENE;B;SUBIR PREÇO;2.524285714285718;23.20123124278568;6.029999999999998;25.99;0.0;0.0;19.96;6.029999999999998;23.201231242785678;🟢 Ganho Rápido;🟢 Baixa;Avaliar aumento de preço com baixo risco competitivo.;4
7500435153072;VICK XPE INF COPO MED 120ML;35.27;1;ZANOL E THOMAZ LTDA;Zanol e Thomaz;35.27;TRIANGULO DROGARIA LTDA;Triangulo;13.0;VICK XPE INF COPO MED 120ML;PROCTER GAMBLE;VICK;B;SUBIR PREÇO URGENTE;23.89571428571428;-17.42557414233058;-6.145999999999994;35.27;0.0;0.0;41.416;-6.145999999999994;-17.425574142330575;🟢 Ganho Rápido;🟢 Baixa;Avaliar aumento de preço com baixo risco competitivo.;4
7500435154222;PANTENE SH BAMBU 200ML;16.99;1;ZANOL E THOMAZ LTDA;Zanol e Thomaz;16.99;TRIANGULO DROGARIA LTDA;Triangulo;13.0;PANTENE SH BAMBU 200ML;PROCTER GAMBLE;PANTENE;B;SUBIR PREÇO;0.8528571428571468;26.48616833431429;4.499999999999998;16.99;0.0;0.0;12.49;4.499999999999998;26.486168334314293;🟢 Ganho Rápido;🟢 Baixa;Avaliar aumento de preço com baixo risco competitivo.;4
7500435188050;VICK PYRENA FORT 7 10CAPS;12.87;2;ZANOL E THOMAZ LTDA;Zanol e Thomaz;12.87;TRIANGULO DROGARIA LTDA;Triangulo;7.0;VICK PYRENA FORT 7 10CAPS;PROCTER GAMBLE;VICK PYRENA;B;SUBIR PREÇO URGENTE;3.672857142857145;10.02331002331002;1.289999999999999;12.87;0.0;0.0;11.58;1.2899999999999991;10.023310023310017;🟢 Ganho Rápido;🟢 Baixa;Avaliar aumento de preço com baixo risco competitivo.;4
7500435248136;PANTENE SH BIOTINAMINA 175ML;16.49;3;ZANOL E THOMAZ LTDA;Zanol e Thomaz;16.49;TRIANGULO DROGARIA LTDA;Triangulo;6.0;PANTENE SH BIOTINAMINA 175ML;PROCTER GAMBLE;PANTENE;B;SUBIR PREÇO;1.203750000000003;24.89008489993935;4.104374999999999;16.49;0.0;0.0;12.385625;4.104374999999999;24.890084899939353;🟢 Ganho Rápido;🟢 Baixa;Avaliar aumento de preço com baixo risco competitivo.;4
7500435252935;DOWNY AMAC BRISA SUAVE 350ML;7.99;2;ZANOL E THOMAZ LTDA;Zanol e Thomaz;7.99;TRIANGULO DROGARIA LTDA;Triangulo;10.0;DOWNY AMAC BRISA SUAVE 350ML;PROCTER GAMBLE;DOWNY;B;SUBIR PREÇO URGENTE;1.852857142857143;13.76720901126409;1.100000000000001;7.989999999999999;0.0;0.0;6.889999999999999;1.1000000000000014;13.767209011264098;🟢 Ganho Rápido;🟢 Baixa;Avaliar aumento de preço com baixo risco competitivo.;4
7501001165253;PANTENE CD LISO EXTREMO 400ML;32.99;1;ZANOL E THOMAZ LTDA;Zanol e Thomaz;32.99;TRIANGULO DROGARIA LTDA;Triangulo;5.0;PANTENE CD LISO EXTREMO 400ML;PROCTER GAMBLE;PANTENE;B;SUBIR PREÇO;1.167142857142856;27.52349196726281;9.080000000000002;32.99;0.0;0.0;23.91;9.080000000000002;27.52349196726281;🟢 Ganho Rápido;🟢 Baixa;Avaliar aumento de preço com baixo risco competitivo.;4
7506306241169;DOVE DES AERO GO FRESH PEPINO CHA VERDE 150ML;14.99;1;ZANOL E THOMAZ LTDA;Zanol e Thomaz;14.99;TRIANGULO DROGARIA LTDA;Triangulo;13.0;DOVE DES AERO GO FRESH PEPINO CHA VERDE 150ML;UNILEVER;DOVE;B;SUBIR PREÇO;1.890952380952429;21.16966866800066;3.1733333333333;15.49;0.0;0.0;11.8166666666667;3.1733333333333;21.169668668000664;🟢 Ganho Rápido;🟢 Baixa;Avaliar aumento de preço com baixo risco competitivo.;4
7506306241176;DOVE DES AERO FEM INVISIBLE DRY 150ML;14.99;1;ZANOL E THOMAZ LTDA;Zanol e Thomaz;14.99;TRIANGULO DROGARIA LTDA;Triangulo;11.0;DOVE AER.INVISIBLEDRY 150ML;UNILEVER;DOVE;B;SUBIR PREÇO;1.890952380952429;21.16966866800066;3.1733333333333;14.99;0.0;0.0;11.8166666666667;3.1733333333333;21.169668668000664;🟢 Ganho Rápido;🟢 Baixa;Avaliar aumento de preço com baixo risco competitivo.;4
7509546668055;COLGATE CRM DENTAL TOTAL 12 GENG REFORC 90G;12.99;2;ZANOL E THOMAZ LTDA;Zanol e Thomaz;12.99;TRIANGULO DROGARIA LTDA;Triangulo;2.0;COLGATE CRM DENTAL TOTAL 12 GENG REFORC 90G;COLGATE;COLGATE;B;SUBIR PREÇO URGENTE;3.590952380952428;10.64921734667668;1.383333333333301;12.99;0.0;0.0;11.6066666666667;1.3833333333333009;10.649217346676682;🟢 Ganho Rápido;🟢 Baixa;Avaliar aumento de preço com baixo risco competitivo.;4
7509546670942;COLGATE CRM DENTAL LUM WHITE LOVERS CAFE 70G;17.99;2;ZANOL E THOMAZ LTDA;Zanol e Thomaz;17.99;TRIANGULO DROGARIA LTDA;Triangulo;5.0;COLGATE CRM DENTAL LUM WHITE LOVERS CAFE 70G;COLGATE;COLGATE;B;SUBIR PREÇO URGENTE;4.28976190476186;13.30831943672429;2.394166666666699;17.99;0.0;0.0;15.5958333333333;2.394166666666699;13.308319436724286;🟢 Ganho Rápido;🟢 Baixa;Avaliar aumento de preço com baixo risco competitivo.;4
7509546679532;COLGATE ENX BUCAL PLAX ODOR CONTROL 500ML;18.99;3;ZANOL E THOMAZ LTDA;Zanol e Thomaz;18.99;TRIANGULO DROGARIA LTDA;Triangulo;2.0;COLGATE ENX BUCAL PLAX ODOR CONTROL 500ML;COLGATE;COLGATE;B;SUBIR PREÇO;1.846904761904717;23.19203089345286;4.404166666666699;18.99;0.0;0.0;14.5858333333333;4.404166666666699;23.192030893452863;🟢 Ganho Rápido;🟢 Baixa;Avaliar aumento de preço com baixo risco competitivo.;4
7613034431561;NAN SUPREME 1 400GR;64.99;3;ZANOL E THOMAZ LTDA;Zanol e Thomaz;64.99;TRIANGULO DROGARIA LTDA;Triangulo;11.0;NAN SUPREME 1 400GR;NESTLE;NAN SUPREME 1;B;SUBIR PREÇO URGENTE;23.28142857142858;4.92383443606708;3.199999999999996;64.99;0.0;0.0;61.79;3.1999999999999957;4.9238344360670805;🟢 Ganho Rápido;🟢 Baixa;Avaliar aumento de preço com baixo risco competitivo.;4
7622210535016;LACTA CHOC BIS LIMAO FLOW PACK 100,8GR;7.99;5;ZANOL E THOMAZ LTDA;Zanol e Thomaz;7.99;TRIANGULO DROGARIA LTDA;Triangulo;8.0;LACTA CHOC BIS LIMAO FLOW PACK 100,8GR;MONDELEZ;BIS;B;SUBIR PREÇO URGENTE;1.76;14.58072590738423;1.165;7.99;0.0;0.0;6.825;1.165;14.580725907384231;🟢 Ganho Rápido;🟢 Baixa;Avaliar aumento de preço com baixo risco competitivo.;4
7622210563538;TRIDENT MAX HORTELA 16,5G;4.49;3;ZANOL E THOMAZ LTDA;Zanol e Thomaz;4.49;TRIANGULO DROGARIA LTDA;Triangulo;20.0;TRIDENT MAX HORTELA 16,5G;ADAMS;TRIDENT;C;SUBIR PREÇO;0.08142857142857185;28.73051224944321;1.29;4.49;0.0;0.0;3.2;1.29;28.73051224944321;🟢 Ganho Rápido;🟢 Baixa;Avaliar aumento de preço com baixo risco competitivo.;4
7622210566409;LACTA CHOC BIS XTRA BLACK 45GR;4.49;2;ZANOL E THOMAZ LTDA;Zanol e Thomaz;4.49;TRIANGULO DROGARIA LTDA;Triangulo;23.0;LACTA CHOC BIS XTRA BLACK 45GR;LACTA;LACTA;C;SUBIR PREÇO URGENTE;1.162380952380958;11.87824795842606;0.5333333333333301;4.49;0.0;0.0;3.95666666666667;0.5333333333333301;11.87824795842606;🟢 Ganho Rápido;🟢 Baixa;Avaliar aumento de preço com baixo risco competitivo.;4
7622210674395;LACTA CHOC SHOT AMENDOIM 80GR UN;8.99;1;ZANOL E THOMAZ LTDA;Zanol e Thomaz;8.99;TRIANGULO DROGARIA LTDA;Triangulo;3.0;LACTA CHOC SHOT AMENDOIM 80GR UN;LACTA;LACTA;B;SUBIR PREÇO URGENTE;3.335714285714287;4.026696329254729;0.3620000000000001;8.99;0.0;0.0;8.628;0.3620000000000001;4.026696329254729;🟢 Ganho Rápido;🟢 Baixa;Avaliar aumento de preço com baixo risco competitivo.;4
7791293012087;DOVE DES AERO CUIDADO TOTAL 150ML;14.99;2;ZANOL E THOMAZ LTDA;Zanol e Thomaz;14.99;TRIANGULO DROGARIA LTDA;Triangulo;12.0;DOVE DES AERO CUIDADO TOTAL 150ML;UNILEVER;DOVE;B;SUBIR PREÇO URGENTE;3.13857142857143;15.34356237491662;2.300000000000001;14.99;0.0;0.0;12.69;2.3000000000000007;15.343562374916617;🟢 Ganho Rápido;🟢 Baixa;Avaliar aumento de preço com baixo risco competitivo.;4
7791293018874;DOVE DES AERO MASC ANTIBAC 150ML;14.99;3;ZANOL E THOMAZ LTDA;Zanol e Thomaz;14.99;TRIANGULO DROGARIA LTDA;Triangulo;3.0;DOVE DES AERO MASC ANTIBAC 150ML;UNILEVER;DOVE;B;SUBIR PREÇO;1.890952380952429;21.16966866800066;3.1733333333333;14.99;0.0;0.0;11.8166666666667;3.1733333333333;21.169668668000664;🟢 Ganho Rápido;🟢 Baixa;Avaliar aumento de preço com baixo risco competitivo.;4
7791293022819;DOVE DES AERO MASC INVISIBLE 150ML;14.99;4;ZANOL E THOMAZ LTDA;Zanol e Thomaz;14.99;TRIANGULO DROGARIA LTDA;Triangulo;11.0;DOVE DES AERO MASC INVISIBLE 150ML;UNILEVER;DOVE;B;SUBIR PREÇO;1.890952380952429;21.16966866800066;3.1733333333333;14.99;0.0;0.0;11.8166666666667;3.1733333333333;21.169668668000664;🟢 Ganho Rápido;🟢 Baixa;Avaliar aumento de preço com baixo risco competitivo.;4
7791293032368;REXONA DES AERO WOMAN S/ PERFUME 150ML;12.99;1;ZANOL E THOMAZ LTDA;Zanol e Thomaz;12.99;TRIANGULO DROGARIA LTDA;Triangulo;2.0;REXONA DES AERO WOMAN S/ PERFUME 150ML;UNILEVER;REXONA;B;SUBIR PREÇO URGENTE;3.375217391304288;11.81176155571208;1.534347826087;12.99;0.0;0.0;11.455652173913;1.534347826087;11.811761555712085;🟢 Ganho Rápido;🟢 Baixa;Avaliar aumento de preço com baixo risco competitivo.;4
7791293033235;DOVE DES AERO BEAUTY FINISH 150ML;14.99;2;ZANOL E THOMAZ LTDA;Zanol e Thomaz;14.99;TRIANGULO DROGARIA LTDA;Triangulo;10.0;DOVE DES AERO BEAUTY FINISH 150ML;UNILEVER;DOVE;B;SUBIR PREÇO;1.890952380952429;21.16966866800066;3.1733333333333;14.99;0.0;0.0;11.8166666666667;3.1733333333333;21.169668668000664;🟢 Ganho Rápido;🟢 Baixa;Avaliar aumento de preço com baixo risco competitivo.;4
7791293033273;DOVE DES AERO SENSITIVE S/PERF 150ML;14.99;4;ZANOL E THOMAZ LTDA;Zanol e Thomaz;14.99;TRIANGULO DROGARIA LTDA;Triangulo;5.0;DOVE DES AERO SENSITIVE S/PERF 150ML;UNILEVER;DOVE;B;SUBIR PREÇO URGENTE;2.664761904761859;17.55614854347365;2.6316666666667;14.99;0.0;0.0;12.3583333333333;2.6316666666666997;17.556148543473647;🟢 Ganho Rápido;🟢 Baixa;Avaliar aumento de preço com baixo risco competitivo.;4
7891000056523;NESTOGENO 1 400GR;34.99;2;ZANOL E THOMAZ LTDA;Zanol e Thomaz;34.99;TRIANGULO DROGARIA LTDA;Triangulo;15.0;NESTOGENO 1 400GR;NESTLE;NESTOGENO 1;B;SUBIR PREÇO URGENTE;6.968333333333291;16.0593502905593;5.6191666666667;34.99;0.0;0.0;29.3708333333333;5.6191666666667;16.0593502905593;🟢 Ganho Rápido;🟢 Baixa;Avaliar aumento de preço com baixo risco competitivo.;4
7891000056615;NESTOGENO 2 400GR;34.99;1;ZANOL E THOMAZ LTDA;Zanol e Thomaz;34.99;TRIANGULO DROGARIA LTDA;Triangulo;19.0;NESTOGENO 2 400GR;NESTLE;NESTOGENO 2;B;SUBIR PREÇO URGENTE;6.981428571428573;16.03315232923693;5.610000000000003;34.99;0.0;0.0;29.38;5.610000000000003;16.033152329236934;🟢 Ganho Rápido;🟢 Baixa;Avaliar aumento de preço com baixo risco competitivo.;4
7891000356975;MUCILON MING MILHO SH 360G;8.99;4;ZANOL E THOMAZ LTDA;Zanol e Thomaz;8.99;TRIANGULO DROGARIA LTDA;Triangulo;27.0;MUCILON MING MILHO SH 360G;NESTLE;MUCILON;B;SUBIR PREÇO URGENTE;3.090769230769228;5.933943698126152;0.5334615384615411;8.99;0.0;0.0;8.45653846153846;0.5334615384615411;5.933943698126152;🟢 Ganho Rápido;🟢 Baixa;Avaliar aumento de preço com baixo risco competitivo.;4
7891000357170;MUCILON MING ARROZ SCH 360G;8.99;4;ZANOL E THOMAZ LTDA;Zanol e Thomaz;8.99;TRIANGULO DROGARIA LTDA;Triangulo;26.0;MUCILON MING ARROZ SCH 360G;NESTLE;MUCILON;B;SUBIR PREÇO URGENTE;2.709999999999999;8.898776418242498;0.8000000000000007;8.99;0.0;0.0;8.19;0.8000000000000007;8.898776418242498;🟢 Ganho Rápido;🟢 Baixa;Avaliar aumento de preço com baixo risco competitivo.;4
7891000442005;MUCILON MING ZERO ACUCAR SH 360G;8.99;2;ZANOL E THOMAZ LTDA;Zanol e Thomaz;8.99;TRIANGULO DROGARIA LTDA;Triangulo;20.0;MUCILON MING ZERO ACUCAR SH 360G;NESTLE;MUCILON;B;SUBIR PREÇO URGENTE;2.424285714285714;11.12347052280311;1.0;8.99;0.0;0.0;7.99;1.0;11.123470522803114;🟢 Ganho Rápido;🟢 Baixa;Avaliar aumento de preço com baixo risco competitivo.;4
7891000442104;MUCILON MING AMEIXA/AVEIA SH 360G;8.99;4;ZANOL E THOMAZ LTDA;Zanol e Thomaz;8.99;TRIANGULO DROGARIA LTDA;Triangulo;15.0;MUCILON MING AMEIXA/AVEIA SH 360G;NESTLE;MUCILON;B;SUBIR PREÇO URGENTE;2.424285714285714;11.12347052280311;1.0;8.99;0.0;0.0;7.99;1.0;11.123470522803114;🟢 Ganho Rápido;🟢 Baixa;Avaliar aumento de preço com baixo risco competitivo.;4
7891010245610;OB ABS INTERNO PRO COMFORT SUPER C/8;10.99;1;ZANOL E THOMAZ LTDA;Zanol e Thomaz;10.99;TRIANGULO DROGARIA LTDA;Triangulo;9.0;OB ABS INTERNO PRO COMFORT SUPER C/8;KENVUE;O.B.;B;SUBIR PREÇO;1.562380952380959;20.04852896572638;2.20333333333333;11.35666666666667;0.0;0.0;8.78666666666667;2.2033333333333296;20.048528965726383;🟢 Ganho Rápido;🟢 Baixa;Avaliar aumento de preço com baixo risco competitivo.;4
7891010249106;NEUTROGENA SUN FRESH FPS90 200ML;107.8;3;ZANOL E THOMAZ LTDA;Zanol e Thomaz;107.8;TRIANGULO DROGARIA LTDA;Triangulo;9.0;NEUTROGENA SUN FRESH FPS90 200ML;KENVUE;NEUTROGENA;B;SUBIR PREÇO;10.84285714285716;22.95918367346939;24.75;107.8;0.0;0.0;83.05;24.75;22.95918367346939;🟢 Ganho Rápido;🟢 Baixa;Avaliar aumento de preço com baixo risco competitivo.;4
7891010253202;NEUTROGENA SUN FRESH FPS70 PELE CLARA 40G;55.82;7;ZANOL E THOMAZ LTDA;Zanol e Thomaz;55.82;TRIANGULO DROGARIA LTDA;Triangulo;7.0;NEUTROGENA SUN FRESH FPS70 PELE CLARA 40G;KENVUE;NEUTROGENA;B;SUBIR PREÇO URGENTE;13.04785714285715;13.63758509494804;7.612499999999997;55.82;0.0;0.0;48.2075;7.612499999999997;13.637585094948044;🟢 Ganho Rápido;🟢 Baixa;Avaliar aumento de preço com baixo risco competitivo.;4
7891010253899;NEUTROGENA BODY CARE HID REPARA 200ML;20.79;6;ZANOL E THOMAZ LTDA;Zanol e Thomaz;20.79;TRIANGULO DROGARIA LTDA;Triangulo;16.0;NEUTROGENA BODY CARE HID REPARA 200ML;KENVUE;NEUTROGENA;B;SUBIR PREÇO URGENTE;3.609999999999999;17.84511784511785;3.710000000000001;20.79;0.0;0.0;17.08;3.710000000000001;17.84511784511785;🟢 Ganho Rápido;🟢 Baixa;Avaliar aumento de preço com baixo risco competitivo.;4
7891010253929;NEUTROGENA BODY CARE HID SUAVIZA 200ML;20.79;4;ZANOL E THOMAZ LTDA;Zanol e Thomaz;20.79;TRIANGULO DROGARIA LTDA;Triangulo;8.0;NEUTROGENA BODY CARE HID SUAVIZA 200ML;KENVUE;NEUTROGENA;B;SUBIR PREÇO;2.220285714285716;22.52429052429053;4.6828;20.79;0.0;0.0;16.1072;4.6828;22.524290524290528;🟢 Ganho Rápido;🟢 Baixa;Avaliar aumento de preço com baixo risco competitivo.;4
7891010253936;NEUTROGENA HIDRATA E SUAVIZA 400ML;33.11;4;ZANOL E THOMAZ LTDA;Zanol e Thomaz;33.11;TRIANGULO DROGARIA LTDA;Triangulo;23.0;NEUTROGENA HIDRATA E SUAVIZA 400ML;KENVUE;NEUTROGENA;B;SUBIR PREÇO;2.506326530612291;24.70121240885351;8.178571428571399;33.11;0.0;0.0;24.9314285714286;8.178571428571399;24.701212408853515;🟢 Ganho Rápido;🟢 Baixa;Avaliar aumento de preço com baixo risco competitivo.;4
7891010256463;BENALET MEL E LIMAO 12PAST;32.77;2;ZANOL E THOMAZ LTDA;Zanol e Thomaz;32.77;TRIANGULO DROGARIA LTDA;Triangulo;6.0;BENALET MEL E LIMAO 12PAST;KENVUE;BENALET;B;SUBIR PREÇO URGENTE;14.60857142857143;-1.205370765944449;-0.394999999999996;32.77;0.0;0.0;33.165;-0.394999999999996;-1.205370765944449;🟢 Ganho Rápido;🟢 Baixa;Avaliar aumento de preço com baixo risco competitivo.;4
7891010256470;BENALET MENTA 12PAST;32.77;4;ZANOL E THOMAZ LTDA;Zanol e Thomaz;32.77;TRIANGULO DROGARIA LTDA;Triangulo;4.0;BENALET MENTA 12PAST;KENVUE;BENALET;B;SUBIR PREÇO URGENTE;17.83549450549457;-8.098401445975574;-2.653846153846196;32.77;0.0;0.0;35.4238461538462;-2.653846153846196;-8.098401445975574;🟢 Ganho Rápido;🟢 Baixa;Avaliar aumento de preço com baixo risco competitivo.;4
7891024000427;COLGATE GEL DENTAL TEEN TITANS GO 60G;11.99;3;ZANOL E THOMAZ LTDA;Zanol e Thomaz;11.99;TRIANGULO DROGARIA LTDA;Triangulo;2.0;COLGATE GEL DENTAL TEEN TITANS GO 60G;COLGATE;COLGATE;B;SUBIR PREÇO;1.187380952380959;23.06783430636639;2.76583333333333;11.99;0.0;0.0;9.22416666666667;2.7658333333333296;23.067834306366386;🟢 Ganho Rápido;🟢 Baixa;Avaliar aumento de preço com baixo risco competitivo.;4
7891024183007;COLGATE FIO DENTAL TOTAL 50M;13.99;1;ZANOL E THOMAZ LTDA;Zanol e Thomaz;13.99;TRIANGULO DROGARIA LTDA;Triangulo;4.0;COLGATE FIO DENTAL TOTAL 50M;COLGATE;COLGATE;B;SUBIR PREÇO URGENTE;3.998095238095287;9.995234691446031;1.3983333333333;13.99;0.0;0.0;12.5916666666667;1.3983333333332997;9.995234691446031;🟢 Ganho Rápido;🟢 Baixa;Avaliar aumento de preço com baixo risco competitivo.;4
7891058000165;NOVALGINA GTS 20ML;24.41;2;ZANOL E THOMAZ LTDA;Zanol e Thomaz;24.41;TRIANGULO DROGARIA LTDA;Triangulo;5.0;NOVALGINA GTS 20ML;OPELLA;NOVALGINA;B;SUBIR PREÇO URGENTE;5.614999999999998;13.89799262597297;3.392500000000002;24.41;0.0;0.0;21.0175;3.392500000000002;13.897992625972968;🟢 Ganho Rápido;🟢 Baixa;Avaliar aumento de preço com baixo risco competitivo.;4
7891058000172;NOVALGINA GTS 10ML;12.87;2;ZANOL E THOMAZ LTDA;Zanol e Thomaz;12.87;TRIANGULO DROGARIA LTDA;Triangulo;14.0;NOVALGINA GTS 10ML;OPELLA;NOVALGINA;B;SUBIR PREÇO URGENTE;6.360612244898002;-4.595404595404825;-0.591428571428601;12.87;0.0;0.0;13.4614285714286;-0.591428571428601;-4.595404595404825;🟢 Ganho Rápido;🟢 Baixa;Avaliar aumento de preço com baixo risco competitivo.;4
7891058002589;ALLEGRA PED 6MG/ML FR+DOSADOR 60ML;30.47;3;ZANOL E THOMAZ LTDA;Zanol e Thomaz;30.47;TRIANGULO DROGARIA LTDA;Triangulo;17.0;ALLEGRA PED 6MG/ML FR+DOSADOR 60ML;OPELLA;ALLEGRA;B;SUBIR PREÇO URGENTE;8.53345622119815;10.39573562573448;3.167580645161298;30.47;0.0;0.0;27.3024193548387;3.167580645161298;10.395735625734485;🟢 Ganho Rápido;🟢 Baixa;Avaliar aumento de preço com baixo risco competitivo.;4
7891058003555;PURAN T4 12,5MCG 30CPR;3.03;2;ZANOL E THOMAZ LTDA;Zanol e Thomaz;3.03;TRIANGULO DROGARIA LTDA;Triangulo;4.0;PURAN T4 12,5MCG 30CPR;SANOFI-MEDLEY;PURAN T4;B;SUBIR PREÇO URGENTE;1.112857142857143;4.290429042904288;0.1299999999999999;3.03;0.0;0.0;2.9;0.1299999999999999;4.290429042904288;🟢 Ganho Rápido;🟢 Baixa;Avaliar aumento de preço com baixo risco competitivo.;4
7891058006501;ENTEROGERMINA 2BCFU 5FLAC 5ML;33.7;4;ZANOL E THOMAZ LTDA;Zanol e Thomaz;33.7;TRIANGULO DROGARIA LTDA;Triangulo;8.0;ENTEROGERMINA 2BCFU 5FLAC 5ML;OPELLA;ENTEROGERMINA;B;SUBIR PREÇO;1.385714285714286;27.12166172106826;9.140000000000004;33.7;0.0;0.0;24.56;9.140000000000004;27.121661721068257;🟢 Ganho Rápido;🟢 Baixa;Avaliar aumento de preço com baixo risco competitivo.;4
7891058008635;NOVALGINA 500MG 30CPR;34.52;2;ZANOL E THOMAZ LTDA;Zanol e Thomaz;34.52;TRIANGULO DROGARIA LTDA;Triangulo;1.0;NOVALGINA 500MG 30CPR;OPELLA;NOVALGINA;B;SUBIR PREÇO URGENTE;16.49428571428572;-3.447276940903817;-1.189999999999998;34.52;0.0;0.0;35.71;-1.1899999999999977;-3.447276940903817;🟢 Ganho Rápido;🟢 Baixa;Avaliar aumento de preço com baixo risco competitivo.;4
7891058024314;ALLEGRA 60MG 10CPR;26.24;1;ZANOL E THOMAZ LTDA;Zanol e Thomaz;26.24;TRIANGULO DROGARIA LTDA;Triangulo;5.0;ALLEGRA 60MG 10CPR;OPELLA;ALLEGRA;B;SUBIR PREÇO URGENTE;6.260000000000002;13.30030487804877;3.489999999999998;26.24;0.0;0.0;22.75;3.4899999999999984;13.300304878048774;🟢 Ganho Rápido;🟢 Baixa;Avaliar aumento de preço com baixo risco competitivo.;4
7891106001762;GINO CANESTEN 6 CR VAG 35G;71.02;2;ZANOL E THOMAZ LTDA;Zanol e Thomaz;71.02;TRIANGULO DROGARIA LTDA;Triangulo;6.0;GINO CANESTEN 6 CR VAG 35G;BAYER OTC;GINO CANESTEN;B;SUBIR PREÇO URGENTE;19.65142857142858;10.63080822303576;7.549999999999997;71.02;0.0;0.0;63.47;7.549999999999997;10.63080822303576;🟢 Ganho Rápido;🟢 Baixa;Avaliar aumento de preço com baixo risco competitivo.;4
7891106006279;REDOXON 1G 10CPR EFERV LARANJA;14.5;3;ZANOL E THOMAZ LTDA;Zanol e Thomaz;14.5;TRIANGULO DROGARIA LTDA;Triangulo;2.0;REDOXON 1G 10CPR EFERV LARANJA;BAYER OTC;REDOXON;B;SUBIR PREÇO URGENTE;6.791558441558429;-2.786833855799313;-0.4040909090909004;14.5;0.0;0.0;14.9040909090909;-0.4040909090909004;-2.786833855799313;🟢 Ganho Rápido;🟢 Baixa;Avaliar aumento de preço com baixo risco competitivo.;4
7891106908870;BEPANTOL DERMA LABIAL 7,5ML;36.19;5;ZANOL E THOMAZ LTDA;Zanol e Thomaz;36.19;TRIANGULO DROGARIA LTDA;Triangulo;23.0;BEPANTOL DERMA LABIAL 7,5ML;BAYER OTC;BEPANTOL;B;SUBIR PREÇO URGENTE;6.666521739130431;17.10537381212682;6.190434782608698;36.19;0.0;0.0;29.9995652173913;6.190434782608698;17.105373812126825;🟢 Ganho Rápido;🟢 Baixa;Avaliar aumento de preço com baixo risco competitivo.;4
7891142115126;ALIVIUM 600MG 10CAPS;38.85;1;ZANOL E THOMAZ LTDA;Zanol e Thomaz;38.85;TRIANGULO DROGARIA LTDA;Triangulo;10.0;ALIVIUM 600MG 10CAPS;HYPERA PP;ALIVIUM;B;SUBIR PREÇO URGENTE;11.63341013824886;9.03890065180387;3.511612903225803;38.85;0.0;0.0;35.3383870967742;3.511612903225803;9.03890065180387;🟢 Ganho Rápido;🟢 Baixa;Avaliar aumento de preço com baixo risco competitivo.;4
7891142128096;CELESTONE 2MG 10CPR;24.37;2;ZANOL E THOMAZ LTDA;Zanol e Thomaz;24.37;TRIANGULO DROGARIA LTDA;Triangulo;13.0;CELESTONE 2MG 10CPR;HYPERA PP;CELESTONE;B;SUBIR PREÇO URGENTE;11.93;-4.267542059909721;-1.039999999999999;24.37;0.0;0.0;25.41;-1.0399999999999991;-4.267542059909721;🟢 Ganho Rápido;🟢 Baixa;Avaliar aumento de preço com baixo risco competitivo.;4
7891142128133;CELESTONE 0,5MG 20CPR;18.01;2;ZANOL E THOMAZ LTDA;Zanol e Thomaz;18.01;TRIANGULO DROGARIA LTDA;Triangulo;7.0;CELESTONE 0,5MG 20CPR;HYPERA PP;CELESTONE;B;SUBIR PREÇO URGENTE;8.809047619047572;-4.238386081806218;-0.7633333333332999;18.01;0.0;0.0;18.7733333333333;-0.7633333333332999;-4.238386081806218;🟢 Ganho Rápido;🟢 Baixa;Avaliar aumento de preço com baixo risco competitivo.;4
7891142128638;CELESTONE SOLUSPAN INJ 01AMP;26.39;2;ZANOL E THOMAZ LTDA;Zanol e Thomaz;26.39;TRIANGULO DROGARIA LTDA;Triangulo;4.0;CELESTONE SOLUSPAN INJ 01AMP;HYPERA PP;CELESTONE;B;SUBIR PREÇO URGENTE;13.42428571428572;-5.608184918529748;-1.48;26.39;0.0;0.0;27.87;-1.4800000000000004;-5.608184918529748;🟢 Ganho Rápido;🟢 Baixa;Avaliar aumento de preço com baixo risco competitivo.;4
7891142177155;PREDSIM 3MG 100ML SOL ORAL;48.85;3;ZANOL E THOMAZ LTDA;Zanol e Thomaz;48.85;TRIANGULO DROGARIA LTDA;Triangulo;4.0;PREDSIM 3MG 100ML SOL ORAL;HYPERA PP;PREDSIM;B;SUBIR PREÇO URGENTE;17.88333333333329;4.373933810986077;2.136666666666699;48.85;0.0;0.0;46.7133333333333;2.1366666666666987;4.373933810986077;🟢 Ganho Rápido;🟢 Baixa;Avaliar aumento de preço com baixo risco competitivo.;4
7891142981363;PREDSIM 20MG 10CPR;31.51;4;ZANOL E THOMAZ LTDA;Zanol e Thomaz;31.51;TRIANGULO DROGARIA LTDA;Triangulo;11.0;PREDSIM 20MG 10CPR;HYPERA PP;PREDSIM;B;SUBIR PREÇO URGENTE;6.640649350649287;15.24768471769439;4.804545454545501;31.51;0.0;0.0;26.7054545454545;4.804545454545501;15.247684717694385;🟢 Ganho Rápido;🟢 Baixa;Avaliar aumento de preço com baixo risco competitivo.;4
7891150054653;REXONA DES AERO ERVA DOCE 150ML;12.99;2;ZANOL E THOMAZ LTDA;Zanol e Thomaz;12.99;TRIANGULO DROGARIA LTDA;Triangulo;9.0;REXONA DES AERO ERVA DOCE 150ML;UNILEVER;REXONA;B;SUBIR PREÇO;1.826666666666714;20.15653066461355;2.6183333333333;12.99;0.0;0.0;10.3716666666667;2.6183333333333003;20.156530664613552;🟢 Ganho Rápido;🟢 Baixa;Avaliar aumento de preço com baixo risco competitivo.;4
7891150055704;CLEAR SH FLOR CEREJEIRA 200ML;16.99;5;ZANOL E THOMAZ LTDA;Zanol e Thomaz;16.99;TRIANGULO DROGARIA LTDA;Triangulo;6.0;CLEAR SH FLOR CEREJEIRA 200ML;UNILEVER;CLEAR;B;SUBIR PREÇO URGENTE;4.300476190476147;12.28173435354148;2.086666666666698;16.99;0.0;0.0;14.9033333333333;2.086666666666698;12.281734353541484;🟢 Ganho Rápido;🟢 Baixa;Avaliar aumento de preço com baixo risco competitivo.;4
7891150087347;DOVE DES AERO MEN CARE INVISBLE FRESH 150ML;14.99;1;ZANOL E THOMAZ LTDA;Zanol e Thomaz;14.99;TRIANGULO DROGARIA LTDA;Triangulo;8.0;DOVE DES AERO MEN CARE INVISBLE FRESH 150ML;UNILEVER;DOVE;B;SUBIR PREÇO URGENTE;3.094523809523858;15.54925505892795;2.330833333333301;14.99;0.0;0.0;12.6591666666667;2.3308333333333007;15.549255058927955;🟢 Ganho Rápido;🟢 Baixa;Avaliar aumento de preço com baixo risco competitivo.;4
7891150095564;DOVE CD BOND INTENSE REPAIR 150GR;16.99;2;ZANOL E THOMAZ LTDA;Zanol e Thomaz;16.99;TRIANGULO DROGARIA LTDA;Triangulo;4.0;DOVE CD BOND INTENSE REPAIR 150GR;UNILEVER;DOVE;B;SUBIR PREÇO;1.663369272237144;23.14680111497351;3.932641509433999;16.99;0.0;0.0;13.057358490566;3.9326415094339993;23.14680111497351;🟢 Ganho Rápido;🟢 Baixa;Avaliar aumento de preço com baixo risco competitivo.;4
7891150095571;DOVE SH BOND INTENSE REPAIR 175GR;15.49;1;ZANOL E THOMAZ LTDA;Zanol e Thomaz;15.49;TRIANGULO DROGARIA LTDA;Triangulo;4.0;DOVE SH BOND INTENSE REPAIR 175GR;UNILEVER;DOVE;B;SUBIR PREÇO;0.2338095238095725;28.94340434689025;4.483333333333301;15.49;0.0;0.0;11.0066666666667;4.4833333333333005;28.943404346890254;🟢 Ganho Rápido;🟢 Baixa;Avaliar aumento de preço com baixo risco competitivo.;4
7891150095588;DOVE SH BOND INT REPAIR REG 350GR;22.99;1;ZANOL E THOMAZ LTDA;Zanol e Thomaz;22.99;TRIANGULO DROGARIA LTDA;Triangulo;4.0;DOVE SH BOND INT REPAIR REG 350GR;UNILEVER;DOVE;B;SUBIR PREÇO;1.134884792626714;26.54450041392476;6.1025806451613;22.99;0.0;0.0;16.8874193548387;6.1025806451613;26.544500413924755;🟢 Ganho Rápido;🟢 Baixa;Avaliar aumento de preço com baixo risco competitivo.;4
7891317003067;TAMISA 15 0,060+0,015MCG 28CPR;23.58;1;ZANOL E THOMAZ LTDA;Zanol e Thomaz;23.58;TRIANGULO DROGARIA LTDA;Triangulo;6.0;TAMISA 15 0,060+0,015MCG 28CPR;EUROFARMA;TAMISA;B;SUBIR PREÇO URGENTE;11.84063492063486;-5.150315710111974;-1.214444444444403;23.58;0.0;0.0;24.7944444444444;-1.2144444444444034;-5.150315710111974;🟢 Ganho Rápido;🟢 Baixa;Avaliar aumento de preço com baixo risco competitivo.;4
7891317009724;TAMISA 30 75+30MCG 63CPR;73.74;2;ZANOL E THOMAZ LTDA;Zanol e Thomaz;73.74;TRIANGULO DROGARIA LTDA;Triangulo;2.0;TAMISA 30 75+30MCG 63CPR;EUROFARMA;TAMISA;B;SUBIR PREÇO URGENTE;36.13142857142857;-4.298887984811502;-3.170000000000002;73.74;0.0;0.0;76.91;-3.1700000000000017;-4.298887984811502;🟢 Ganho Rápido;🟢 Baixa;Avaliar aumento de preço com baixo risco competitivo.;4
7891317029869;LARC 500MG 14CPR;43.51;2;ZANOL E THOMAZ LTDA;Zanol e Thomaz;43.51;TRIANGULO DROGARIA LTDA;Triangulo;4.0;LARC 500MG 14CPR;EUROFARMA;LARC;B;SUBIR PREÇO URGENTE;9.881071428571438;14.10307975178119;6.136249999999997;43.51;0.0;0.0;37.37375;6.136249999999997;14.103079751781195;🟢 Ganho Rápido;🟢 Baixa;Avaliar aumento de preço com baixo risco competitivo.;4
7891721026706;CONCOR HCT 5+12,5MG 30CPR;115.69;2;ZANOL E THOMAZ LTDA;Zanol e Thomaz;115.69;TRIANGULO DROGARIA LTDA;Triangulo;6.0;CONCOR HCT 5+12,5MG 30CPR;MERCK;CONCOR;B;SUBIR PREÇO;13.66714285714286;21.73048664534532;25.14;115.69;0.0;0.0;90.55;25.14;21.73048664534532;🟢 Ganho Rápido;🟢 Baixa;Avaliar aumento de preço com baixo risco competitivo.;4
7891800000641;CREMER ATADURA CYSNE 6X1,80CM;2.49;2;ZANOL E THOMAZ LTDA;Zanol e Thomaz;2.49;TRIANGULO DROGARIA LTDA;Triangulo;3.0;CREMER ATADURA CYSNE 6X1,80CM;CREMER S.A;CREMER;B;SUBIR PREÇO URGENTE;0.9242857142857144;4.016064257028116;0.1000000000000001;2.49;0.0;0.0;2.39;0.10000000000000009;4.016064257028116;🟢 Ganho Rápido;🟢 Baixa;Avaliar aumento de preço com baixo risco competitivo.;4
7891800000719;CREMER ATADURA CREPOM CYSNE 30CM X 1,80M;9.49;2;ZANOL E THOMAZ LTDA;Zanol e Thomaz;9.49;TRIANGULO DROGARIA LTDA;Triangulo;3.0;CREMER ATADURA CREPOM CYSNE 30CM X 1,80M;CREMER S.A;CREMER;C;SUBIR PREÇO URGENTE;57.33142857142857;-392.8872497365647;-37.285;9.49;0.0;0.0;46.775;-37.285;-392.88724973656474;🟢 Ganho Rápido;🟢 Baixa;Avaliar aumento de preço com baixo risco competitivo.;4
7891962053189;BAUDUCCO TORRADA TRADIC 142GR;5.99;1;ZANOL E THOMAZ LTDA;Zanol e Thomaz;5.99;TRIANGULO DROGARIA LTDA;Triangulo;4.0;TORRADA BAUDUCCO TRADICIONAL 142G;BAUDUCCO;BAUDUCCO;B;SUBIR PREÇO URGENTE;1.067142857142858;17.52921535893155;1.05;5.989999999999999;0.0;0.0;4.94;1.0499999999999998;17.52921535893155;🟢 Ganho Rápido;🟢 Baixa;Avaliar aumento de preço com baixo risco competitivo.;4
78923409;REXONA DES ROLL-ON ACTIVE 50ML;8.99;1;ZANOL E THOMAZ LTDA;Zanol e Thomaz;8.99;TRIANGULO DROGARIA LTDA;Triangulo;16.0;REXONA DES ROLL-ON ACTIVE 50ML;UNILEVER;REXONA;B;SUBIR PREÇO;0.2385714285714293;28.14238042269188;2.53;8.99;0.0;0.0;6.460000000000001;2.5299999999999994;28.142380422691872;🟢 Ganho Rápido;🟢 Baixa;Avaliar aumento de preço com baixo risco competitivo.;4
78923454;REXONA DES ROLL-ON V8 50ML;8.99;4;ZANOL E THOMAZ LTDA;Zanol e Thomaz;8.99;TRIANGULO DROGARIA LTDA;Triangulo;18.0;REXONA DES ROLL-ON V8 50ML;UNILEVER;REXONA;B;SUBIR PREÇO;0.2365306122449002;28.1582710948673;2.53142857142857;8.99;0.0;0.0;6.45857142857143;2.5314285714285703;28.1582710948673;🟢 Ganho Rápido;🟢 Baixa;Avaliar aumento de preço com baixo risco competitivo.;4
78924383;REXONA DES ROLL-ON S/PERFUME 50ML;8.99;1;ZANOL E THOMAZ LTDA;Zanol e Thomaz;8.99;TRIANGULO DROGARIA LTDA;Triangulo;1.0;REXONA DES ROLL-ON S/PERFUME 50ML;UNILEVER;REXONA;B;SUBIR PREÇO;0.2385714285714293;28.14238042269188;2.53;8.99;0.0;0.0;6.460000000000001;2.5299999999999994;28.142380422691872;🟢 Ganho Rápido;🟢 Baixa;Avaliar aumento de preço com baixo risco competitivo.;4
7892840822378;DORITOS DINAMITA FLAMINT HOT 60GR;5.49;2;ZANOL E THOMAZ LTDA;Zanol e Thomaz;5.49;TRIANGULO DROGARIA LTDA;Triangulo;15.0;DORITOS DINAMITA FLAMINT HOT 60GR;ELMA CHIPS;DORITOS;B;SUBIR PREÇO;0.4242857142857144;24.59016393442624;1.350000000000001;5.489999999999999;0.0;0.0;4.139999999999999;1.3500000000000014;24.590163934426254;🟢 Ganho Rápido;🟢 Baixa;Avaliar aumento de preço com baixo risco competitivo.;4
7892840823481;DORITOS DINAMITA PIMENTA MEX 60GR;4.99;2;ZANOL E THOMAZ LTDA;Zanol e Thomaz;4.99;TRIANGULO DROGARIA LTDA;Triangulo;15.0;DORITOS DINAMITA PIMENTA MEX 60GR;ELMA CHIPS;DORITOS;B;SUBIR PREÇO URGENTE;0.8671428571428565;17.83567134268538;0.8900000000000006;4.99;0.0;0.0;4.1;0.8900000000000006;17.83567134268538;🟢 Ganho Rápido;🟢 Baixa;Avaliar aumento de preço com baixo risco competitivo.;4
78929395;REXONA DES ROLL-ON XTRACOOL 50ML;8.99;2;ZANOL E THOMAZ LTDA;Zanol e Thomaz;8.99;TRIANGULO DROGARIA LTDA;Triangulo;4.0;REXONA DES ROLL-ON XTRACOOL 50ML;UNILEVER;REXONA;B;SUBIR PREÇO;0.2385714285714293;28.14238042269188;2.53;8.99;0.0;0.0;6.460000000000001;2.5299999999999994;28.142380422691872;🟢 Ganho Rápido;🟢 Baixa;Avaliar aumento de preço com baixo risco competitivo.;4
7894916500425;NEUTROFER FOLICO 150MG 30CPR;36.59;2;ZANOL E THOMAZ LTDA;Zanol e Thomaz;36.59;TRIANGULO DROGARIA LTDA;Triangulo;7.0;NEUTROFER FOLICO 150MG 30CPR;EMS;NEUTROFER FOLICO;B;SUBIR PREÇO URGENTE;18.18142857142858;-4.78272752118065;-1.75;36.59;0.0;0.0;38.34;-1.75;-4.78272752118065;🟢 Ganho Rápido;🟢 Baixa;Avaliar aumento de preço com baixo risco competitivo.;4
7894916500548;NEUTROFER 150 MG C/ 30 CP;27.89;2;ZANOL E THOMAZ LTDA;Zanol e Thomaz;27.89;TRIANGULO DROGARIA LTDA;Triangulo;12.0;NEUTROFER 150 MG C/ 30 CP;EMS;NEUTROFER;B;SUBIR PREÇO URGENTE;10.45338624338629;3.763462279059159;1.049629629629599;27.89;0.0;0.0;26.8403703703704;1.0496296296295995;3.763462279059159;🟢 Ganho Rápido;🟢 Baixa;Avaliar aumento de preço com baixo risco competitivo.;4
7894916505130;CECLOR 250MG SUSP 100ML;97.54;2;ZANOL E THOMAZ LTDA;Zanol e Thomaz;97.54;TRIANGULO DROGARIA LTDA;Triangulo;6.0;CECLOR 250MG SUSP 100ML;EMS;CECLOR;B;SUBIR PREÇO URGENTE;43.17428571428572;-0.984211605495175;-0.9599999999999937;97.54;0.0;0.0;98.5;-0.9599999999999937;-0.984211605495175;🟢 Ganho Rápido;🟢 Baixa;Avaliar aumento de preço com baixo risco competitivo.;4
7894916508520;PBM (P) CONCARDIO 10MG 30CPR;81.52;2;ZANOL E THOMAZ LTDA;Zanol e Thomaz;81.52;TRIANGULO DROGARIA LTDA;Triangulo;7.0;PBM (P) CONCARDIO 10MG 30CPR;EMS;CONCARDIO;B;SUBIR PREÇO URGENTE;30.38000000000001;3.913150147203138;3.189999999999998;81.52;0.0;0.0;78.33;3.1899999999999977;3.913150147203138;🟢 Ganho Rápido;🟢 Baixa;Avaliar aumento de preço com baixo risco competitivo.;4
7894916508940;BRAMICAR 80MG 30CPR;81.89;2;ZANOL E THOMAZ LTDA;Zanol e Thomaz;81.89;TRIANGULO DROGARIA LTDA;Triangulo;5.0;BRAMICAR 80MG 30CPR;EMS;BRAMICAR;B;SUBIR PREÇO URGENTE;26.42648351648357;7.410503771475767;6.068461538461506;81.89;0.0;0.0;75.8215384615385;6.068461538461506;7.410503771475767;🟢 Ganho Rápido;🟢 Baixa;Avaliar aumento de preço com baixo risco competitivo.;4
7894916510103;PBM (P) BRASART BCC 160+5MG 60CPR;144.1;5;ZANOL E THOMAZ LTDA;Zanol e Thomaz;144.1;TRIANGULO DROGARIA LTDA;Triangulo;7.0;PBM (P) BRASART BCC 160+5MG 60CPR;EMS;BRASART BCC;B;SUBIR PREÇO URGENTE;85.58571428571432;-11.57529493407356;-16.68000000000001;144.1;0.0;0.0;160.78;-16.680000000000007;-11.575294934073565;🟢 Ganho Rápido;🟢 Baixa;Avaliar aumento de preço com baixo risco competitivo.;4
7895800201503;TRIDENT MORANGO 8G;2.49;2;ZANOL E THOMAZ LTDA;Zanol e Thomaz;2.49;TRIANGULO DROGARIA LTDA;Triangulo;43.0;TRIDENT MORANGO 8G;ADAMS;TRIDENT;B;SUBIR PREÇO URGENTE;0.6385714285714283;12.04819277108435;0.3000000000000003;2.505;0.0;0.0;2.19;0.30000000000000027;12.048192771084347;🟢 Ganho Rápido;🟢 Baixa;Avaliar aumento de preço com baixo risco competitivo.;4
7895800304211;TRIDENT HORTELA 8G;2.49;6;ZANOL E THOMAZ LTDA;Zanol e Thomaz;2.49;TRIANGULO DROGARIA LTDA;Triangulo;66.0;TRIDENT HORTELA 8G;ADAMS;TRIDENT;B;SUBIR PREÇO;0.3385714285714285;20.48192771084338;0.5100000000000002;2.806923076923077;0.0;0.0;1.98;0.5100000000000002;20.48192771084338;🟢 Ganho Rápido;🟢 Baixa;Avaliar aumento de preço com baixo risco competitivo.;4
7895800304228;TRIDENT MENTA 8G;2.49;6;ZANOL E THOMAZ LTDA;Zanol e Thomaz;2.49;TRIANGULO DROGARIA LTDA;Triangulo;59.0;TRIDENT MENTA 8G;ADAMS;TRIDENT;B;SUBIR PREÇO;0.06714285714285717;28.11244979919679;0.7000000000000002;2.8205;0.0;0.0;1.79;0.7000000000000002;28.112449799196792;🟢 Ganho Rápido;🟢 Baixa;Avaliar aumento de preço com baixo risco competitivo.;4
7895800309780;TRIDENT MELANCIA 8G;2.49;6;ZANOL E THOMAZ LTDA;Zanol e Thomaz;2.49;TRIANGULO DROGARIA LTDA;Triangulo;69.0;TRIDENT MELANCIA 8G;ADAMS;TRIDENT;B;SUBIR PREÇO;0.06714285714285717;28.11244979919679;0.7000000000000002;2.665;0.0;0.0;1.79;0.7000000000000002;28.112449799196792;🟢 Ganho Rápido;🟢 Baixa;Avaliar aumento de preço com baixo risco competitivo.;4
7896004703411;AMOXICILINA+CLAV 500/125MG 18 CAPS EMS;74.99;3;ZANOL E THOMAZ LTDA;Zanol e Thomaz;74.99;TRIANGULO DROGARIA LTDA;Triangulo;12.0;AMOXICILINA+CLAV 500/125MG 18 CAPS EMS;EMS;AMOXICILINA + CLAV POTASSIO;B;SUBIR PREÇO;1.224285714285728;28.85718095746099;21.63999999999999;74.99;0.0;0.0;53.35000000000001;21.639999999999986;28.857180957460976;🟢 Ganho Rápido;🟢 Baixa;Avaliar aumento de preço com baixo risco competitivo.;4
7896004705323;SECNIDAZOL 900MG SUSP 30ML EMS;21.99;1;ZANOL E THOMAZ LTDA;Zanol e Thomaz;21.99;TRIANGULO DROGARIA LTDA;Triangulo;8.0;SECNIDAZOL 900MG SUSP 30ML EMS;EMS;SECNIDAZOL;B;SUBIR PREÇO URGENTE;7.945714285714288;4.70668485675307;1.035;21.99;0.0;0.0;20.955;1.0350000000000001;4.70668485675307;🟢 Ganho Rápido;🟢 Baixa;Avaliar aumento de preço com baixo risco competitivo.;4
7896004705347;SECNIDAZOL 450MG SUSP 15ML EMS;14.99;4;ZANOL E THOMAZ LTDA;Zanol e Thomaz;14.99;TRIANGULO DROGARIA LTDA;Triangulo;14.0;SECNIDAZOL 450MG SUSP 15ML EMS;EMS;SECNIDAZOL;B;SUBIR PREÇO URGENTE;6.042857142857146;1.781187458305534;0.2669999999999995;14.99;0.0;0.0;14.723;0.26699999999999946;1.7811874583055336;🟢 Ganho Rápido;🟢 Baixa;Avaliar aumento de preço com baixo risco competitivo.;4
7896004708706;ACETILCISTEINA 200MG 16ENV 5G EMS;26.99;6;ZANOL E THOMAZ LTDA;Zanol e Thomaz;26.99;TRIANGULO DROGARIA LTDA;Triangulo;4.0;ACETILCISTEINA 200MG 16ENV 5G EMS;EMS;ACETILCISTEINA;B;SUBIR PREÇO URGENTE;5.919523809523863;14.64740027170544;3.953333333333298;26.99;0.0;0.0;23.0366666666667;3.9533333333332976;14.647400271705438;🟢 Ganho Rápido;🟢 Baixa;Avaliar aumento de preço com baixo risco competitivo.;4
7896004712963;MESALAZINA 800MG 30CPR EMS;76.99;2;ZANOL E THOMAZ LTDA;Zanol e Thomaz;76.99;TRIANGULO DROGARIA LTDA;Triangulo;6.0;MESALAZINA 800MG 30CPR EMS;EMS;MESALAZINA;B;SUBIR PREÇO URGENTE;17.68142857142858;13.92388621898948;10.72;76.99;0.0;0.0;66.27;10.719999999999999;13.923886218989479;🟢 Ganho Rápido;🟢 Baixa;Avaliar aumento de preço com baixo risco competitivo.;4
7896004722337;PARACETAMOL+PSEUDO 500/30MG 24CPR EMS;13.82;2;ZANOL E THOMAZ LTDA;Zanol e Thomaz;13.82;TRIANGULO DROGARIA LTDA;Triangulo;4.0;PARACETAMOL+PSEUDO 500/30MG 24CPR EMS;EMS;PARACETAMOL + CLORID PSEUDOEFEDRINA;B;SUBIR PREÇO URGENTE;2.008571428571429;19.82633863965268;2.74;13.82;0.0;0.0;11.08;2.74;19.82633863965268;🟢 Ganho Rápido;🟢 Baixa;Avaliar aumento de preço com baixo risco competitivo.;4
7896006209195;SIMETICONA 75MG GTS 15 ML UNIAO QUIMICA;5.99;4;ZANOL E THOMAZ LTDA;Zanol e Thomaz;5.99;TRIANGULO DROGARIA LTDA;Triangulo;19.0;SIMETICONA 75MG GTS 15 ML UNIAO QUIMICA;UNIAO QUIMICA;SIMETICONA;B;SUBIR PREÇO URGENTE;1.406428571428572;13.56427378964941;0.8125;5.99;0.0;0.0;5.1775;0.8125;13.564273789649414;🟢 Ganho Rápido;🟢 Baixa;Avaliar aumento de preço com baixo risco competitivo.;4
7896006252856;CICLOVULAR INJ 150+10MG/ML 01 AMP;16.99;8;ZANOL E THOMAZ LTDA;Zanol e Thomaz;16.99;TRIANGULO DROGARIA LTDA;Triangulo;49.0;CICLOVULAR INJ 150+10MG/ML 01 AMP;UNIAO QUIMICA;CICLOVULAR;B;SUBIR PREÇO;1.450476190476145;24.02393564842083;4.081666666666699;16.99;0.0;0.0;12.9083333333333;4.081666666666699;24.02393564842083;🟢 Ganho Rápido;🟢 Baixa;Avaliar aumento de preço com baixo risco competitivo.;4
7896006259732;ACETILCISTEINA 100MG/ML INJ 5 AMP 3ML UNIAO;21.47;6;ZANOL E THOMAZ LTDA;Zanol e Thomaz;21.47;TRIANGULO DROGARIA LTDA;Triangulo;30.0;ACETILCISTEINA 100MG/ML INJ 5 AMP 3ML UNIAO;UNIAO QUIMICA;ACETILCISTEINA;B;SUBIR PREÇO URGENTE;5.415714285714287;12.34280391243595;2.649999999999999;21.47;0.0;0.0;18.82;2.6499999999999986;12.34280391243595;🟢 Ganho Rápido;🟢 Baixa;Avaliar aumento de preço com baixo risco competitivo.;4
7896006298137;BRITENS LC 10ML;105.45;2;ZANOL E THOMAZ LTDA;Zanol e Thomaz;105.45;TRIANGULO DROGARIA LTDA;Triangulo;1.0;BRITENS LC 10ML;GENOM;BRITENS;B;SUBIR PREÇO URGENTE;45.69285714285714;-0.3319108582266423;-0.3499999999999943;105.45;0.0;0.0;105.8;-0.3499999999999943;-0.3319108582266423;🟢 Ganho Rápido;🟢 Baixa;Avaliar aumento de preço com baixo risco competitivo.;4
7896006299615;XANTINON AFTER CITRUS 250ML;9.99;3;ZANOL E THOMAZ LTDA;Zanol e Thomaz;9.99;TRIANGULO DROGARIA LTDA;Triangulo;5.0;XANTINON AFTER CITRUS 250ML;UNIAO QUIMICA;XANTINON AFTER;C;SUBIR PREÇO URGENTE;3.16;7.85785785785786;0.7850000000000001;9.99;0.0;0.0;9.205;0.7850000000000001;7.8578578578578595;🟢 Ganho Rápido;🟢 Baixa;Avaliar aumento de preço com baixo risco competitivo.;4
7896006299622;XANTINON AFTER FRUTAS VERMELHAS 250ML;9.99;3;ZANOL E THOMAZ LTDA;Zanol e Thomaz;9.99;TRIANGULO DROGARIA LTDA;Triangulo;4.0;XANTINON AFTER FRUTAS VERMELHAS 250ML;UNIAO QUIMICA;XANTINON AFTER;C;SUBIR PREÇO URGENTE;3.16;7.85785785785786;0.7850000000000001;9.99;0.0;0.0;9.205;0.7850000000000001;7.8578578578578595;🟢 Ganho Rápido;🟢 Baixa;Avaliar aumento de preço com baixo risco competitivo.;4
7896006299721;XANTINON CAPSGEL 20CAPS;18.53;2;ZANOL E THOMAZ LTDA;Zanol e Thomaz;18.53;TRIANGULO DROGARIA LTDA;Triangulo;15.0;XANTINON CAPSGEL 20CAPS;UNIAO QUIMICA;XANTINON;B;SUBIR PREÇO;1.230714285714285;25.35078251484081;4.697500000000002;18.53;0.0;0.0;13.8325;4.697500000000002;25.35078251484081;🟢 Ganho Rápido;🟢 Baixa;Avaliar aumento de preço com baixo risco competitivo.;4
7896007542482;INTIMUS ABS PROT DIARIO DAYS S/PERF L40P35;12.49;1;ZANOL E THOMAZ LTDA;Zanol e Thomaz;12.49;TRIANGULO DROGARIA LTDA;Triangulo;3.0;INTIMUS ABS PROT DIARIO DAYS S/PERF L40P35;KIMBERLY CLARK;INTIMUS;B;SUBIR PREÇO URGENTE;2.499285714285715;15.99279423538831;1.9975;12.49;0.0;0.0;10.4925;1.9975000000000005;15.992794235388313;🟢 Ganho Rápido;🟢 Baixa;Avaliar aumento de preço com baixo risco competitivo.;4
7896007542499;INTIMUS ABS PROT DIARIO C/PERF L40P35;13.99;2;ZANOL E THOMAZ LTDA;Zanol e Thomaz;13.99;TRIANGULO DROGARIA LTDA;Triangulo;4.0;INTIMUS ABS PROT DIARIO C/PERF L40P35;KIMBERLY CLARK;INTIMUS;B;SUBIR PREÇO;0.5778571428571428;27.10864903502502;3.7925;13.99;0.0;0.0;10.1975;3.7925000000000004;27.108649035025024;🟢 Ganho Rápido;🟢 Baixa;Avaliar aumento de preço com baixo risco competitivo.;4
7896007547128;PLENITUD FRD GER PROT PLUS P/M C/8;34.99;2;ZANOL E THOMAZ LTDA;Zanol e Thomaz;34.99;TRIANGULO DROGARIA LTDA;Triangulo;11.0;PLENITUD FRD GER PROT PLUS P/M C/8;KIMBERLY CLARK;PLENITUD;B;SUBIR PREÇO URGENTE;9.917142857142856;10.16004572735068;3.555000000000003;34.99;0.0;0.0;31.435;3.5550000000000033;10.160045727350681;🟢 Ganho Rápido;🟢 Baixa;Avaliar aumento de preço com baixo risco competitivo.;4
7896007550036;PLENITUD FRD INCONT FEMME G/XG C/16;74.99;2;ZANOL E THOMAZ LTDA;Zanol e Thomaz;74.99;TRIANGULO DROGARIA LTDA;Triangulo;9.0;PLENITUD FRD INCONT FEMME G/XG C/16;KIMBERLY CLARK;PLENITUD;B;SUBIR PREÇO URGENTE;20.78857142857144;10.59474596612881;7.944999999999993;74.99;0.0;0.0;67.045;7.944999999999993;10.594745966128809;🟢 Ganho Rápido;🟢 Baixa;Avaliar aumento de preço com baixo risco competitivo.;4
7896007550050;PLENITUD FRD ACTIVE MULHER G/XG C/8;38.99;2;ZANOL E THOMAZ LTDA;Zanol e Thomaz;38.99;TRIANGULO DROGARIA LTDA;Triangulo;14.0;PLENITUD FRD ACTIVE MULHER G/XG C/8;KIMBERLY CLARK;PLENITUD;B;SUBIR PREÇO URGENTE;169.51;-274.326750448833;-106.96;38.99;0.0;0.0;145.95;-106.95999999999998;-274.32675044883297;🟢 Ganho Rápido;🟢 Baixa;Avaliar aumento de preço com baixo risco competitivo.;4
7896007550807;INTIMUS ABS DIA/NOITE ULTRAFINO C/ABAS C/14;17.99;1;ZANOL E THOMAZ LTDA;Zanol e Thomaz;17.99;TRIANGULO DROGARIA LTDA;Triangulo;4.0;INTIMUS ABS DIA/NOITE ULTRAFINO C/ABAS C/14;KIMBERLY CLARK;INTIMUS;B;SUBIR PREÇO;0.6492857142857176;27.47359644246804;4.942499999999999;17.99;0.0;0.0;13.0475;4.942499999999999;27.473596442468036;🟢 Ganho Rápido;🟢 Baixa;Avaliar aumento de preço com baixo risco competitivo.;4
7896007550883;INTIMUS ABS NOT SUAVE C/ABAS C/16;18.49;1;ZANOL E THOMAZ LTDA;Zanol e Thomaz;18.49;TRIANGULO DROGARIA LTDA;Triangulo;13.0;INTIMUS ABS NOT SUAVE C/ABAS C/16;KIMBERLY CLARK;INTIMUS;B;SUBIR PREÇO;0.1492857142857176;29.43482963764197;5.442499999999999;18.49;0.0;0.0;13.0475;5.442499999999999;29.43482963764197;🟢 Ganho Rápido;🟢 Baixa;Avaliar aumento de preço com baixo risco competitivo.;4
7896007550999;PLENITUD ABS INCONT FEMME NORMAL C/8;11.49;2;ZANOL E THOMAZ LTDA;Zanol e Thomaz;11.49;TRIANGULO DROGARIA LTDA;Triangulo;7.0;PLENITUD ABS INCONT FEMME NORMAL C/8;KIMBERLY CLARK;PLENITUD;C;SUBIR PREÇO URGENTE;4.417142857142858;3.089643167972154;0.3550000000000004;11.49;0.0;0.0;11.135;0.3550000000000004;3.0896431679721537;🟢 Ganho Rápido;🟢 Baixa;Avaliar aumento de preço com baixo risco competitivo.;4
7896007552924;INTIMUS ABS PROT DIARIO DAYS INDICAD TROCA C/15;7.99;4;ZANOL E THOMAZ LTDA;Zanol e Thomaz;7.99;TRIANGULO DROGARIA LTDA;Triangulo;3.0;INTIMUS ABS PROT DIARIO DAYS INDICAD TROCA C/15;KIMBERLY CLARK;INTIMUS;B;SUBIR PREÇO;0.4397619047618999;26.14726741760538;2.08916666666667;7.99;0.0;0.0;5.90083333333333;2.08916666666667;26.14726741760538;🟢 Ganho Rápido;🟢 Baixa;Avaliar aumento de preço com baixo risco competitivo.;4
7896007552948;INTIMUS ABS PROT DIARIO DAYS INDICAD TROCA C/80;25.99;2;ZANOL E THOMAZ LTDA;Zanol e Thomaz;25.99;TRIANGULO DROGARIA LTDA;Triangulo;1.0;INTIMUS ABS PROT DIARIO DAYS INDICAD TROCA C/80;KIMBERLY CLARK;INTIMUS;B;SUBIR PREÇO URGENTE;3.988571428571433;19.25740669488264;5.004999999999999;25.99;0.0;0.0;20.985;5.004999999999999;19.257406694882643;🟢 Ganho Rápido;🟢 Baixa;Avaliar aumento de preço com baixo risco competitivo.;4
7896007552955;PLENITUD FRD INCONT CLASS P/M C/8;34.99;2;ZANOL E THOMAZ LTDA;Zanol e Thomaz;34.99;TRIANGULO DROGARIA LTDA;Triangulo;4.0;PLENITUD FRD INCONT CLASS P/M C/8;KIMBERLY CLARK;PLENITUD;C;SUBIR PREÇO;4.631428571428572;20.73449557016291;7.255000000000003;34.99;0.0;0.0;27.735;7.255000000000003;20.73449557016291;🟢 Ganho Rápido;🟢 Baixa;Avaliar aumento de preço com baixo risco competitivo.;4
7896018700659;HUGGIES LENCO UMED CLASSIC TRADICIONAL C/48;17.99;2;ZANOL E THOMAZ LTDA;Zanol e Thomaz;17.99;TRIANGULO DROGARIA LTDA;Triangulo;2.0;HUGGIES LENCO UMED CLASSIC TRADICIONAL C/48;KIMBERLY CLARK;HUGGIES;B;SUBIR PREÇO URGENTE;3.107619047619004;17.90809709097664;3.221666666666698;18.115;0.0;0.0;14.7683333333333;3.2216666666666978;17.908097090976643;🟢 Ganho Rápido;🟢 Baixa;Avaliar aumento de preço com baixo risco competitivo.;4
7896018700789;HUGGIES SAB CAMOMILA 75G;4.99;2;ZANOL E THOMAZ LTDA;Zanol e Thomaz;4.99;TRIANGULO DROGARIA LTDA;Triangulo;8.0;HUGGIES SAB CAMOMILA 75G;KIMBERLY CLARK;HUGGIES;B;SUBIR PREÇO;0.4980952380952433;23.01269205076814;1.14833333333333;4.99;0.0;0.0;3.8416666666666703;1.1483333333333299;23.012692050768134;🟢 Ganho Rápido;🟢 Baixa;Avaliar aumento de preço com baixo risco competitivo.;4
7896018750821;HUGGIES KIDS CP CACHINHO PODER 360ML;19.49;2;ZANOL E THOMAZ LTDA;Zanol e Thomaz;19.49;TRIANGULO DROGARIA LTDA;Triangulo;5.0;HUGGIES KIDS CP CACHINHO PODER 360ML;KIMBERLY CLARK;HUGGIES;B;SUBIR PREÇO URGENTE;4.638571428571431;13.34017444843509;2.599999999999998;19.49;0.0;0.0;16.89;2.599999999999998;13.340174448435086;🟢 Ganho Rápido;🟢 Baixa;Avaliar aumento de preço com baixo risco competitivo.;4
7896018750838;HUGGIES KIDS SH BRILHO MAGICO 360ML;19.99;1;ZANOL E THOMAZ LTDA;Zanol e Thomaz;19.99;TRIANGULO DROGARIA LTDA;Triangulo;2.0;HUGGIES KIDS SH BRILHO MAGICO 360ML;KIMBERLY CLARK;HUGGIES;B;SUBIR PREÇO URGENTE;3.252857142857145;18.60930465232616;3.719999999999999;19.99;0.0;0.0;16.27;3.719999999999999;18.60930465232616;🟢 Ganho Rápido;🟢 Baixa;Avaliar aumento de preço com baixo risco competitivo.;4
7896018750883;HUGGIES KIDS CP NUTRICAO/FORCA 360ML;19.49;2;ZANOL E THOMAZ LTDA;Zanol e Thomaz;19.49;TRIANGULO DROGARIA LTDA;Triangulo;2.0;HUGGIES KIDS CP NUTRICAO/FORCA 360ML;KIMBERLY CLARK;HUGGIES;C;SUBIR PREÇO URGENTE;4.875476190476146;12.48931075765366;2.434166666666698;19.49;0.0;0.0;17.0558333333333;2.434166666666698;12.48931075765366;🟢 Ganho Rápido;🟢 Baixa;Avaliar aumento de preço com baixo risco competitivo.;4
7896019607636;LACTA BISC CHOC AMANDITA WAFER 200G;16.99;5;ZANOL E THOMAZ LTDA;Zanol e Thomaz;16.99;TRIANGULO DROGARIA LTDA;Triangulo;5.0;LACTA BISC CHOC AMANDITA WAFER 200G;LACTA;LACTA;B;SUBIR PREÇO URGENTE;4.424285714285716;11.77163037080635;1.999999999999998;16.99;0.0;0.0;14.99;1.9999999999999982;11.771630370806347;🟢 Ganho Rápido;🟢 Baixa;Avaliar aumento de preço com baixo risco competitivo.;4
7896044999935;GIOVANNA BABY SAB VEGETAL CHERRY 90G;4.49;4;ZANOL E THOMAZ LTDA;Zanol e Thomaz;4.49;TRIANGULO DROGARIA LTDA;Triangulo;6.0;GIOVANNA BABY SAB VEGETAL CHERRY 90G;NASHA INTERNATIONAL;GIOVANNA BABY;B;SUBIR PREÇO;0.009999999999999787;29.84409799554566;1.34;4.49;0.0;0.0;3.1500000000000004;1.3399999999999999;29.844097995545653;🟢 Ganho Rápido;🟢 Baixa;Avaliar aumento de preço com baixo risco competitivo.;4
7896049509955;HERBISSIMO DES CRM CARE COCO/VITAM C 55GR;9.99;1;ZANOL E THOMAZ LTDA;Zanol e Thomaz;9.99;TRIANGULO DROGARIA LTDA;Triangulo;10.0;HERBISSIMO DES CRM CARE COCO/VITAM C 55GR;DANA DO BRASIL;HERBISSIMO;B;SUBIR PREÇO URGENTE;1.709999999999999;18.01801801801803;1.800000000000001;9.99;0.0;0.0;8.19;1.8000000000000007;18.018018018018026;🟢 Ganho Rápido;🟢 Baixa;Avaliar aumento de preço com baixo risco competitivo.;4
7896090611508;SONRISAL TRADICIONAL ENV 10CPR EFERV;12.16;4;ZANOL E THOMAZ LTDA;Zanol e Thomaz;12.16;TRIANGULO DROGARIA LTDA;Triangulo;5.0;SONRISAL TRADICIONAL ENV 10CPR EFERV;HALEON;SONRISAL;B;SUBIR PREÇO URGENTE;3.982857142857146;7.072368421052627;0.8599999999999994;12.16;0.0;0.0;11.3;0.8599999999999994;7.072368421052627;🟢 Ganho Rápido;🟢 Baixa;Avaliar aumento de preço com baixo risco competitivo.;4
7896090611959;SONRIDOR RAPID +FORTE 10CPR;10.99;4;ZANOL E THOMAZ LTDA;Zanol e Thomaz;10.99;TRIANGULO DROGARIA LTDA;Triangulo;7.0;SONRIDOR RAPID +FORTE 10CPR;HALEON;SONRIDOR;B;SUBIR PREÇO;0.8885714285714279;24.34030937215651;2.675000000000001;10.99;0.0;0.0;8.315;2.6750000000000007;24.34030937215651;🟢 Ganho Rápido;🟢 Baixa;Avaliar aumento de preço com baixo risco competitivo.;4
7896094919396;LISADOR DIP 20ML;22.06;2;ZANOL E THOMAZ LTDA;Zanol e Thomaz;22.06;TRIANGULO DROGARIA LTDA;Triangulo;4.0;LISADOR DIP 20ML;HYPERA PP;LISADOR DIP;B;SUBIR PREÇO URGENTE;5.063809523809574;13.93170142036853;3.073333333333299;22.06;0.0;0.0;18.9866666666667;3.0733333333332986;13.931701420368533;🟢 Ganho Rápido;🟢 Baixa;Avaliar aumento de preço com baixo risco competitivo.;4
7896094919693;ENGOV AFTER CITRUS 250ML;9.99;4;ZANOL E THOMAZ LTDA;Zanol e Thomaz;9.99;TRIANGULO DROGARIA LTDA;Triangulo;15.0;ENGOV AFTER CITRUS 250ML;HYPERA CH;ENGOV AFTER;B;SUBIR PREÇO URGENTE;6.536190476190429;-15.79913246579879;-1.578333333333299;9.99;0.0;0.0;11.5683333333333;-1.5783333333332994;-15.799132465798793;🟢 Ganho Rápido;🟢 Baixa;Avaliar aumento de preço com baixo risco competitivo.;4
7896094919709;ENGOV AFTER TANGERINA 250ML;9.99;1;ZANOL E THOMAZ LTDA;Zanol e Thomaz;9.99;TRIANGULO DROGARIA LTDA;Triangulo;16.0;ENGOV AFTER TANGERINA 250ML;HYPERA CH;ENGOV AFTER;B;SUBIR PREÇO URGENTE;8.081428571428573;-26.62662662662662;-2.66;9.99;0.0;0.0;12.65;-2.66;-26.626626626626624;🟢 Ganho Rápido;🟢 Baixa;Avaliar aumento de preço com baixo risco competitivo.;4
7896094921351;ENGOV AFTER BERRY VIBES 250ML;9.99;3;ZANOL E THOMAZ LTDA;Zanol e Thomaz;9.99;TRIANGULO DROGARIA LTDA;Triangulo;16.0;ENGOV AFTER BERRY VIBES 250ML;HYPERA CH;ENGOV AFTER;B;SUBIR PREÇO URGENTE;4.992142857142859;-4.979979979979985;-0.4975000000000005;9.99;0.0;0.0;10.4875;-0.4975000000000005;-4.979979979979985;🟢 Ganho Rápido;🟢 Baixa;Avaliar aumento de preço com baixo risco competitivo.;4
7896094922068;DRAMIN CAPSGEL 25MG 10CAPS GEL;18.02;1;ZANOL E THOMAZ LTDA;Zanol e Thomaz;18.02;TRIANGULO DROGARIA LTDA;Triangulo;9.0;DRAMIN CAPSGEL 25MG 10CAPS GEL;HYPERA PP;DRAMIN;B;SUBIR PREÇO URGENTE;4.224047619047575;13.59137994820588;2.449166666666699;18.02;0.0;0.0;15.5708333333333;2.4491666666666987;13.591379948205876;🟢 Ganho Rápido;🟢 Baixa;Avaliar aumento de preço com baixo risco competitivo.;4
7896094927780;BENEGRIPE MULTI NOITE 12CPR;22.51;2;ZANOL E THOMAZ LTDA;Zanol e Thomaz;22.51;TRIANGULO DROGARIA LTDA;Triangulo;2.0;BENEGRIPE MULTI NOITE 12CPR;HYPERA CH;BENEGRIP;B;SUBIR PREÇO URGENTE;4.929849624060143;14.66950361242959;3.302105263157902;22.51;0.0;0.0;19.2078947368421;3.3021052631579018;14.669503612429594;🟢 Ganho Rápido;🟢 Baixa;Avaliar aumento de preço com baixo risco competitivo.;4
7896094927858;ESTOMAZIL  ABACAXI 100G POTE;22.08;2;ZANOL E THOMAZ LTDA;Zanol e Thomaz;22.08;TRIANGULO DROGARIA LTDA;Triangulo;2.0;ESTOMAZIL  ABACAXI 100G POTE;HYPERA CH;ESTOMAZIL;B;SUBIR PREÇO URGENTE;6.229523809523858;10.25060386473415;2.2633333333333;22.08;0.0;0.0;19.8166666666667;2.2633333333333;10.250603864734149;🟢 Ganho Rápido;🟢 Baixa;Avaliar aumento de preço com baixo risco competitivo.;4
7896094928343;ENGOV UP ORIGINAL 269ML;7.7;4;ZANOL E THOMAZ LTDA;Zanol e Thomaz;7.7;TRIANGULO DROGARIA LTDA;Triangulo;12.0;ENGOV UP ORIGINAL 269ML;HYPERA CH;ENGOV UP;B;SUBIR PREÇO URGENTE;5.485714285714287;-19.87012987012987;-1.53;7.876923076923077;0.0;0.0;9.23;-1.5300000000000002;-19.870129870129873;🟢 Ganho Rápido;🟢 Baixa;Avaliar aumento de preço com baixo risco competitivo.;4
7896094928350;ENGOV UP MOR E KIWI 269ML;7.7;3;ZANOL E THOMAZ LTDA;Zanol e Thomaz;7.7;TRIANGULO DROGARIA LTDA;Triangulo;3.0;ENGOV UP MOR E KIWI 269ML;HYPERA CH;ENGOV UP;B;SUBIR PREÇO URGENTE;2.871428571428573;3.896103896103894;0.2999999999999998;7.7;0.0;0.0;7.4;0.2999999999999998;3.896103896103894;🟢 Ganho Rápido;🟢 Baixa;Avaliar aumento de preço com baixo risco competitivo.;4
7896094929753;BUSCOFEM 200MG GIRLS 10CAPS;23.24;2;ZANOL E THOMAZ LTDA;Zanol e Thomaz;23.24;TRIANGULO DROGARIA LTDA;Triangulo;6.0;BUSCOFEM 200MG GIRLS 10CAPS;HYPERA CH;BUSCOFEM GIRLS;B;SUBIR PREÇO URGENTE;4.145714285714291;17.51290877796901;4.069999999999997;23.24;0.0;0.0;19.17;4.069999999999997;17.512908777969006;🟢 Ganho Rápido;🟢 Baixa;Avaliar aumento de preço com baixo risco competitivo.;4
7896094931664;ENGOV AFTER PINK LEMONADE 250ML;9.99;3;ZANOL E THOMAZ LTDA;Zanol e Thomaz;9.99;TRIANGULO DROGARIA LTDA;Triangulo;13.0;ENGOV AFTER PINK LEMONADE 250ML;HYPERA CH;ENGOV AFTER;B;SUBIR PREÇO URGENTE;7.667142857142858;-23.72372372372372;-2.369999999999999;9.99;0.0;0.0;12.36;-2.369999999999999;-23.723723723723715;🟢 Ganho Rápido;🟢 Baixa;Avaliar aumento de preço com baixo risco competitivo.;4
7896094999558;NEOSALDINA DIP 1G 10CPR;18.62;1;ZANOL E THOMAZ LTDA;Zanol e Thomaz;18.62;TRIANGULO DROGARIA LTDA;Triangulo;4.0;NEOSALDINA DIP 1G 10CPR;HYPERA CH;NEOSALDINA;B;SUBIR PREÇO;2.658571428571427;20.00537056928035;3.725000000000001;18.62;0.0;0.0;14.895;3.7250000000000014;20.005370569280352;🟢 Ganho Rápido;🟢 Baixa;Avaliar aumento de preço com baixo risco competitivo.;4
7896094999954;BUSCOFEM 400MG 20CAPS GEL;44.51;1;ZANOL E THOMAZ LTDA;Zanol e Thomaz;44.51;TRIANGULO DROGARIA LTDA;Triangulo;4.0;BUSCOFEM 400MG 20CAPS GEL;HYPERA CH;BUSCOFEM;B;SUBIR PREÇO URGENTE;10.8757142857143;12.89597843181306;5.739999999999995;44.51;0.0;0.0;38.77;5.739999999999995;12.895978431813065;🟢 Ganho Rápido;🟢 Baixa;Avaliar aumento de preço com baixo risco competitivo.;4
7896112402497;BHENA 10MG 30CPR;65.45;2;ZANOL E THOMAZ LTDA;Zanol e Thomaz;65.45;TRIANGULO DROGARIA LTDA;Triangulo;5.0;BHENA 10MG 30CPR;BIOLAB;BHENA;B;SUBIR PREÇO URGENTE;33.89025974025971;-6.246267101882039;-4.088181818181795;65.45;0.0;0.0;69.5381818181818;-4.088181818181795;-6.246267101882039;🟢 Ganho Rápido;🟢 Baixa;Avaliar aumento de preço com baixo risco competitivo.;4
7896148500297;FITOMELITO SPRAY  35ML FITO;16.49;2;ZANOL E THOMAZ LTDA;Zanol e Thomaz;16.49;TRIANGULO DROGARIA LTDA;Triangulo;10.0;FITOMELITO SPRAY  35ML FITO;FITOBEL;FITOMELITO;B;SUBIR PREÇO;0.1957142857142884;29.1691934505761;4.809999999999999;16.49;0.0;0.0;11.68;4.809999999999999;29.169193450576103;🟢 Ganho Rápido;🟢 Baixa;Avaliar aumento de preço com baixo risco competitivo.;4
7896150017202;YAMA AGUA OX CREM 20V 60ML;3.99;2;ZANOL E THOMAZ LTDA;Zanol e Thomaz;3.99;TRIANGULO DROGARIA LTDA;Triangulo;7.0;YAMA AGUA OX CREM 20V 60ML;YAMA;YAMA;C;SUBIR PREÇO URGENTE;47.29571428571428;-799.7493734335837;-31.91;3.99;0.0;0.0;35.9;-31.909999999999997;-799.7493734335837;🟢 Ganho Rápido;🟢 Baixa;Avaliar aumento de preço com baixo risco competitivo.;4
7896150017219;YAMA AGUA OX CREM 30V 60ML;3.99;3;ZANOL E THOMAZ LTDA;Zanol e Thomaz;3.99;TRIANGULO DROGARIA LTDA;Triangulo;10.0;YAMA AGUA OX CREM 30V 60ML;YAMA;YAMA;C;SUBIR PREÇO;0.152857142857143;27.31829573934838;1.09;3.99;0.0;0.0;2.9000000000000004;1.0899999999999999;27.318295739348365;🟢 Ganho Rápido;🟢 Baixa;Avaliar aumento de preço com baixo risco competitivo.;4
7896150017226;YAMA AGUA OXIG CREM 40V 60ML;3.99;1;ZANOL E THOMAZ LTDA;Zanol e Thomaz;3.99;TRIANGULO DROGARIA LTDA;Triangulo;2.0;YAMA AGUA OXIG CREM 40V 60ML;YAMA;YAMA;B;SUBIR PREÇO URGENTE;46.72428571428571;-789.7243107769423;-31.51;3.99;0.0;0.0;35.5;-31.509999999999998;-789.7243107769423;🟢 Ganho Rápido;🟢 Baixa;Avaliar aumento de preço com baixo risco competitivo.;4
7896181901631;CORDAREX 2,5MG 30CPR;30.6;2;ZANOL E THOMAZ LTDA;Zanol e Thomaz;30.6;TRIANGULO DROGARIA LTDA;Triangulo;10.0;CORDAREX 2,5MG 30CPR;ACHE;CORDAREX;B;SUBIR PREÇO URGENTE;10.543956043956;5.879839115133343;1.799230769230803;30.806;0.0;0.0;28.8007692307692;1.7992307692308032;5.879839115133343;🟢 Ganho Rápido;🟢 Baixa;Avaliar aumento de preço com baixo risco competitivo.;4
7896181905295;ALENIA 6/200MCG 60CAPS+INAL;117.56;4;ZANOL E THOMAZ LTDA;Zanol e Thomaz;117.56;TRIANGULO DROGARIA LTDA;Triangulo;3.0;ALENIA 6/200MCG 60CAPS+INAL;ACHE;ALENIA;B;SUBIR PREÇO;13.24476190476187;22.11353067936943;25.9966666666667;117.56;0.0;0.0;91.5633333333333;25.996666666666698;22.113530679369426;🟢 Ganho Rápido;🟢 Baixa;Avaliar aumento de preço com baixo risco competitivo.;4
7896222720856;LUFTAL 125MG 20CAPS GEL;43.65;1;ZANOL E THOMAZ LTDA;Zanol e Thomaz;43.65;TRIANGULO DROGARIA LTDA;Triangulo;2.0;LUFTAL 125MG 20CAPS GEL;RECKITT BENCKISER;LUFTAL;B;SUBIR PREÇO URGENTE;15.15;5.704467353951895;2.490000000000002;43.65;0.0;0.0;41.16;2.490000000000002;5.704467353951895;🟢 Ganho Rápido;🟢 Baixa;Avaliar aumento de preço com baixo risco competitivo.;4
7896227620144;COTTONBABY ALGODAO ROLO 50GR;6.49;2;ZANOL E THOMAZ LTDA;Zanol e Thomaz;6.49;TRIANGULO DROGARIA LTDA;Triangulo;7.0;COTTONBABY ALGODAO ROLO 50GR;HIGIPLUS;COTTONBABY;C;SUBIR PREÇO URGENTE;77.36714285714287;-804.4684129429893;-52.21;6.49;0.0;0.0;58.7;-52.21;-804.4684129429893;🟢 Ganho Rápido;🟢 Baixa;Avaliar aumento de preço com baixo risco competitivo.;4
7896227620151;COTTONBABY ALGODAO ROLO 25GR;3.49;2;ZANOL E THOMAZ LTDA;Zanol e Thomaz;3.49;TRIANGULO DROGARIA LTDA;Triangulo;10.0;COTTONBABY ALGODAO ROLO 25GR;HIGIPLUS;COTTONBABY;C;SUBIR PREÇO URGENTE;70.51;-1384.240687679083;-48.31;3.490000000000001;0.0;0.0;51.800000000000004;-48.31;-1384.240687679083;🟢 Ganho Rápido;🟢 Baixa;Avaliar aumento de preço com baixo risco competitivo.;4
7896227650127;COTTONBABY ABS LADY NOTURNO C/8UN;5.49;2;ZANOL E THOMAZ LTDA;Zanol e Thomaz;5.49;TRIANGULO DROGARIA LTDA;Triangulo;13.0;COTTONBABY ABS LADY NOTURNO C/8UN;HIGIPLUS;COTTONBABY;B;SUBIR PREÇO;0.652857142857143;21.67577413479053;1.19;5.49;0.0;0.0;4.300000000000001;1.1899999999999995;21.67577413479052;🟢 Ganho Rápido;🟢 Baixa;Avaliar aumento de preço com baixo risco competitivo.;4
7896227690352;COTTONBABY SAB LIQ SNOOPY CAMOMILA 200ML;12.99;2;ZANOL E THOMAZ LTDA;Zanol e Thomaz;12.99;TRIANGULO DROGARIA LTDA;Triangulo;2.0;COTTONBABY SAB LIQ SNOOPY CAMOMILA 200ML;ATIVOS NATURAIS;SNOOPY;C;SUBIR PREÇO;0.1385714285714279;29.25327174749808;3.800000000000001;12.99;0.0;0.0;9.19;3.8000000000000007;29.253271747498083;🟢 Ganho Rápido;🟢 Baixa;Avaliar aumento de preço com baixo risco competitivo.;4
7896227690864;COTTONBABY COL SNOOPY BABY 100ML;12.49;2;ZANOL E THOMAZ LTDA;Zanol e Thomaz;12.49;TRIANGULO DROGARIA LTDA;Triangulo;14.0;COTTONBABY COL SNOOPY BABY 100ML;HIGIPLUS;COTTONBABY;B;SUBIR PREÇO;0.09571428571428697;29.46357085668534;3.68;12.49;0.0;0.0;8.81;3.6799999999999997;29.463570856685344;🟢 Ganho Rápido;🟢 Baixa;Avaliar aumento de preço com baixo risco competitivo.;4
7896229910724;NATUHAIR CP CACHOS E TUDO DE BOM 1KG;20.99;1;ZANOL E THOMAZ LTDA;Zanol e Thomaz;20.99;TRIANGULO DROGARIA LTDA;Triangulo;2.0;NATUHAIR CP CACHOS E TUDO DE BOM 1KG;BIOSENSE;NATUHAIR;C;SUBIR PREÇO URGENTE;3.281428571428574;19.05669366364936;4.0;20.99;0.0;0.0;16.99;4.0;19.05669366364936;🟢 Ganho Rápido;🟢 Baixa;Avaliar aumento de preço com baixo risco competitivo.;4
7896229910793;NATUHAIR CP OLEO DE RICINO 1KG;20.99;1;ZANOL E THOMAZ LTDA;Zanol e Thomaz;20.99;TRIANGULO DROGARIA LTDA;Triangulo;2.0;NATUHAIR CP OLEO DE RICINO 1KG;BIOSENSE;NATUHAIR;C;SUBIR PREÇO URGENTE;3.281428571428574;19.05669366364936;4.0;20.99;0.0;0.0;16.99;4.0;19.05669366364936;🟢 Ganho Rápido;🟢 Baixa;Avaliar aumento de preço com baixo risco competitivo.;4
7896229935512;NATUHAIR CP CRESCIMENTO QUE EU QUERO 1KG;20.99;3;ZANOL E THOMAZ LTDA;Zanol e Thomaz;20.99;TRIANGULO DROGARIA LTDA;Triangulo;3.0;NATUHAIR CP CRESCIMENTO QUE EU QUERO 1KG;BIOSENSE;NATUHAIR;C;SUBIR PREÇO URGENTE;3.067142857142859;19.7713196760362;4.149999999999999;20.99;0.0;0.0;16.84;4.149999999999999;19.771319676036203;🟢 Ganho Rápido;🟢 Baixa;Avaliar aumento de preço com baixo risco competitivo.;4
7896229943555;NATUHAIR REP PONTAS OLEO DE ABCATE 30ML;8.49;2;ZANOL E THOMAZ LTDA;Zanol e Thomaz;8.49;TRIANGULO DROGARIA LTDA;Triangulo;10.0;NATUHAIR REP PONTAS OLEO DE ABCATE 30ML;BIOSENSE;NATUHAIR;C;SUBIR PREÇO;0.1099999999999994;29.09305064782097;2.470000000000001;8.49;0.0;0.0;6.02;2.4700000000000006;29.093050647820974;🟢 Ganho Rápido;🟢 Baixa;Avaliar aumento de preço com baixo risco competitivo.;4
7896229945092;NATUHAIR REP PONTAS KIDS 30ML;8.99;1;ZANOL E THOMAZ LTDA;Zanol e Thomaz;8.99;TRIANGULO DROGARIA LTDA;Triangulo;9.0;NATUHAIR REP PONTAS KIDS 30ML;BIOSENSE;NATUHAIR;C;SUBIR PREÇO;0.05285714285714249;29.58843159065628;2.66;8.99;0.0;0.0;6.33;2.66;29.588431590656285;🟢 Ganho Rápido;🟢 Baixa;Avaliar aumento de preço com baixo risco competitivo.;4
7896229962914;NATUHAIR AMPOLA CRESCIMENTO 10ML;1.99;3;ZANOL E THOMAZ LTDA;Zanol e Thomaz;1.99;TRIANGULO DROGARIA LTDA;Triangulo;14.0;NATUHAIR AMPOLA CRESCIMENTO 10ML;BIOSENSE;NATUHAIR;C;SUBIR PREÇO;0.08142857142857163;27.1356783919598;0.54;1.99;0.0;0.0;1.45;0.54;27.1356783919598;🟢 Ganho Rápido;🟢 Baixa;Avaliar aumento de preço com baixo risco competitivo.;4
7896229963157;NATUHAIR AMPOLA CAP ALECRIM 10ML;1.99;6;ZANOL E THOMAZ LTDA;Zanol e Thomaz;1.99;TRIANGULO DROGARIA LTDA;Triangulo;8.0;NATUHAIR AMPOLA CAP ALECRIM 10ML;BIOSENSE;NATUHAIR;C;SUBIR PREÇO;0.08142857142857163;27.1356783919598;0.54;1.99;0.0;0.0;1.45;0.54;27.1356783919598;🟢 Ganho Rápido;🟢 Baixa;Avaliar aumento de preço com baixo risco competitivo.;4
7896229988662;NATUHAIR PERFUME CAPILAR TRATMAIS 60ML;13.99;3;ZANOL E THOMAZ LTDA;Zanol e Thomaz;13.99;TRIANGULO DROGARIA LTDA;Triangulo;6.0;NATUHAIR PERFUME CAPILAR TRATMAIS 60ML;BIOSENSE;NATUHAIR;C;SUBIR PREÇO URGENTE;4.024285714285716;9.864188706218734;1.380000000000001;13.99;0.0;0.0;12.61;1.3800000000000008;9.864188706218734;🟢 Ganho Rápido;🟢 Baixa;Avaliar aumento de preço com baixo risco competitivo.;4
7896235354208;MONANGE DES AERO ESPORTE 90GR;8.99;3;ZANOL E THOMAZ LTDA;Zanol e Thomaz;8.99;TRIANGULO DROGARIA LTDA;Triangulo;12.0;MONANGE DES AERO ESPORTE 90GR;COTY;MONANGE;B;SUBIR PREÇO;0.281428571428572;27.80867630700779;2.5;8.99;0.0;0.0;6.49;2.5;27.808676307007786;🟢 Ganho Rápido;🟢 Baixa;Avaliar aumento de preço com baixo risco competitivo.;4
7896235354307;MONANGE LOC HID OLEO DE ABACATE 50GR;14.99;3;ZANOL E THOMAZ LTDA;Zanol e Thomaz;14.99;TRIANGULO DROGARIA LTDA;Triangulo;2.0;MONANGE LOC HID OLEO DE ABACATE 50GR;COTY;MONANGE;C;SUBIR PREÇO;0.5099999999999998;27.6184122748499;4.140000000000001;14.99;0.0;0.0;10.85;4.140000000000001;27.618412274849902;🟢 Ganho Rápido;🟢 Baixa;Avaliar aumento de preço com baixo risco competitivo.;4
7896261013490;CATAFLAM 50MG 10DRG;21.85;4;ZANOL E THOMAZ LTDA;Zanol e Thomaz;21.85;TRIANGULO DROGARIA LTDA;Triangulo;13.0;CATAFLAM 50MG 10DRG;NOVARTIS;CATAFLAM;B;SUBIR PREÇO URGENTE;9.864285714285714;-1.601830663615551;-0.3499999999999979;21.85;0.0;0.0;22.2;-0.34999999999999787;-1.6018306636155506;🟢 Ganho Rápido;🟢 Baixa;Avaliar aumento de preço com baixo risco competitivo.;4
7896512900050;GRANADO SAB COCO 100G;8.49;5;ZANOL E THOMAZ LTDA;Zanol e Thomaz;8.49;TRIANGULO DROGARIA LTDA;Triangulo;14.0;GRANADO SAB COCO 100G;GRANADO;GRANADO;B;SUBIR PREÇO;0.6814285714285724;24.38162544169612;2.07;8.49;0.0;0.0;6.42;2.0700000000000003;24.381625441696116;🟢 Ganho Rápido;🟢 Baixa;Avaliar aumento de preço com baixo risco competitivo.;4
7896512921369;GRANADO BEBE LENCO UMED C/50;13.99;3;ZANOL E THOMAZ LTDA;Zanol e Thomaz;13.99;TRIANGULO DROGARIA LTDA;Triangulo;46.0;GRANADO BEBE LENCO UMED C/50;GRANADO;GRANADO BEBE;B;SUBIR PREÇO;0.02165413533834482;29.89165193183102;4.18184210526316;13.99;0.0;0.0;9.80815789473684;4.18184210526316;29.89165193183102;🟢 Ganho Rápido;🟢 Baixa;Avaliar aumento de preço com baixo risco competitivo.;4
7896512922458;GRANADO SAB LIQ TERRAPEUTICS LAVANDA 300ML;26.99;1;ZANOL E THOMAZ LTDA;Zanol e Thomaz;26.99;TRIANGULO DROGARIA LTDA;Triangulo;3.0;GRANADO SAB LIQ TERRAPEUTICS LAVANDA 300ML;GRANADO;PHEBO;C;SUBIR PREÇO;2.010000000000005;24.78695813264171;6.689999999999998;26.99;0.0;0.0;20.3;6.689999999999998;24.78695813264171;🟢 Ganho Rápido;🟢 Baixa;Avaliar aumento de preço com baixo risco competitivo.;4
7896512927606;GRANADO BEBE LENCO UMED LAVANDA C/50;13.99;1;ZANOL E THOMAZ LTDA;Zanol e Thomaz;13.99;TRIANGULO DROGARIA LTDA;Triangulo;39.0;GRANADO BEBE LENCO UMED LAVANDA C/50;GRANADO;GRANADO BEBE;B;SUBIR PREÇO;0.0119047619047592;29.94043364307841;4.18866666666667;13.99;0.0;0.0;9.80133333333333;4.18866666666667;29.940433643078414;🟢 Ganho Rápido;🟢 Baixa;Avaliar aumento de preço com baixo risco competitivo.;4
7896523201498;K-MED ICE FR 200G;26.99;2;ZANOL E THOMAZ LTDA;Zanol e Thomaz;26.99;TRIANGULO DROGARIA LTDA;Triangulo;11.0;K-MED ICE FR 200G;CIMED;K-MED;B;SUBIR PREÇO;1.281428571428574;26.67654686921082;7.199999999999999;26.99;0.0;0.0;19.79;7.199999999999999;26.676546869210817;🟢 Ganho Rápido;🟢 Baixa;Avaliar aumento de preço com baixo risco competitivo.;4
7896523214306;K-MED HOT GEL 200G;26.99;4;ZANOL E THOMAZ LTDA;Zanol e Thomaz;26.99;TRIANGULO DROGARIA LTDA;Triangulo;7.0;K-MED HOT GEL 200G;CIMED;K-MED;B;SUBIR PREÇO;0.8100000000000058;27.89922193404964;7.529999999999998;26.99;0.0;0.0;19.46;7.529999999999998;27.89922193404964;🟢 Ganho Rápido;🟢 Baixa;Avaliar aumento de preço com baixo risco competitivo.;4
7896523228136;K-MED 2 EM 1 LGBTQIA GEL FR 203G;26.99;1;ZANOL E THOMAZ LTDA;Zanol e Thomaz;26.99;TRIANGULO DROGARIA LTDA;Triangulo;14.0;K-MED 2 EM 1 LGBTQIA GEL FR 203G;CIMED;K-MED;B;SUBIR PREÇO;1.281428571428574;26.67654686921082;7.199999999999999;26.99;0.0;0.0;19.79;7.199999999999999;26.676546869210817;🟢 Ganho Rápido;🟢 Baixa;Avaliar aumento de preço com baixo risco competitivo.;4
7896523228365;K-MED HOT GEL 50G;16.99;3;ZANOL E THOMAZ LTDA;Zanol e Thomaz;16.99;TRIANGULO DROGARIA LTDA;Triangulo;15.0;K-MED HOT GEL 50G;CIMED;K-MED;B;SUBIR PREÇO;0.1385714285714315;29.42907592701588;4.999999999999998;16.99;0.0;0.0;11.99;4.999999999999998;29.429075927015884;🟢 Ganho Rápido;🟢 Baixa;Avaliar aumento de preço com baixo risco competitivo.;4
7896544900011;FITA MICROPOROSA MISSNER 1.2 CM X 4.5 M;3.99;2;ZANOL E THOMAZ LTDA;Zanol e Thomaz;3.99;TRIANGULO DROGARIA LTDA;Triangulo;7.0;FITA MICROPOROSA MISSNER 1.2 CM X 4.5 M;MISSNER;MISSNER;B;SUBIR PREÇO;0.4338095238095283;22.38930659983284;0.8933333333333304;3.99;0.0;0.0;3.09666666666667;0.8933333333333304;22.389306599832842;🟢 Ganho Rápido;🟢 Baixa;Avaliar aumento de preço com baixo risco competitivo.;4
7896544900103;FITA MICROPOROSA MISSNER 2,5 X 0,90 M;2.99;2;ZANOL E THOMAZ LTDA;Zanol e Thomaz;2.99;TRIANGULO DROGARIA LTDA;Triangulo;10.0;FITA MICROPOROSA MISSNER 2,5 X 0,90 M;MISSNER;MISSNER;B;SUBIR PREÇO URGENTE;39.42428571428572;-892.9765886287626;-26.7;2.99;0.0;0.0;29.689999999999998;-26.699999999999996;-892.9765886287622;🟢 Ganho Rápido;🟢 Baixa;Avaliar aumento de preço com baixo risco competitivo.;4
7896544900158;FITA MICROPOROSA MISSNER 10 CM X 4,5 M;11.99;2;ZANOL E THOMAZ LTDA;Zanol e Thomaz;11.99;TRIANGULO DROGARIA LTDA;Triangulo;6.0;FITA MICROPOROSA MISSNER 10 CM X 4,5 M;MISSNER;MISSNER;B;SUBIR PREÇO URGENTE;4.128154761904716;5.899013066444538;0.7072916666667002;11.99;0.0;0.0;11.2827083333333;0.7072916666667002;5.899013066444538;🟢 Ganho Rápido;🟢 Baixa;Avaliar aumento de preço com baixo risco competitivo.;4
7896637022446;FLANCOX 400MG 20CPR;48.54;2;ZANOL E THOMAZ LTDA;Zanol e Thomaz;48.54;TRIANGULO DROGARIA LTDA;Triangulo;4.0;FLANCOX 400MG 20CPR;APSEN;FLANCOX;B;SUBIR PREÇO URGENTE;24.71714285714287;-5.644829007004536;-2.740000000000002;48.54;0.0;0.0;51.28;-2.740000000000002;-5.644829007004536;🟢 Ganho Rápido;🟢 Baixa;Avaliar aumento de preço com baixo risco competitivo.;4
7896637023146;FLANCOX 300MG 14CPR;25.44;2;ZANOL E THOMAZ LTDA;Zanol e Thomaz;25.44;TRIANGULO DROGARIA LTDA;Triangulo;3.0;FLANCOX 300MG 14CPR;APSEN;FLANCOX;B;SUBIR PREÇO URGENTE;12.95285714285714;-5.640723270440247;-1.434999999999999;25.44;0.0;0.0;26.875;-1.4349999999999987;-5.640723270440247;🟢 Ganho Rápido;🟢 Baixa;Avaliar aumento de preço com baixo risco competitivo.;4
7896658000379;FAMOX 20MG 10 CP;27.29;1;ZANOL E THOMAZ LTDA;Zanol e Thomaz;27.29;TRIANGULO DROGARIA LTDA;Triangulo;2.0;FAMOX 20MG 10 CP;ACHE;FAMOX;C;SUBIR PREÇO;3.224285714285717;21.72957127152803;5.93;27.29;0.0;0.0;21.36;5.93;21.72957127152803;🟢 Ganho Rápido;🟢 Baixa;Avaliar aumento de preço com baixo risco competitivo.;4
7896658000393;FAMOX 40MG 10 CP;43.6;1;ZANOL E THOMAZ LTDA;Zanol e Thomaz;43.6;TRIANGULO DROGARIA LTDA;Triangulo;3.0;FAMOX 40MG 10 CP;ACHE;FAMOX;B;SUBIR PREÇO URGENTE;14.77142857142857;6.284403669724775;2.740000000000002;43.6;0.0;0.0;40.86;2.740000000000002;6.284403669724775;🟢 Ganho Rápido;🟢 Baixa;Avaliar aumento de preço com baixo risco competitivo.;4
7896658008740;LEVOID 25MCG 30 CP;14.57;1;ZANOL E THOMAZ LTDA;Zanol e Thomaz;14.57;TRIANGULO DROGARIA LTDA;Triangulo;7.0;LEVOID 25MCG 30 CP;ACHE;LEVOID;B;SUBIR PREÇO URGENTE;6.172857142857143;0.3431708991077606;0.05000000000000071;14.57;0.0;0.0;14.52;0.05000000000000071;0.34317089910776055;🟢 Ganho Rápido;🟢 Baixa;Avaliar aumento de preço com baixo risco competitivo.;4
7896658008764;LEVOID 50MCG 30 CP;16.32;4;ZANOL E THOMAZ LTDA;Zanol e Thomaz;16.32;TRIANGULO DROGARIA LTDA;Triangulo;8.0;LEVOID 50MCG 30 CP;ACHE;LEVOID;B;SUBIR PREÇO URGENTE;6.93;0.2757352941176575;0.04500000000000171;16.32;0.0;0.0;16.275;0.045000000000001705;0.27573529411765746;🟢 Ganho Rápido;🟢 Baixa;Avaliar aumento de preço com baixo risco competitivo.;4
7896658018763;BRAVAN HCT 160+12,5MG 30CPR;64.6;4;ZANOL E THOMAZ LTDA;Zanol e Thomaz;64.6;TRIANGULO DROGARIA LTDA;Triangulo;22.0;BRAVAN HCT 160+12,5MG 30CPR;ACHE;BRAVAN HCT;B;SUBIR PREÇO URGENTE;29.82857142857144;-2.321981424148607;-1.5;64.6;0.0;0.0;66.1;-1.5;-2.321981424148607;🟢 Ganho Rápido;🟢 Baixa;Avaliar aumento de preço com baixo risco competitivo.;4
7896658030345;BETADINE XR 32MG 30 CP;51.06;2;ZANOL E THOMAZ LTDA;Zanol e Thomaz;51.06;TRIANGULO DROGARIA LTDA;Triangulo;9.0;BETADINE XR 32MG 30 CP;ACHE;BETADINE XR;B;SUBIR PREÇO URGENTE;23.63714285714285;-2.405013709361524;-1.227999999999994;51.06;0.0;0.0;52.288;-1.2279999999999944;-2.4050137093615245;🟢 Ganho Rápido;🟢 Baixa;Avaliar aumento de preço com baixo risco competitivo.;4
7896658048258;FAMOX 8MG/ML SUSP ORAL 50ML;83.6;1;ZANOL E THOMAZ LTDA;Zanol e Thomaz;83.6;TRIANGULO DROGARIA LTDA;Triangulo;15.0;FAMOX 8MG/ML SUSP ORAL 50ML;ACHE;FAMOX;B;SUBIR PREÇO URGENTE;32.12857142857145;3.098086124401901;2.589999999999989;83.6;0.0;0.0;81.01;2.589999999999989;3.098086124401901;🟢 Ganho Rápido;🟢 Baixa;Avaliar aumento de preço com baixo risco competitivo.;4
7896685301654;FLORAX SM ADT 5FLAC 5ML;42.9;2;ZANOL E THOMAZ LTDA;Zanol e Thomaz;42.9;TRIANGULO DROGARIA LTDA;Triangulo;14.0;FLORAX SM ADT 5FLAC 5ML;HEBRON;FLORAX SM;B;SUBIR PREÇO URGENTE;14.81428571428572;5.827505827505828;2.5;42.9;0.0;0.0;40.4;2.5;5.827505827505828;🟢 Ganho Rápido;🟢 Baixa;Avaliar aumento de preço com baixo risco competitivo.;4
7896685303290;FLORAX SM ADT UVA 5FLAC 5ML;42.9;6;ZANOL E THOMAZ LTDA;Zanol e Thomaz;42.9;TRIANGULO DROGARIA LTDA;Triangulo;28.0;FLORAX SM ADT UVA 5FLAC 5ML;HEBRON;FLORAX SM;B;SUBIR PREÇO URGENTE;9.282836587872573;14.85318039274871;6.372014388489198;42.9;0.0;0.0;36.5279856115108;6.372014388489198;14.853180392748714;🟢 Ganho Rápido;🟢 Baixa;Avaliar aumento de preço com baixo risco competitivo.;4
7896685303559;FLORAX SM ATB ADT 10FLAC 5ML;66.49;4;ZANOL E THOMAZ LTDA;Zanol e Thomaz;66.49;TRIANGULO DROGARIA LTDA;Triangulo;2.0;FLORAX SM ATB ADT 10FLAC 5ML;HEBRON;FLORAX SM;B;SUBIR PREÇO URGENTE;17.48142857142858;11.59572868100465;7.709999999999994;66.49;0.0;0.0;58.78;7.709999999999994;11.595728681004653;🟢 Ganho Rápido;🟢 Baixa;Avaliar aumento de preço com baixo risco competitivo.;4
7896685303566;FLORAX SM ATB PED 10FLAC 5ML;51.36;4;ZANOL E THOMAZ LTDA;Zanol e Thomaz;51.36;TRIANGULO DROGARIA LTDA;Triangulo;12.0;FLORAX SM ATB PED 10FLAC 5ML;HEBRON;FLORAX;B;SUBIR PREÇO URGENTE;13.5;11.60046728971962;5.957999999999998;51.36;0.0;0.0;45.402;5.957999999999998;11.600467289719624;🟢 Ganho Rápido;🟢 Baixa;Avaliar aumento de preço com baixo risco competitivo.;4
7896685303863;KRONEL 80ML SAB LIQ;14.24;6;ZANOL E THOMAZ LTDA;Zanol e Thomaz;14.24;TRIANGULO DROGARIA LTDA;Triangulo;37.0;KRONEL 80ML SAB LIQ;HEBRON;KRONEL;B;SUBIR PREÇO URGENTE;3.945267857142857;10.60612710674157;1.5103125;14.24;0.0;0.0;12.7296875;1.5103124999999995;10.60612710674157;🟢 Ganho Rápido;🟢 Baixa;Avaliar aumento de preço com baixo risco competitivo.;4
7896685304945;IMUNOGLUCAN PRO ORAL 150ML;116.04;2;ZANOL E THOMAZ LTDA;Zanol e Thomaz;116.04;TRIANGULO DROGARIA LTDA;Triangulo;5.0;IMUNOGLUCAN PRO ORAL 150ML;HEBRON;IMUNOGLUCAN PRO;B;SUBIR PREÇO;13.99021978021985;21.5605361546416;25.01884615384611;116.04;0.0;0.0;91.0211538461539;25.018846153846113;21.5605361546416;🟢 Ganho Rápido;🟢 Baixa;Avaliar aumento de preço com baixo risco competitivo.;4
7896714223131;MESALAZINA 800MG 30CPR NEO;74.99;2;ZANOL E THOMAZ LTDA;Zanol e Thomaz;74.99;TRIANGULO DROGARIA LTDA;Triangulo;3.0;MESALAZINA 800MG 30CPR NEO;NEO QUIMICA;MESALAZINA;B;SUBIR PREÇO URGENTE;25.02428571428574;6.640885451393507;4.97999999999999;74.99;0.0;0.0;70.01;4.97999999999999;6.6408854513935065;🟢 Ganho Rápido;🟢 Baixa;Avaliar aumento de preço com baixo risco competitivo.;4
7896714270913;ORLISTATE 120MG 30CPR NEO;76.99;2;ZANOL E THOMAZ LTDA;Zanol e Thomaz;76.99;TRIANGULO DROGARIA LTDA;Triangulo;1.0;ORLISTATE 120MG 30CPR NEO;NEO QUIMICA;ORLISTATE;B;SUBIR PREÇO;9.077857142857155;21.74633069229769;16.74249999999999;76.99;0.0;0.0;60.2475;16.742499999999993;21.746330692297693;🟢 Ganho Rápido;🟢 Baixa;Avaliar aumento de preço com baixo risco competitivo.;4
7896862960261;GASTROGEL FRESH SUSP ORAL 240ML;27.99;2;ZANOL E THOMAZ LTDA;Zanol e Thomaz;27.99;TRIANGULO DROGARIA LTDA;Triangulo;5.0;GASTROGEL FRESH SUSP ORAL 240ML;MEDQUIMICA;GASTROGEL;B;SUBIR PREÇO;2.02028571428572;24.94748124330117;6.982799999999997;27.99;0.0;0.0;21.0072;6.9827999999999975;24.94748124330117;🟢 Ganho Rápido;🟢 Baixa;Avaliar aumento de preço com baixo risco competitivo.;4
7896902285446;FARMAX OLEO DE RICINO PURO 100ML;11.99;3;ZANOL E THOMAZ LTDA;Zanol e Thomaz;11.99;TRIANGULO DROGARIA LTDA;Triangulo;5.0;FARMAX OLEO DE RICINO PURO 100ML;FARMAX;FARMAX OLEOS;B;SUBIR PREÇO;1.51;21.18432026688908;2.540000000000001;11.99;0.0;0.0;9.45;2.540000000000001;21.18432026688908;🟢 Ganho Rápido;🟢 Baixa;Avaliar aumento de preço com baixo risco competitivo.;4
7897595603494;ACICLOVIR 400MG 30CPR SANDOZ;59.99;2;ZANOL E THOMAZ LTDA;Zanol e Thomaz;59.99;TRIANGULO DROGARIA LTDA;Triangulo;4.0;ACICLOVIR 400MG 30CPR SANDOZ;SANDOZ;ACICLOVIR;B;SUBIR PREÇO URGENTE;10.57746031746029;17.65757255838941;10.5927777777778;59.99;0.0;0.0;49.397222222222204;10.592777777777798;17.657572558389393;🟢 Ganho Rápido;🟢 Baixa;Avaliar aumento de preço com baixo risco competitivo.;4
7897595901576;PURAN T4 175MCG 30CPR;26.99;2;ZANOL E THOMAZ LTDA;Zanol e Thomaz;26.99;TRIANGULO DROGARIA LTDA;Triangulo;3.0;PURAN T4 175MCG 30CPR;SANOFI-MEDLEY;PURAN T4;B;SUBIR PREÇO URGENTE;9.678571428571434;4.898110411263428;1.321999999999999;26.99;0.0;0.0;25.668;1.3219999999999992;4.898110411263428;🟢 Ganho Rápido;🟢 Baixa;Avaliar aumento de preço com baixo risco competitivo.;4
7897947600577;XO INSETO BABY ICARIDINA GEL B 100ML;26.99;2;ZANOL E THOMAZ LTDA;Zanol e Thomaz;26.99;TRIANGULO DROGARIA LTDA;Triangulo;12.0;XO INSETO BABY ICARIDINA GEL B 100ML;CIMED;XO INSETO;B;SUBIR PREÇO;2.267142857142861;24.12004446091144;6.509999999999998;26.99;0.0;0.0;20.48;6.509999999999998;24.120044460911444;🟢 Ganho Rápido;🟢 Baixa;Avaliar aumento de preço com baixo risco competitivo.;4
7897947620162;JOAO E MARIA SH GLICERINA 200ML;15.99;1;ZANOL E THOMAZ LTDA;Zanol e Thomaz;15.99;TRIANGULO DROGARIA LTDA;Triangulo;8.0;JOAO E MARIA SH GLICERINA 200ML;CIMED;JOAO E MARIA;B;SUBIR PREÇO;0.6100000000000012;27.32958098811758;4.370000000000001;15.99;0.0;0.0;11.62;4.370000000000001;27.32958098811758;🟢 Ganho Rápido;🟢 Baixa;Avaliar aumento de preço com baixo risco competitivo.;4
7897947620957;CARMED BODY SPLASH LUZ DO SOL 200ML;30.49;2;ZANOL E THOMAZ LTDA;Zanol e Thomaz;30.49;TRIANGULO DROGARIA LTDA;Triangulo;7.0;CARMED BODY SPLASH LUZ DO SOL 200ML;CIMED;CARMED;B;SUBIR PREÇO URGENTE;9.467142857142857;8.265004919645785;2.52;42.69;0.0;0.0;27.97;2.5199999999999996;8.265004919645785;🟢 Ganho Rápido;🟢 Baixa;Avaliar aumento de preço com baixo risco competitivo.;4
7897947621824;CARMED HIDR MAOS AMOR DE VERAO 40G;13.49;1;ZANOL E THOMAZ LTDA;Zanol e Thomaz;13.49;TRIANGULO DROGARIA LTDA;Triangulo;5.0;CARMED HIDR MAOS AMOR DE VERAO 40G;CIMED;CARMED;B;SUBIR PREÇO URGENTE;2.477857142857143;17.14232765011119;2.3125;13.49;0.0;0.0;11.1775;2.3125;17.142327650111195;🟢 Ganho Rápido;🟢 Baixa;Avaliar aumento de preço com baixo risco competitivo.;4
7897947621985;JOAO E MARIA SAB LIQ LAVANDA 200ML;9.49;3;ZANOL E THOMAZ LTDA;Zanol e Thomaz;9.49;TRIANGULO DROGARIA LTDA;Triangulo;8.0;JOAO E MARIA SAB LIQ LAVANDA 200ML;CIMED;JOAO E MARIA;C;SUBIR PREÇO URGENTE;9.924285714285714;-43.20337197049525;-4.1;15.4275;0.0;0.0;13.59;-4.1;-43.203371970495255;🟢 Ganho Rápido;🟢 Baixa;Avaliar aumento de preço com baixo risco competitivo.;4
7898031310082;AGUA BORICADA UNIPHAR 100 ML;2.99;4;ZANOL E THOMAZ LTDA;Zanol e Thomaz;2.99;TRIANGULO DROGARIA LTDA;Triangulo;9.0;AGUA BORICADA UNIPHAR 100 ML;UNIPHAR;UNIPHAR;B;SUBIR PREÇO URGENTE;0.6097354497354428;15.72525702960502;0.4701851851851901;3.11;0.0;0.0;2.51981481481481;0.47018518518519015;15.72525702960502;🟢 Ganho Rápido;🟢 Baixa;Avaliar aumento de preço com baixo risco competitivo.;4
7898031310259;UNIPHAR AZEITE DOCE 30ML;4.99;2;ZANOL E THOMAZ LTDA;Zanol e Thomaz;4.99;TRIANGULO DROGARIA LTDA;Triangulo;5.0;UNIPHAR AZEITE DOCE 30ML;UNIPHAR;UNIPHAR;B;SUBIR PREÇO;0.09571428571428608;28.65731462925852;1.43;4.99;0.0;0.0;3.5600000000000005;1.4299999999999997;28.65731462925851;🟢 Ganho Rápido;🟢 Baixa;Avaliar aumento de preço com baixo risco competitivo.;4
7898031310280;GLICERINA UNIPHAR 100ML;8.49;3;ZANOL E THOMAZ LTDA;Zanol e Thomaz;8.49;TRIANGULO DROGARIA LTDA;Triangulo;13.0;GLICERINA UNIPHAR 100ML;UNIPHAR;UNIPHAR;B;SUBIR PREÇO;0.1957142857142866;28.38633686690224;2.41;8.49;0.0;0.0;6.08;2.41;28.38633686690224;🟢 Ganho Rápido;🟢 Baixa;Avaliar aumento de preço com baixo risco competitivo.;4
7898031310662;OLEO DE RICINO UNIPHAR 30ML;3.99;1;ZANOL E THOMAZ LTDA;Zanol e Thomaz;3.99;TRIANGULO DROGARIA LTDA;Triangulo;10.0;OLEO DE RICINO UNIPHAR 30ML;JRD IND;OLEO DE RICINO;B;SUBIR PREÇO URGENTE;0.71;17.54385964912281;0.7000000000000002;3.99;0.0;0.0;3.29;0.7000000000000002;17.543859649122812;🟢 Ganho Rápido;🟢 Baixa;Avaliar aumento de preço com baixo risco competitivo.;4
7898031310709;UNIPHAR PASTA D'AGUA 100G;7.99;4;ZANOL E THOMAZ LTDA;Zanol e Thomaz;7.99;TRIANGULO DROGARIA LTDA;Triangulo;18.0;UNIPHAR PASTA D'AGUA 100G;JRD IND;PASTA DAGUA;B;SUBIR PREÇO URGENTE;2.53857142857143;7.759699624530665;0.6200000000000001;7.99;0.0;0.0;7.37;0.6200000000000001;7.759699624530665;🟢 Ganho Rápido;🟢 Baixa;Avaliar aumento de preço com baixo risco competitivo.;4
7898031311232;BICARBONATO 50GR UNIPHAR;2.99;4;ZANOL E THOMAZ LTDA;Zanol e Thomaz;2.99;TRIANGULO DROGARIA LTDA;Triangulo;17.0;BICARBONATO 50GR UNIPHAR;UNIPHAR;UNIPHAR;B;SUBIR PREÇO URGENTE;0.926246498599443;8.315299363892652;0.2486274509803903;2.99;0.0;0.0;2.74137254901961;0.2486274509803903;8.315299363892652;🟢 Ganho Rápido;🟢 Baixa;Avaliar aumento de preço com baixo risco competitivo.;4
7898031314257;IODOPOLIVIDONA UNIPHAR 10% 100ML;9.99;4;ZANOL E THOMAZ LTDA;Zanol e Thomaz;9.99;TRIANGULO DROGARIA LTDA;Triangulo;16.0;IODOPOLIVIDONA UNIPHAR 10% 100ML;JRD IND;IODOPOVIDONA;B;SUBIR PREÇO;0.706428571428571;25.05005005005005;2.5025;9.99;0.0;0.0;7.487500000000001;2.5024999999999995;25.050050050050043;🟢 Ganho Rápido;🟢 Baixa;Avaliar aumento de preço com baixo risco competitivo.;4
7898040321970;ABRILAR 7 MG/ML SOL ORAL  200ML;85.08;3;ZANOL E THOMAZ LTDA;Zanol e Thomaz;85.08;TRIANGULO DROGARIA LTDA;Triangulo;3.0;ABRILAR 7 MG/ML SOL ORAL  200ML;FQM FARMA;ABRILAR;B;SUBIR PREÇO URGENTE;30.36285714285715;5.018805829807236;4.269999999999996;85.08;0.0;0.0;80.81;4.269999999999996;5.018805829807236;🟢 Ganho Rápido;🟢 Baixa;Avaliar aumento de preço com baixo risco competitivo.;4
7898040326531;MARESIS  BABY SPRAY  C/ 150 ML;60.03;2;ZANOL E THOMAZ LTDA;Zanol e Thomaz;60.03;TRIANGULO DROGARIA LTDA;Triangulo;2.0;MARESIS  BABY SPRAY  C/ 150 ML;FQM FARMA;MARESIS BABY;B;SUBIR PREÇO URGENTE;10.03666666666672;18.29640735187956;10.9833333333333;60.03;0.0;0.0;49.0466666666667;10.983333333333299;18.296407351879555;🟢 Ganho Rápido;🟢 Baixa;Avaliar aumento de preço com baixo risco competitivo.;4
7898040328290;ABRILAR L-MENTOL XPE 200ML;70.87;5;ZANOL E THOMAZ LTDA;Zanol e Thomaz;70.87;TRIANGULO DROGARIA LTDA;Triangulo;2.0;ABRILAR L-MENTOL XPE 200ML;FQM FARMA;ABRILAR;B;SUBIR PREÇO URGENTE;38.95857142857142;-8.480316071680528;-6.009999999999991;70.87;0.0;0.0;76.88;-6.009999999999991;-8.480316071680528;🟢 Ganho Rápido;🟢 Baixa;Avaliar aumento de preço com baixo risco competitivo.;4
7898108640661;CURATIVO CICATRISAN 10UNDS;2.99;2;ZANOL E THOMAZ LTDA;Zanol e Thomaz;2.99;TRIANGULO DROGARIA LTDA;Triangulo;10.0;CURATIVO CICATRISAN 10UNDS;SANFARMA;CICATRISAN;B;SUBIR PREÇO;0.1844297719087575;25.68224614260435;0.76789915966387;2.99;0.0;0.0;2.22210084033613;0.76789915966387;25.68224614260435;🟢 Ganho Rápido;🟢 Baixa;Avaliar aumento de preço com baixo risco competitivo.;4
7898108640791;CURATIVO HIDROCOLOIDE SANFARMA 24UNDS;18.99;1;ZANOL E THOMAZ LTDA;Zanol e Thomaz;18.99;TRIANGULO DROGARIA LTDA;Triangulo;19.0;CURATIVO HIDROCOLOIDE SANFARMA 24UNDS;SANFARMA;SANCARE;B;SUBIR PREÇO;1.295714285714286;25.22380200105319;4.789999999999999;21.65666666666666;0.0;0.0;14.2;4.789999999999999;25.223802001053187;🟢 Ganho Rápido;🟢 Baixa;Avaliar aumento de preço com baixo risco competitivo.;4
7898108641170;ATADURA DE CREPE SANFARMA 8X180CM;1.99;4;ZANOL E THOMAZ LTDA;Zanol e Thomaz;1.99;TRIANGULO DROGARIA LTDA;Triangulo;23.0;ATADURA DE CREPE SANFARMA 8X180CM;SANFARMA;SANFARMA;B;SUBIR PREÇO URGENTE;0.3211688311688288;18.70260392873467;0.3721818181818199;1.99;0.0;0.0;1.61781818181818;0.37218181818181995;18.70260392873467;🟢 Ganho Rápido;🟢 Baixa;Avaliar aumento de preço com baixo risco competitivo.;4
7898108641361;ATADURA DE CREPE SANFARMA 20X180CM;5.99;4;ZANOL E THOMAZ LTDA;Zanol e Thomaz;5.99;TRIANGULO DROGARIA LTDA;Triangulo;24.0;ATADURA DE CREPE SANFARMA 20X180CM;SANFARMA;SANFARMA;B;SUBIR PREÇO;0.0933065810593865;28.90960589746961;1.73168539325843;5.99;0.0;0.0;4.25831460674157;1.73168539325843;28.909605897469614;🟢 Ganho Rápido;🟢 Baixa;Avaliar aumento de preço com baixo risco competitivo.;4
7898279790400;FINI BALA BEIJOS DE MORANGO 90GR;6.99;2;ZANOL E THOMAZ LTDA;Zanol e Thomaz;6.99;TRIANGULO DROGARIA LTDA;Triangulo;7.0;FINI BALA BEIJOS DE MORANGO 90GR;FINI;FINI;B;SUBIR PREÇO URGENTE;3.681428571428572;-6.866952789699564;-0.4799999999999995;6.99;0.0;0.0;7.47;-0.47999999999999954;-6.866952789699564;🟢 Ganho Rápido;🟢 Baixa;Avaliar aumento de preço com baixo risco competitivo.;4
7898279790431;FINI BALA AMORA 90GR;6.99;2;ZANOL E THOMAZ LTDA;Zanol e Thomaz;6.99;TRIANGULO DROGARIA LTDA;Triangulo;9.0;FINI BALA AMORA 90GR;FINI;FINI;B;SUBIR PREÇO;0.1719047619047576;28.27849308536009;1.97666666666667;6.99;0.0;0.0;5.01333333333333;1.9766666666666701;28.278493085360086;🟢 Ganho Rápido;🟢 Baixa;Avaliar aumento de preço com baixo risco competitivo.;4
7898279792077;FINI FINIBURGUERS 90G;6.99;2;ZANOL E THOMAZ LTDA;Zanol e Thomaz;6.99;TRIANGULO DROGARIA LTDA;Triangulo;2.0;FINI FINIBURGUERS 90G;FINI;FINI;B;SUBIR PREÇO;0.1719047619047576;28.27849308536009;1.97666666666667;6.989999999999999;0.0;0.0;5.01333333333333;1.9766666666666701;28.278493085360086;🟢 Ganho Rápido;🟢 Baixa;Avaliar aumento de preço com baixo risco competitivo.;4
7898279795061;FINI CHICLE SALADA DE FRUTAS 80GR;6.99;2;ZANOL E THOMAZ LTDA;Zanol e Thomaz;6.99;TRIANGULO DROGARIA LTDA;Triangulo;7.0;FINI CHICLE SALADA DE FRUTAS 80GR;FINI;FINI;B;SUBIR PREÇO;0.1715079365079433;28.28246701637253;1.97694444444444;6.99;0.0;0.0;5.01305555555556;1.97694444444444;28.282467016372532;🟢 Ganho Rápido;🟢 Baixa;Avaliar aumento de preço com baixo risco competitivo.;4
7898430192692;PBM (M) TENSART 857MG 30CPR REV;72.28;2;ZANOL E THOMAZ LTDA;Zanol e Thomaz;72.28;TRIANGULO DROGARIA LTDA;Triangulo;6.0;PBM (M) TENSART 857MG 30CPR REV;MYRALIS PHARMA;TENSART;B;SUBIR PREÇO URGENTE;26.867619047619;3.979893008670044;2.876666666666708;72.28;0.0;0.0;69.4033333333333;2.876666666666708;3.9798930086700444;🟢 Ganho Rápido;🟢 Baixa;Avaliar aumento de preço com baixo risco competitivo.;4
7898430194320;PBM (M) DPREV TODO DIA 600UI SOL GOTAS 5ML;48.05;2;ZANOL E THOMAZ LTDA;Zanol e Thomaz;48.05;TRIANGULO DROGARIA LTDA;Triangulo;10.0;PBM (M) DPREV TODO DIA 600UI SOL GOTAS 5ML;MYRALIS PHARMA;DPREV TODO DIA;B;SUBIR PREÇO;1.452521008403295;27.88394442064037;13.3982352941177;48.05;0.0;0.0;34.6517647058823;13.398235294117697;27.883944420640372;🟢 Ganho Rápido;🟢 Baixa;Avaliar aumento de preço com baixo risco competitivo.;4
7898430194689;PBM (M) DPREV TODO DIA 400UI 10ML;30.44;2;ZANOL E THOMAZ LTDA;Zanol e Thomaz;30.44;TRIANGULO DROGARIA LTDA;Triangulo;8.0;PBM (M) DPREV TODO DIA 400UI 10ML;MYRALIS PHARMA;DPREV TODO DIA;B;SUBIR PREÇO URGENTE;6.488571428571429;15.07884362680683;4.59;30.44;0.0;0.0;25.85;4.59;15.078843626806831;🟢 Ganho Rápido;🟢 Baixa;Avaliar aumento de preço com baixo risco competitivo.;4
7898537840243;DOCE OURO DE MINAS PALHA ITALIANA 50G;2.99;2;ZANOL E THOMAZ LTDA;Zanol e Thomaz;2.99;TRIANGULO DROGARIA LTDA;Triangulo;8.0;DOCE OURO DE MINAS PALHA ITALIANA 50G;OURO DE MINAS;OURO DE MINAS;C;SUBIR PREÇO URGENTE;62.72428571428572;-1438.461538461538;-43.01;2.99;0.0;0.0;46.0;-43.01;-1438.4615384615383;🟢 Ganho Rápido;🟢 Baixa;Avaliar aumento de preço com baixo risco competitivo.;4
7898537841165;PE DE MOCA OURO DE MINAS UN;2.99;2;ZANOL E THOMAZ LTDA;Zanol e Thomaz;2.99;TRIANGULO DROGARIA LTDA;Triangulo;10.0;PE DE MOCA OURO DE MINAS UN;OURO DE MINAS;OURO DE MINAS;C;SUBIR PREÇO URGENTE;62.72428571428572;-1438.461538461538;-43.01;2.99;0.0;0.0;46.0;-43.01;-1438.4615384615383;🟢 Ganho Rápido;🟢 Baixa;Avaliar aumento de preço com baixo risco competitivo.;4
7898537841240;OURO DE MINAS BEIJO C/ CHOCOLATE;2.99;1;ZANOL E THOMAZ LTDA;Zanol e Thomaz;2.99;TRIANGULO DROGARIA LTDA;Triangulo;11.0;OURO DE MINAS BEIJO C/ CHOCOLATE;FABRICA DE DOCES OURO DE MINAS;FABRICA DE DOCES OURO DE MINAS;C;SUBIR PREÇO URGENTE;62.72428571428572;-1438.461538461538;-43.01;2.99;0.0;0.0;46.0;-43.01;-1438.4615384615383;🟢 Ganho Rápido;🟢 Baixa;Avaliar aumento de preço com baixo risco competitivo.;4
7898537841608;DOCE OURO DE MINAS BEIJO DE MOCA;2.99;2;ZANOL E THOMAZ LTDA;Zanol e Thomaz;2.99;TRIANGULO DROGARIA LTDA;Triangulo;9.0;DOCE OURO DE MINAS BEIJO DE MOCA;OURO DE MINAS;OURO DE MINAS;C;SUBIR PREÇO URGENTE;62.72428571428572;-1438.461538461538;-43.01;2.99;0.0;0.0;46.0;-43.01;-1438.4615384615383;🟢 Ganho Rápido;🟢 Baixa;Avaliar aumento de preço com baixo risco competitivo.;4
7898593052208;OMEGA 3 PEIXONIX CEREJA 60 CAPS MAST;49.99;2;ZANOL E THOMAZ LTDA;Zanol e Thomaz;49.99;TRIANGULO DROGARIA LTDA;Triangulo;4.0;OMEGA 3 PEIXONIX CEREJA 60 CAPS MAST;MAXINUTRI;PEIXONIX OMEGA 3;B;SUBIR PREÇO;6.504642857142862;20.89167833566713;10.44375;49.99;0.0;0.0;39.54625;10.443750000000001;20.891678335667134;🟢 Ganho Rápido;🟢 Baixa;Avaliar aumento de preço com baixo risco competitivo.;4
7898610078327;CORPO DOURADO CT FABULOSOS ONDULADOS 1KG;13.99;3;ZANOL E THOMAZ LTDA;Zanol e Thomaz;13.99;TRIANGULO DROGARIA LTDA;Triangulo;9.0;CORPO DOURADO CT FABULOSOS ONDULADOS 1KG;CORPO DOURADO COSMETICOS;REGARV;B;SUBIR PREÇO;0.1528571428571439;29.23516797712652;4.09;13.99;0.0;0.0;9.9;4.09;29.23516797712652;🟢 Ganho Rápido;🟢 Baixa;Avaliar aumento de preço com baixo risco competitivo.;4
7898610078365;CORPO DOURADO CT CAPRICHOSA BABOSA 1KG;13.99;2;ZANOL E THOMAZ LTDA;Zanol e Thomaz;13.99;TRIANGULO DROGARIA LTDA;Triangulo;5.0;CORPO DOURADO CT CAPRICHOSA BABOSA 1KG;CORPO DOURADO COSMETICOS;REGARV;B;SUBIR PREÇO;0.1528571428571439;29.23516797712652;4.09;13.99;0.0;0.0;9.9;4.09;29.23516797712652;🟢 Ganho Rápido;🟢 Baixa;Avaliar aumento de preço com baixo risco competitivo.;4
7898610078372;CORPO DOURADO CT OLEO DE COCO 1KG;13.99;3;ZANOL E THOMAZ LTDA;Zanol e Thomaz;13.99;TRIANGULO DROGARIA LTDA;Triangulo;10.0;CORPO DOURADO CT OLEO DE COCO 1KG;CORPO DOURADO COSMETICOS;REGARV;B;SUBIR PREÇO;0.1528571428571439;29.23516797712652;4.09;13.99;0.0;0.0;9.9;4.09;29.23516797712652;🟢 Ganho Rápido;🟢 Baixa;Avaliar aumento de preço com baixo risco competitivo.;4
7898610078457;CORPO DOURADO ESF CORPO PITAYA MOSQ 300G;20.99;1;ZANOL E THOMAZ LTDA;Zanol e Thomaz;20.99;TRIANGULO DROGARIA LTDA;Triangulo;1.0;CORPO DOURADO ESF CORPO PITAYA MOSQ 300G;CORPO DOURADO COSMETICOS;CORPO DOURADO;C;SUBIR PREÇO;0.2957142857142898;29.01381610290614;6.089999999999998;20.99;0.0;0.0;14.9;6.089999999999998;29.013816102906137;🟢 Ganho Rápido;🟢 Baixa;Avaliar aumento de preço com baixo risco competitivo.;4
7898610079324;CORPO DOURADO REGARV CT 2EM1 ROSA MOSQUETA 1KG;13.99;2;ZANOL E THOMAZ LTDA;Zanol e Thomaz;13.99;TRIANGULO DROGARIA LTDA;Triangulo;1.0;CORPO DOURADO REGARV CT 2EM1 ROSA MOSQUETA 1KG;CORPO DOURADO COSMETICOS;CORPO DOURADO;C;SUBIR PREÇO;0.1528571428571439;29.23516797712652;4.09;13.99;0.0;0.0;9.9;4.09;29.23516797712652;🟢 Ganho Rápido;🟢 Baixa;Avaliar aumento de preço com baixo risco competitivo.;4
7898610079638;CORPO DOURADO OLEO CAP RICIN MANT MUR 100ML;8.99;2;ZANOL E THOMAZ LTDA;Zanol e Thomaz;8.99;TRIANGULO DROGARIA LTDA;Triangulo;5.0;CORPO DOURADO OLEO CAP RICIN MANT MUR 100ML;CORPO DOURADO COSMETICOS;CORPO DOURADO;B;SUBIR PREÇO;0.281428571428572;27.80867630700779;2.5;8.99;0.0;0.0;6.49;2.5;27.808676307007786;🟢 Ganho Rápido;🟢 Baixa;Avaliar aumento de preço com baixo risco competitivo.;4
7898610370124;HASKELL LEAVE IN CAVALO FORTE 150ML;44.99;4;ZANOL E THOMAZ LTDA;Zanol e Thomaz;44.99;TRIANGULO DROGARIA LTDA;Triangulo;2.0;HASKELL LEAVE IN CAVALO FORTE 150ML;HASKELL;HASKELL;B;SUBIR PREÇO URGENTE;7.509999999999998;18.31518115136697;8.240000000000002;44.99;0.0;0.0;36.75;8.240000000000002;18.315181151366975;🟢 Ganho Rápido;🟢 Baixa;Avaliar aumento de preço com baixo risco competitivo.;4
7898610373514;HASKELL DOSE CONC MANDIOCA 40GR;10.49;1;ZANOL E THOMAZ LTDA;Zanol e Thomaz;10.49;TRIANGULO DROGARIA LTDA;Triangulo;11.0;HASKELL DOSE CONC MANDIOCA 40GR;HASKELL;HASKELL;B;SUBIR PREÇO;0.7242857142857151;25.16682554814109;2.640000000000001;10.49;0.0;0.0;7.85;2.6400000000000006;25.16682554814109;🟢 Ganho Rápido;🟢 Baixa;Avaliar aumento de preço com baixo risco competitivo.;4
7898610375099;HASKELL SEL PONTAS CAVALO FORTE 35ML;43.99;1;ZANOL E THOMAZ LTDA;Zanol e Thomaz;43.99;TRIANGULO DROGARIA LTDA;Triangulo;3.0;HASKELL SEL PONTAS CAVALO FORTE 35ML;HASKELL;HASKELL;B;SUBIR PREÇO URGENTE;7.72428571428572;17.7085701295749;7.789999999999999;43.99;0.0;0.0;36.2;7.789999999999999;17.7085701295749;🟢 Ganho Rápido;🟢 Baixa;Avaliar aumento de preço com baixo risco competitivo.;4
7898610375105;HASKELL CT CAVALO FORTE 300GR;42.99;1;ZANOL E THOMAZ LTDA;Zanol e Thomaz;42.99;TRIANGULO DROGARIA LTDA;Triangulo;10.0;HASKELL CT CAVALO FORTE 300GR;HASKELL;HASKELL;B;SUBIR PREÇO URGENTE;12.58142857142857;9.513840428006521;4.090000000000003;42.99;0.0;0.0;38.9;4.090000000000003;9.513840428006521;🟢 Ganho Rápido;🟢 Baixa;Avaliar aumento de preço com baixo risco competitivo.;4
7898610375174;HASKELL FLUIDO BANANEIRA 120ML;31.99;2;ZANOL E THOMAZ LTDA;Zanol e Thomaz;31.99;TRIANGULO DROGARIA LTDA;Triangulo;3.0;HASKELL FLUIDO BANANEIRA 120ML;HASKELL;HASKELL;C;SUBIR PREÇO;3.510000000000009;22.3194748358862;7.139999999999997;31.99;0.0;0.0;24.85;7.139999999999997;22.319474835886204;🟢 Ganho Rápido;🟢 Baixa;Avaliar aumento de preço com baixo risco competitivo.;4
7898610377314;HASKELL CT HIDRA CAVALO 300GR;42.49;2;ZANOL E THOMAZ LTDA;Zanol e Thomaz;42.49;TRIANGULO DROGARIA LTDA;Triangulo;5.0;HASKELL CT HIDRA CAVALO 300GR;HASKELL;HASKELL;B;SUBIR PREÇO URGENTE;13.08142857142857;8.449046834549314;3.590000000000003;42.49;0.0;0.0;38.9;3.5900000000000034;8.449046834549314;🟢 Ganho Rápido;🟢 Baixa;Avaliar aumento de preço com baixo risco competitivo.;4
7898610377352;HASKELL TONICO CAVALO FORTE 120ML;34.99;2;ZANOL E THOMAZ LTDA;Zanol e Thomaz;34.99;TRIANGULO DROGARIA LTDA;Triangulo;10.0;HASKELL TONICO CAVALO FORTE 120ML;HASKELL;HASKELL;B;SUBIR PREÇO URGENTE;11.86714285714285;6.258931123178065;2.190000000000005;34.99;0.0;0.0;32.8;2.190000000000005;6.258931123178065;🟢 Ganho Rápido;🟢 Baixa;Avaliar aumento de preço com baixo risco competitivo.;4
7898610378601;HASKELL CT FRIZZ CANCELADO 240ML;45.99;1;ZANOL E THOMAZ LTDA;Zanol e Thomaz;45.99;TRIANGULO DROGARIA LTDA;Triangulo;1.0;HASKELL CT FRIZZ CANCELADO 240ML;OH MY COSMETICS;OH MY;B;SUBIR PREÇO URGENTE;9.581428571428567;15.41639486844967;7.090000000000003;45.99;0.0;0.0;38.9;7.090000000000003;15.41639486844967;🟢 Ganho Rápido;🟢 Baixa;Avaliar aumento de preço com baixo risco competitivo.;4
7898656391220;MAMYPOKO FRD TRAD RN C/20;29.99;6;ZANOL E THOMAZ LTDA;Zanol e Thomaz;29.99;TRIANGULO DROGARIA LTDA;Triangulo;18.0;MAMYPOKO FRD TRAD RN C/20;UNICHARM;MAMYPOKO;B;SUBIR PREÇO URGENTE;9.438571428571432;7.969323107702558;2.389999999999997;29.99;0.0;0.0;27.6;2.389999999999997;7.969323107702558;🟢 Ganho Rápido;🟢 Baixa;Avaliar aumento de preço com baixo risco competitivo.;4
7898757790045;QUICK PICOLE EXCELLENCE PISTACHE;12.99;2;ZANOL E THOMAZ LTDA;Zanol e Thomaz;12.99;TRIANGULO DROGARIA LTDA;Triangulo;4.0;QUICK PICOLE EXCELLENCE PISTACHE;QUICK SORV;QUICK SORVETES;C;SUBIR PREÇO URGENTE;246.01;-1295.688991531948;-168.31;12.99;0.0;0.0;181.3;-168.31;-1295.6889915319475;🟢 Ganho Rápido;🟢 Baixa;Avaliar aumento de preço com baixo risco competitivo.;4
7898918205074;QUICK SORVETES ACAI 1 LT;32.99;6;ZANOL E THOMAZ LTDA;Zanol e Thomaz;32.99;TRIANGULO DROGARIA LTDA;Triangulo;10.0;QUICK SORVETES ACAI 1 LT;QUICK SORV;QUICK SORVETES;B;SUBIR PREÇO;2.724285714285713;24.21946044255835;7.990000000000002;32.99;0.0;0.0;25.0;7.990000000000002;24.219460442558354;🟢 Ganho Rápido;🟢 Baixa;Avaliar aumento de preço com baixo risco competitivo.;4
7898918205326;QUICK PICOLE TRAD NINHO TRUFADO;6.99;1;ZANOL E THOMAZ LTDA;Zanol e Thomaz;6.99;TRIANGULO DROGARIA LTDA;Triangulo;5.0;QUICK PICOLE TRAD NINHO TRUFADO;QUICK SORV;QUICK SORVETES;B;SUBIR PREÇO URGENTE;220.8671428571429;-2181.831187410586;-152.51;6.989999999999999;0.0;0.0;159.5;-152.51;-2181.831187410586;🟢 Ganho Rápido;🟢 Baixa;Avaliar aumento de preço com baixo risco competitivo.;4
7898941911294;SUSTAGEN SENIOR BAUNILHA 370GR;64.99;2;ZANOL E THOMAZ LTDA;Zanol e Thomaz;64.99;TRIANGULO DROGARIA LTDA;Triangulo;4.0;SUSTAGEN SENIOR BAUNILHA 370GR;RECKITT BENCKISER;SUSTAGEN;B;SUBIR PREÇO;0.2242857142857275;29.75842437298046;19.34;64.99;0.0;0.0;45.64999999999999;19.340000000000003;29.758424372980468;🟢 Ganho Rápido;🟢 Baixa;Avaliar aumento de preço com baixo risco competitivo.;4
7898947170633;MEDIX LUVA DE PROCEDIMENTO M 100UND;36.99;3;ZANOL E THOMAZ LTDA;Zanol e Thomaz;36.99;TRIANGULO DROGARIA LTDA;Triangulo;21.0;MEDIX LUVA DE PROCEDIMENTO M 100UND;MEDIX;MEDIX;B;SUBIR PREÇO URGENTE;9.211984126984142;12.56721035715356;4.648611111111101;36.99;0.0;0.0;32.3413888888889;4.6486111111111015;12.567210357153558;🟢 Ganho Rápido;🟢 Baixa;Avaliar aumento de preço com baixo risco competitivo.;4
7898965666057;DABELLE OLEO ABACATE 190ML;24.99;1;ZANOL E THOMAZ LTDA;Zanol e Thomaz;24.99;TRIANGULO DROGARIA LTDA;Triangulo;8.0;DABELLE OLEO ABACATE 190ML;DUTY COSMETICOS;DABELLE;B;SUBIR PREÇO;0.9814285714285731;27.25090036014405;6.809999999999999;24.99;0.0;0.0;18.18;6.809999999999999;27.250900360144055;🟢 Ganho Rápido;🟢 Baixa;Avaliar aumento de preço com baixo risco competitivo.;4
7898965666309;DABELLE KIT LISO ARRASADOR 200ML;18.99;3;ZANOL E THOMAZ LTDA;Zanol e Thomaz;18.99;TRIANGULO DROGARIA LTDA;Triangulo;17.0;DABELLE KIT LISO ARRASADOR 200ML;DUTY COSMETICOS;DABELLE;B;SUBIR PREÇO URGENTE;4.41;13.74407582938388;2.609999999999999;18.99;0.0;0.0;16.38;2.6099999999999994;13.744075829383885;🟢 Ganho Rápido;🟢 Baixa;Avaliar aumento de preço com baixo risco competitivo.;4
7898965666316;DABELLE KIT CRESCIMENTO 200ML;18.99;1;ZANOL E THOMAZ LTDA;Zanol e Thomaz;18.99;TRIANGULO DROGARIA LTDA;Triangulo;7.0;DABELLE KIT CRESCIMENTO 200ML;DUTY COSMETICOS;DABELLE;B;SUBIR PREÇO URGENTE;4.41;13.74407582938388;2.609999999999999;18.99;0.0;0.0;16.38;2.6099999999999994;13.744075829383885;🟢 Ganho Rápido;🟢 Baixa;Avaliar aumento de preço com baixo risco competitivo.;4
7898965666323;DABELLE KIT CACHOS ONDA 200ML;18.99;4;ZANOL E THOMAZ LTDA;Zanol e Thomaz;18.99;TRIANGULO DROGARIA LTDA;Triangulo;24.0;DABELLE KIT CACHOS ONDA 200ML;DUTY COSMETICOS;DABELLE;B;SUBIR PREÇO URGENTE;4.41;13.74407582938388;2.609999999999999;18.99;0.0;0.0;16.38;2.6099999999999994;13.744075829383885;🟢 Ganho Rápido;🟢 Baixa;Avaliar aumento de preço com baixo risco competitivo.;4
7898965666583;DABELLE OLEO OLIVA BABOSA 40ML;21.99;2;ZANOL E THOMAZ LTDA;Zanol e Thomaz;21.99;TRIANGULO DROGARIA LTDA;Triangulo;9.0;DABELLE OLEO OLIVA BABOSA 40ML;DUTY COSMETICOS;DABELLE;B;SUBIR PREÇO;2.624285714285719;21.64620281946338;4.759999999999998;21.99;0.0;0.0;17.23;4.759999999999998;21.646202819463383;🟢 Ganho Rápido;🟢 Baixa;Avaliar aumento de preço com baixo risco competitivo.;4
7898965666613;DABELLE OLEO BLEND OL 40ML;21.99;2;ZANOL E THOMAZ LTDA;Zanol e Thomaz;21.99;TRIANGULO DROGARIA LTDA;Triangulo;8.0;DABELLE OLEO BLEND OL 40ML;DUTY COSMETICOS;DABELLE;B;SUBIR PREÇO;0.8528571428571468;27.28512960436561;5.999999999999998;21.99;0.0;0.0;15.99;5.999999999999998;27.285129604365615;🟢 Ganho Rápido;🟢 Baixa;Avaliar aumento de preço com baixo risco competitivo.;4
7898965666750;DABELLE OLEO COCO 45ML;21.99;1;ZANOL E THOMAZ LTDA;Zanol e Thomaz;21.99;TRIANGULO DROGARIA LTDA;Triangulo;10.0;DABELLE OLEO COCO 45ML;DUTY COSMETICOS;DABELLE;C;SUBIR PREÇO;2.624285714285719;21.64620281946338;4.759999999999998;21.99;0.0;0.0;17.23;4.759999999999998;21.646202819463383;🟢 Ganho Rápido;🟢 Baixa;Avaliar aumento de preço com baixo risco competitivo.;4
7898965666767;DABELLE OLEO RICINO 40ML;21.99;2;ZANOL E THOMAZ LTDA;Zanol e Thomaz;21.99;TRIANGULO DROGARIA LTDA;Triangulo;5.0;DABELLE OLEO RICINO 40ML;DUTY COSMETICOS;DABELLE;B;SUBIR PREÇO;0.8528571428571468;27.28512960436561;5.999999999999998;21.99;0.0;0.0;15.99;5.999999999999998;27.285129604365615;🟢 Ganho Rápido;🟢 Baixa;Avaliar aumento de preço com baixo risco competitivo.;4
7898965666958;DABELLE KIT ABACATE 200ML;18.99;1;ZANOL E THOMAZ LTDA;Zanol e Thomaz;18.99;TRIANGULO DROGARIA LTDA;Triangulo;20.0;DABELLE KIT ABACATE 200ML;DUTY COSMETICOS;DABELLE;B;SUBIR PREÇO URGENTE;3.138571428571431;18.43075302790942;3.499999999999998;18.99;0.0;0.0;15.49;3.4999999999999982;18.430753027909418;🟢 Ganho Rápido;🟢 Baixa;Avaliar aumento de preço com baixo risco competitivo.;4
7899026420595;ELSEVE CP REPARACAO TOTAL 250ML;16.99;1;ZANOL E THOMAZ LTDA;Zanol e Thomaz;16.99;TRIANGULO DROGARIA LTDA;Triangulo;6.0;ELSEVE CP REPARACAO TOTAL 250ML;LOREAL;ELSEVE;B;SUBIR PREÇO;0.9018367346938589;26.28436895652913;4.465714285714299;16.99;0.0;0.0;12.5242857142857;4.465714285714299;26.284368956529132;🟢 Ganho Rápido;🟢 Baixa;Avaliar aumento de preço com baixo risco competitivo.;4
7899095200371;STOMALIV STC SUSP 240ML;24.99;2;ZANOL E THOMAZ LTDA;Zanol e Thomaz;24.99;TRIANGULO DROGARIA LTDA;Triangulo;7.0;STOMALIV STC SUSP 240ML;GEOLAB;STOMALIV;B;SUBIR PREÇO;1.454642857142861;25.92537014805922;6.478749999999998;24.99;0.0;0.0;18.51125;6.478749999999998;25.92537014805922;🟢 Ganho Rápido;🟢 Baixa;Avaliar aumento de preço com baixo risco competitivo.;4
7899420503177;ASEA HCT 40+25MG 30CPR;71.92;1;ZANOL E THOMAZ LTDA;Zanol e Thomaz;71.92;TRIANGULO DROGARIA LTDA;Triangulo;2.0;ASEA HCT 40+25MG 30CPR;SUPERA RX;ASEA HCT;B;SUBIR PREÇO URGENTE;33.22553571428573;-2.338535873192443;-1.681875000000005;71.92;0.0;0.0;73.601875;-1.6818750000000051;-2.338535873192443;🟢 Ganho Rápido;🟢 Baixa;Avaliar aumento de preço com baixo risco competitivo.;4
7899547502039;AZITROMICINA 1G 1CAPS PRATI;13.99;5;ZANOL E THOMAZ LTDA;Zanol e Thomaz;13.99;TRIANGULO DROGARIA LTDA;Triangulo;19.0;AZITROMICINA 1G 1CAPS PRATI;PRATI DONADUZZI;AZITROMICINA;B;SUBIR PREÇO;0.9600000000000009;25.19656897784132;3.525;13.99;0.0;0.0;10.465;3.5250000000000004;25.196568977841316;🟢 Ganho Rápido;🟢 Baixa;Avaliar aumento de preço com baixo risco competitivo.;4
7899547505269;LOSARTANA POTASSICA 100MG 30CPR PRATI;19.99;4;ZANOL E THOMAZ LTDA;Zanol e Thomaz;19.99;TRIANGULO DROGARIA LTDA;Triangulo;19.0;LOSARTANA POTASSICA 100MG 30CPR PRATI;PRATI DONADUZZI;LOSARTANA POTASSICA;B;SUBIR PREÇO URGENTE;2.924285714285716;19.75987993996998;3.949999999999999;19.99;0.0;0.0;16.04;3.9499999999999993;19.75987993996998;🟢 Ganho Rápido;🟢 Baixa;Avaliar aumento de preço com baixo risco competitivo.;4
7899547510928;CABERGOLINA 0,5MG 8CPR PRATI;81.9;2;ZANOL E THOMAZ LTDA;Zanol e Thomaz;81.9;TRIANGULO DROGARIA LTDA;Triangulo;3.0;CABERGOLINA 0,5MG 8CPR PRATI;PRATI DONADUZZI;CABERGOLINA;B;SUBIR PREÇO URGENTE;14.41428571428571;17.68009768009768;14.48;81.9;0.0;0.0;67.42;14.480000000000004;17.680097680097685;🟢 Ganho Rápido;🟢 Baixa;Avaliar aumento de preço com baixo risco competitivo.;4
7899572805815;LOLA CT BEMDITA GHEE NUTRICAO ABACAXI 100GR;21.99;4;ZANOL E THOMAZ LTDA;Zanol e Thomaz;21.99;TRIANGULO DROGARIA LTDA;Triangulo;6.0;LOLA CT BEMDITA GHEE NUTRICAO ABACAXI 100GR;LOLA COSMETICS;LOLA;B;SUBIR PREÇO;0.1671428571428599;29.46793997271487;6.479999999999999;21.99;0.0;0.0;15.51;6.479999999999999;29.46793997271487;🟢 Ganho Rápido;🟢 Baixa;Avaliar aumento de preço com baixo risco competitivo.;4
7899706170857;ELSEVE CD LONGO DOS SONH 200ML;16.99;1;ZANOL E THOMAZ LTDA;Zanol e Thomaz;16.99;TRIANGULO DROGARIA LTDA;Triangulo;7.0;ELSEVE CD LONGO DOS SONH 200ML;LOREAL;ELSEVE;B;SUBIR PREÇO;0.1385714285714315;29.42907592701588;4.999999999999998;16.99;0.0;0.0;11.99;4.999999999999998;29.429075927015884;🟢 Ganho Rápido;🟢 Baixa;Avaliar aumento de preço com baixo risco competitivo.;4
7899706182980;CERAVE CREME HIDRATANTE 50ML;38.11;5;ZANOL E THOMAZ LTDA;Zanol e Thomaz;38.11;TRIANGULO DROGARIA LTDA;Triangulo;32.0;CERAVE CREME HIDRATANTE 50ML;CERAVE;CERAVE;B;SUBIR PREÇO URGENTE;6.16619047619043;18.67401381964497;7.116666666666699;39.07310344827586;0.0;0.0;30.9933333333333;7.116666666666699;18.674013819644973;🟢 Ganho Rápido;🟢 Baixa;Avaliar aumento de preço com baixo risco competitivo.;4
7899706196628;GARNIER SERUM UN&MAT VIT C 15ML;55.99;2;ZANOL E THOMAZ LTDA;Zanol e Thomaz;55.99;TRIANGULO DROGARIA LTDA;Triangulo;6.0;GARNIER SERUM UN&MAT VIT C 15ML;LOREAL;GARNIER;B;SUBIR PREÇO;1.467142857142861;28.16574388283622;15.77;55.99;0.0;0.0;40.22;15.770000000000003;28.165743882836225;🟢 Ganho Rápido;🟢 Baixa;Avaliar aumento de preço com baixo risco competitivo.;4
7899706197502;ELSEVE CP CACHOS SONHOS 250ML;16.99;1;ZANOL E THOMAZ LTDA;Zanol e Thomaz;16.99;TRIANGULO DROGARIA LTDA;Triangulo;10.0;ELSEVE CP CACHOS SONHOS 250ML;LOREAL;CACHOS DOS SONHOS;B;SUBIR PREÇO URGENTE;6.595714285714291;2.825191288993508;0.4799999999999969;16.99;0.0;0.0;16.51;0.4799999999999969;2.8251912889935076;🟢 Ganho Rápido;🟢 Baixa;Avaliar aumento de preço com baixo risco competitivo.;4
7908448004860;DABELLE OLEO CAP  ARGAN 45ML;21.99;2;ZANOL E THOMAZ LTDA;Zanol e Thomaz;21.99;TRIANGULO DROGARIA LTDA;Triangulo;7.0;DABELLE OLEO CAP  ARGAN 45ML;DUTY COSMETICOS;DABELLE;B;SUBIR PREÇO;2.624285714285719;21.64620281946338;4.759999999999998;21.99;0.0;0.0;17.23;4.759999999999998;21.646202819463383;🟢 Ganho Rápido;🟢 Baixa;Avaliar aumento de preço com baixo risco competitivo.;4
7908448005515;DABELLE CP CEREJA MANIA 270GR;11.99;2;ZANOL E THOMAZ LTDA;Zanol e Thomaz;11.99;TRIANGULO DROGARIA LTDA;Triangulo;12.0;DABELLE CP CEREJA MANIA 270GR;DUTY COSMETICOS;DABELLE;C;SUBIR PREÇO;0.1385714285714297;29.19099249374479;3.5;11.99;0.0;0.0;8.49;3.5;29.190992493744787;🟢 Ganho Rápido;🟢 Baixa;Avaliar aumento de preço com baixo risco competitivo.;4
7908458333431;SALON LINE CACHOS DOS SONH OLEO CD VANILLA PINK FATAL 50ML;19.49;1;ZANOL E THOMAZ LTDA;Zanol e Thomaz;19.49;TRIANGULO DROGARIA LTDA;Triangulo;3.0;SALON LINE CACHOS DOS SONH OLEO CD VANILLA PINK FATAL 50ML;SALON LINE;SALON LINE;B;SUBIR PREÇO;1.881428571428575;23.24268855823498;4.529999999999998;19.49;0.0;0.0;14.96;4.529999999999998;23.24268855823498;🟢 Ganho Rápido;🟢 Baixa;Avaliar aumento de preço com baixo risco competitivo.;4
7908458334018;SALON LINE CP CONDICIONADOR DEFINICAO NATURAL 300ML;15.49;2;ZANOL E THOMAZ LTDA;Zanol e Thomaz;15.49;TRIANGULO DROGARIA LTDA;Triangulo;1.0;SALON LINE CP CONDICIONADOR DEFINICAO NATURAL 300ML;SALON LINE;SALON LINE;B;SUBIR PREÇO;0.838571428571429;26.21045836023241;4.06;15.49;0.0;0.0;11.43;4.0600000000000005;26.21045836023241;🟢 Ganho Rápido;🟢 Baixa;Avaliar aumento de preço com baixo risco competitivo.;4
7908458335572;SALON LINE #TODECACHO GELATINA SUPER FIXACAO 200GR;15.99;1;ZANOL E THOMAZ LTDA;Zanol e Thomaz;15.99;TRIANGULO DROGARIA LTDA;Triangulo;13.0;SALON LINE #TODECACHO GELATINA SUPER FIXACAO 200GR;SALON LINE;SALON LINE;B;SUBIR PREÇO;0.2082142857142859;29.08849280800501;4.651250000000001;15.99;0.0;0.0;11.33875;4.651250000000001;29.088492808005007;🟢 Ganho Rápido;🟢 Baixa;Avaliar aumento de preço com baixo risco competitivo.;4
7908458335589;SALON LINE #TODECACHO GELATINA SUPER DEFINICAO 200GR;15.99;1;ZANOL E THOMAZ LTDA;Zanol e Thomaz;15.99;TRIANGULO DROGARIA LTDA;Triangulo;2.0;SALON LINE #TODECACHO GELATINA SUPER DEFINICAO 200GR;SALON LINE;SALON LINE;B;SUBIR PREÇO;0.2082142857142859;29.08849280800501;4.651250000000001;15.99;0.0;0.0;11.33875;4.651250000000001;29.088492808005007;🟢 Ganho Rápido;🟢 Baixa;Avaliar aumento de preço com baixo risco competitivo.;4
7908458335800;SALON LINE OLEO CONDIC HIDRATACAO KIDS 42ML;18.99;1;ZANOL E THOMAZ LTDA;Zanol e Thomaz;18.99;TRIANGULO DROGARIA LTDA;Triangulo;4.0;SALON LINE OLEO CONDIC HIDRATACAO KIDS 42ML;SALON LINE;SOS CACHOS;B;SUBIR PREÇO;0.6142857142857174;27.73565034228541;5.266999999999998;18.99;0.0;0.0;13.723;5.266999999999998;27.735650342285407;🟢 Ganho Rápido;🟢 Baixa;Avaliar aumento de preço com baixo risco competitivo.;4
7908458335961;SALON LINE OLEO MULTY CACHOS DOS SONHOS OLEO CEREJA 50ML;19.99;2;ZANOL E THOMAZ LTDA;Zanol e Thomaz;19.99;TRIANGULO DROGARIA LTDA;Triangulo;1.0;SALON LINE OLEO MULTY CACHOS DOS SONHOS OLEO CEREJA 50ML;SALON LINE;SALON LINE;B;SUBIR PREÇO;1.381428571428575;25.16258129064531;5.029999999999998;19.99;0.0;0.0;14.96;5.029999999999998;25.162581290645313;🟢 Ganho Rápido;🟢 Baixa;Avaliar aumento de preço com baixo risco competitivo.;4
7908458336012;SALON LINE XEROSA BODY SPLASH DESOD MISS RADIANTE 200ML;29.99;1;ZANOL E THOMAZ LTDA;Zanol e Thomaz;29.99;TRIANGULO DROGARIA LTDA;Triangulo;4.0;SALON LINE XEROSA BODY SPLASH DESOD MISS RADIANTE 200ML;SALON LINE;XEROSA;B;SUBIR PREÇO;3.838571428571431;21.04034678226075;6.309999999999999;29.99;0.0;0.0;23.68;6.309999999999999;21.040346782260748;🟢 Ganho Rápido;🟢 Baixa;Avaliar aumento de preço com baixo risco competitivo.;4
7908458336319;SALON LINE CP DEF IMEDIATA CACHOS COLA 1KG;39.99;2;ZANOL E THOMAZ LTDA;Zanol e Thomaz;39.99;TRIANGULO DROGARIA LTDA;Triangulo;5.0;SALON LINE CP DEF IMEDIATA CACHOS COLA 1KG;SALON LINE;SALON LINE;B;SUBIR PREÇO;1.088571428571427;28.09452363090773;11.235;39.99;0.0;0.0;28.755000000000003;11.235;28.094523630907727;🟢 Ganho Rápido;🟢 Baixa;Avaliar aumento de preço com baixo risco competitivo.;4
7908615055145;ELSEVE CD GLYCOLIC GLOSS 200ML;16.99;2;ZANOL E THOMAZ LTDA;Zanol e Thomaz;16.99;TRIANGULO DROGARIA LTDA;Triangulo;8.0;ELSEVE CD GLYCOLIC GLOSS 200ML;LOREAL;ELSEVE;B;SUBIR PREÇO;0.9100000000000001;26.25073572689817;4.459999999999999;16.99;0.0;0.0;12.53;4.459999999999999;26.25073572689817;🟢 Ganho Rápido;🟢 Baixa;Avaliar aumento de preço com baixo risco competitivo.;4
7908615059983;ELSEVE CP GLYCOLIC GLOSS 250ML;16.99;3;ZANOL E THOMAZ LTDA;Zanol e Thomaz;16.99;TRIANGULO DROGARIA LTDA;Triangulo;9.0;ELSEVE CP GLYCOLIC GLOSS 250ML;LOREAL;ELSEVE;B;SUBIR PREÇO;0.7725000000000009;26.81724543849323;4.556249999999999;16.99;0.0;0.0;12.43375;4.556249999999999;26.817245438493227;🟢 Ganho Rápido;🟢 Baixa;Avaliar aumento de preço com baixo risco competitivo.;4
7908785461654;ELSEVE CD LISO SONHOS NOVO 200ML;16.99;1;ZANOL E THOMAZ LTDA;Zanol e Thomaz;16.99;TRIANGULO DROGARIA LTDA;Triangulo;11.0;ELSEVE CD LISO SONHOS NOVO 200ML;LOREAL;ELSEVE;B;SUBIR PREÇO;0.9100000000000001;26.25073572689817;4.459999999999999;16.99;0.0;0.0;12.53;4.459999999999999;26.25073572689817;🟢 Ganho Rápido;🟢 Baixa;Avaliar aumento de preço com baixo risco competitivo.;4
7908785461708;ELSEVE SH LISO SONHOS NV 400ML;28.99;1;ZANOL E THOMAZ LTDA;Zanol e Thomaz;28.99;TRIANGULO DROGARIA LTDA;Triangulo;5.0;ELSEVE SH LISO SONHOS NV 400ML;LOREAL;ELSEVE;B;SUBIR PREÇO;1.410000000000004;26.59537771645394;7.709999999999997;28.99;0.0;0.0;21.28;7.709999999999997;26.595377716453942;🟢 Ganho Rápido;🟢 Baixa;Avaliar aumento de preço com baixo risco competitivo.;4
7909843821922;HAVAIANAS FEM ELEGANCE DOURADO 35/36;26.99;2;ZANOL E THOMAZ LTDA;Zanol e Thomaz;26.99;TRIANGULO DROGARIA LTDA;Triangulo;4.0;HAVAIANAS FEM ELEGANCE DOURADO 35/36;ALPARGATAS;HAVAIANAS;C;SUBIR PREÇO;0.6528571428571475;28.30678028899591;7.639999999999997;26.99;0.0;0.0;19.35;7.639999999999997;28.306780288995913;🟢 Ganho Rápido;🟢 Baixa;Avaliar aumento de preço com baixo risco competitivo.;4
8410525146435;FINI BALA TUBES MORANGO CIT 80GR;6.99;2;ZANOL E THOMAZ LTDA;Zanol e Thomaz;6.99;TRIANGULO DROGARIA LTDA;Triangulo;6.0;FINI BALA TUBES MORANGO CIT 80GR;FINI;FINI;B;SUBIR PREÇO;0.1719047619047576;28.27849308536009;1.97666666666667;6.99;0.0;0.0;5.01333333333333;1.9766666666666701;28.278493085360086;🟢 Ganho Rápido;🟢 Baixa;Avaliar aumento de preço com baixo risco competitivo.;4
8902220106079;AZUKON MR 30MG 30CPR;17.62;1;ZANOL E THOMAZ LTDA;Zanol e Thomaz;17.62;TRIANGULO DROGARIA LTDA;Triangulo;14.0;AZUKON MR 30MG 30CPR;TORRENT DO BRASIL;AZUKON MR;B;SUBIR PREÇO URGENTE;9.760519480519427;-8.776184088329158;-1.546363636363598;17.62;0.0;0.0;19.1663636363636;-1.5463636363635977;-8.776184088329158;🟢 Ganho Rápido;🟢 Baixa;Avaliar aumento de preço com baixo risco competitivo.;4
7896229962983;NATUHAIR AMPOLA ANTICASPA 10ML;1.9899999999999998;5;ZANOL E THOMAZ LTDA;Zanol e Thomaz;1.99;TRIANGULO DROGARIA LTDA;Triangulo;7.0;NATUHAIR AMPOLA ANTICASPA 10ML;BIOSENSE;NATUHAIR;B;SUBIR PREÇO;0.08142857142857163;27.1356783919598;0.54;1.99;-2.220446049250313e-16;-1.1158020347991522e-14;1.4499999999999997;0.5400000000000003;27.13567839195981;🟢 Ganho Rápido;🟢 Baixa;Avaliar aumento de preço com baixo risco competitivo.;4
7898941911119;SUSTAGEN SENIOR S/SABOR 370GR;63.989999999999995;2;ZANOL E THOMAZ LTDA;Zanol e Thomaz;64.99;TRIANGULO DROGARIA LTDA;Triangulo;3.0;SUSTAGEN SENIOR S/SABOR 370GR;RECKITT BENCKISER;SUSTAGEN;B;SUBIR PREÇO;2.22428571428572;27.52817907604382;17.34;64.32333333333334;-1.0;-1.538698261270965;46.64999999999999;18.340000000000003;28.2197261117095;🟢 Ganho Rápido;🟢 Baixa;Avaliar aumento de preço com baixo risco competitivo.;4
7500435125383;PANTENE SH HIDRATACAO 175ML;16.99;3;ZANOL E THOMAZ LTDA;Zanol e Thomaz;18.0;DROGARIA E COMERCIO SUPER POPULAR LTDA;E Super Popular;5.0;PANTENE SH HIDRATACAO 175ML;PROCTER GAMBLE;PANTENE;B;SUBIR PREÇO;2.052857142857146;21.54208357857562;3.659999999999998;16.99;-1.0100000000000016;-5.61111111111112;13.33;4.67;25.944444444444443;🟢 Ganho Rápido;🟢 Baixa;Avaliar aumento de preço com baixo risco competitivo.;4
4015630066841;ACCU-CHEK GUIDE COMBO 3X50 TIRAS  UN;89.75;2;ZANOL E THOMAZ LTDA;Zanol e Thomaz;;;;;ACCU-CHEK GUIDE COMBO 3X50 TIRAS  UN;ROCHE;ACCU-CHEK GUIDE;B;SUBIR PREÇO;4.028571428571425;26.85793871866295;24.105;89.75;;;65.645;;;🟢 Ganho Rápido;🟢 Baixa;Avaliar aumento de preço com baixo risco competitivo.;4
7500435169370;PANTENE KIT SH+CD HIDRATACAO 350ML+175ML;39.99;2;ZANOL E THOMAZ LTDA;Zanol e Thomaz;;;;;PANTENE KIT SH+CD HIDRATACAO 350ML+175ML;PROCTER GAMBLE;PANTENE;B;SUBIR PREÇO;4.695714285714288;21.78044511127782;8.71;39.99;;;31.28;;;🟢 Ganho Rápido;🟢 Baixa;Avaliar aumento de preço com baixo risco competitivo.;4
7509546673042;COLGATE ESC DENTAL PACK ZIG ZAG CARVAO 2X1;11.99;4;ZANOL E THOMAZ LTDA;Zanol e Thomaz;;;;;COLGATE ESC DENTAL PACK ZIG ZAG CARVAO 2X1;COLGATE;COLGATE;B;SUBIR PREÇO URGENTE;1.76714285714286;19.68306922435362;2.359999999999999;11.99;;;9.63;;;🟢 Ganho Rápido;🟢 Baixa;Avaliar aumento de preço com baixo risco competitivo.;4
7891058006044;NOVALGINA FLASH 16CPR;36.66;3;ZANOL E THOMAZ LTDA;Zanol e Thomaz;;;;;NOVALGINA FLASH 16CPR;OPELLA;NOVALGINA FLASH;B;SUBIR PREÇO URGENTE;14.76500000000001;1.807146753955249;0.6624999999999943;36.66;;;35.9975;;;🟢 Ganho Rápido;🟢 Baixa;Avaliar aumento de preço com baixo risco competitivo.;4
7891317024475;OAZ PROTETOR SOLAR BOB ESPONJA FPS60 125ML;47.99;2;ZANOL E THOMAZ LTDA;Zanol e Thomaz;;;;;OAZ PROTETOR SOLAR BOB ESPONJA FPS60 125ML;EUROFARMA;OAZ;C;SUBIR PREÇO;2.299285714285716;26.6461762867264;12.7875;47.99;;;35.2025;;;🟢 Ganho Rápido;🟢 Baixa;Avaliar aumento de preço com baixo risco competitivo.;4
7891800000696;ATADURA CREMER  CYSNE  20CMX1,8M;6.99;2;ZANOL E THOMAZ LTDA;Zanol e Thomaz;;;;;ATADURA CREMER  CYSNE  20CMX1,8M;CREMER S.A;CREMER;B;SUBIR PREÇO URGENTE;44.81;-418.7410586552217;-29.27;6.99;;;36.26;;;🟢 Ganho Rápido;🟢 Baixa;Avaliar aumento de preço com baixo risco competitivo.;4
7891800364781;CREMER ESPARADRAPO IMP. BRANCO  2,5X0,9 CM 12UNIDS;3.49;4;ZANOL E THOMAZ LTDA;Zanol e Thomaz;;;;;CREMER ESPARADRAPO IMP. BRANCO  2,5X0,9 CM 12UNIDS;CREMER S.A;CREMER;B;SUBIR PREÇO;0.2349999999999999;25.2865329512894;0.8825000000000003;3.49;;;2.6075;;;🟢 Ganho Rápido;🟢 Baixa;Avaliar aumento de preço com baixo risco competitivo.;4
7896007551002;PLENITUD ABS INCONT FEMME NOTURNO C/8;22.99;3;ZANOL E THOMAZ LTDA;Zanol e Thomaz;;;;;PLENITUD ABS INCONT FEMME NOTURNO C/8;KIMBERLY CLARK;PLENITUD;B;SUBIR PREÇO URGENTE;9.42428571428572;1.304915180513254;0.2999999999999972;22.99;;;22.69;;;🟢 Ganho Rápido;🟢 Baixa;Avaliar aumento de preço com baixo risco competitivo.;4
7896094928367;ENGOV UP MELANCIA 269ML;7.7;2;ZANOL E THOMAZ LTDA;Zanol e Thomaz;;;;;ENGOV UP MELANCIA 269ML;HYPERA CH;ENGOV UP;B;SUBIR PREÇO URGENTE;3.36;-0.5454545454545431;-0.04199999999999982;7.7;;;7.742;;;🟢 Ganho Rápido;🟢 Baixa;Avaliar aumento de preço com baixo risco competitivo.;4
7896226506463;PROLOPA DR 250 MG C/ 30 CP;102.41;2;ZANOL E THOMAZ LTDA;Zanol e Thomaz;;;;;PROLOPA DR 250 MG C/ 30 CP;FQM FARMA;PROLOPA DR;B;SUBIR PREÇO URGENTE;36.76857142857145;4.867688702275168;4.984999999999999;102.41;;;97.425;;;🟢 Ganho Rápido;🟢 Baixa;Avaliar aumento de preço com baixo risco competitivo.;4
7896229905898;NATUHAIR CD KIDS 500ML;13.99;2;ZANOL E THOMAZ LTDA;Zanol e Thomaz;;;;;NATUHAIR CD KIDS 500ML;BIOSENSE;NATUHAIR;C;SUBIR PREÇO URGENTE;6.995714285714287;-5.003573981415292;-0.6999999999999993;13.99;;;14.69;;;🟢 Ganho Rápido;🟢 Baixa;Avaliar aumento de preço com baixo risco competitivo.;4
7896279102421;MURIEL BABY OLEO AZUL 100 ML;11.99;2;ZANOL E THOMAZ LTDA;Zanol e Thomaz;;;;;MURIEL BABY OLEO AZUL 100 ML;MURIEL;MURIEL;B;SUBIR PREÇO;0.1100000000000012;29.35779816513761;3.52;11.99;;;8.47;;;🟢 Ganho Rápido;🟢 Baixa;Avaliar aumento de preço com baixo risco competitivo.;4
7896279126953;MURIEL POMADA EXTRA FORTE 120GR;20.99;2;ZANOL E THOMAZ LTDA;Zanol e Thomaz;;;;;MURIEL POMADA EXTRA FORTE 120GR;MURIEL;STUDIO HAIR;C;SUBIR PREÇO;1.724285714285717;24.2496426869938;5.089999999999998;20.99;;;15.9;;;🟢 Ganho Rápido;🟢 Baixa;Avaliar aumento de preço com baixo risco competitivo.;4
7896512904324;GRANADO POLVILHO ANTISSEP FRESH 100G;15.49;1;ZANOL E THOMAZ LTDA;Zanol e Thomaz;;;;;GRANADO POLVILHO ANTISSEP FRESH 100G;GRANADO;GRANADO;B;SUBIR PREÇO URGENTE;7.510000000000003;-3.938024531956109;-0.6100000000000012;15.49;;;16.1;;;🟢 Ganho Rápido;🟢 Baixa;Avaliar aumento de preço com baixo risco competitivo.;4
7896685301494;KRONEL INF 250ML SAB LIQ;30.19;4;ZANOL E THOMAZ LTDA;Zanol e Thomaz;;;;;KRONEL INF 250ML SAB LIQ;HEBRON;KRONEL;B;SUBIR PREÇO URGENTE;13.43857142857143;-1.159324279562762;-0.3499999999999979;30.19;;;30.54;;;🟢 Ganho Rápido;🟢 Baixa;Avaliar aumento de preço com baixo risco competitivo.;4
7897947621183;CARMED HID LAB KIT SOS ULTRA GLOSS + ESFOLIANTE 10G;54.99;2;ZANOL E THOMAZ LTDA;Zanol e Thomaz;;;;;CARMED HID LAB KIT SOS ULTRA GLOSS + ESFOLIANTE 10G;CIMED;CARMED;C;SUBIR PREÇO URGENTE;16.62428571428573;8.8379705400982;4.859999999999999;54.99;;;50.13;;;🟢 Ganho Rápido;🟢 Baixa;Avaliar aumento de preço com baixo risco competitivo.;4
7897947621459;SUPER GEL DENTAL MENTA/MELAO 90G;9.99;1;ZANOL E THOMAZ LTDA;Zanol e Thomaz;;;;;SUPER GEL DENTAL MENTA/MELAO 90G;CIMED;SUPER;B;SUBIR PREÇO;0.9385714285714304;23.42342342342342;2.34;9.99;;;7.65;;;🟢 Ganho Rápido;🟢 Baixa;Avaliar aumento de preço com baixo risco competitivo.;4
7897947621633;SUPER DES AERO WOOD 250ML;9.99;3;ZANOL E THOMAZ LTDA;Zanol e Thomaz;;;;;SUPER DES AERO WOOD 250ML;CIMED;SUPER;B;SUBIR PREÇO URGENTE;12.26714285714286;-55.95595595595595;-5.59;9.99;;;15.58;;;🟢 Ganho Rápido;🟢 Baixa;Avaliar aumento de preço com baixo risco competitivo.;4
7898591453595;FINI REGALIZ TUBES ARCO IRIS 80GR;6.99;2;ZANOL E THOMAZ LTDA;Zanol e Thomaz;;;;;FINI REGALIZ TUBES ARCO IRIS 80GR;FINI;FINI;C;SUBIR PREÇO;0.171309523809529;28.28445398187883;1.97708333333333;6.99;;;5.01291666666667;;;🟢 Ganho Rápido;🟢 Baixa;Avaliar aumento de preço com baixo risco competitivo.;4
7898610375235;HASKELL CT POS PROGRESSIVA 300GR;41.99;1;ZANOL E THOMAZ LTDA;Zanol e Thomaz;;;;;HASKELL CT POS PROGRESSIVA 300GR;HASKELL;HASKELL;B;SUBIR PREÇO URGENTE;11.72428571428572;10.45487020719219;4.390000000000001;41.99;;;37.6;;;🟢 Ganho Rápido;🟢 Baixa;Avaliar aumento de preço com baixo risco competitivo.;4
7898610375914;HASKELL CT MANDIOCA REF 250GR;31.99;1;ZANOL E THOMAZ LTDA;Zanol e Thomaz;;;;;HASKELL CT MANDIOCA REF 250GR;HASKELL;HASKELL;C;SUBIR PREÇO;1.867142857142863;25.91434823382307;8.29;31.99;;;23.7;;;🟢 Ganho Rápido;🟢 Baixa;Avaliar aumento de preço com baixo risco competitivo.;4
7898610376768;HASKELL SH ORA PRO NOBIS 300ML;36.49;3;ZANOL E THOMAZ LTDA;Zanol e Thomaz;;;;;HASKELL SH ORA PRO NOBIS 300ML;HASKELL;HASKELL;C;SUBIR PREÇO URGENTE;10.65285714285714;9.564264181967667;3.490000000000002;36.49;;;33.0;;;🟢 Ganho Rápido;🟢 Baixa;Avaliar aumento de preço com baixo risco competitivo.;4
7908458317066;SALON LINE CT MATIZ VERMELHA 300GR;23.49;2;ZANOL E THOMAZ LTDA;Zanol e Thomaz;;;;;SALON LINE CT MATIZ VERMELHA 300GR;SALON LINE;TO DE CACHO;B;SUBIR PREÇO URGENTE;7.095714285714291;8.854831843337584;2.079999999999998;23.49;;;21.41;;;🟢 Ganho Rápido;🟢 Baixa;Avaliar aumento de preço com baixo risco competitivo.;4
7908458322572;SALON LINE CP HIDRA COND 3 EM 1 D-PANTENOL 300ML;11.49;2;ZANOL E THOMAZ LTDA;Zanol e Thomaz;;;;;SALON LINE CP HIDRA COND 3 EM 1 D-PANTENOL 300ML;SALON LINE;SALON LINE;C;SUBIR PREÇO;1.13857142857143;23.06353350739774;2.65;11.49;;;8.84;;;🟢 Ganho Rápido;🟢 Baixa;Avaliar aumento de preço com baixo risco competitivo.;4
7908458332731;SALON LINE CP CONDICIONADOR KIDS VANILLA DEFIN DOCE 1KG;37.99;2;ZANOL E THOMAZ LTDA;Zanol e Thomaz;;;;;SALON LINE CP CONDICIONADOR KIDS VANILLA DEFIN DOCE 1KG;SALON LINE;SALON LINE;B;SUBIR PREÇO;4.224285714285713;22.2163727296657;8.440000000000001;37.99;;;29.55;;;🟢 Ganho Rápido;🟢 Baixa;Avaliar aumento de preço com baixo risco competitivo.;4
7908458332977;SALON LINE MEU LISO SERUM CD SELAGEM D SONHOS 120ML;27.99;2;ZANOL E THOMAZ LTDA;Zanol e Thomaz;;;;;SALON LINE MEU LISO SERUM CD SELAGEM D SONHOS 120ML;SALON LINE;SALON LINE;B;SUBIR PREÇO;2.767142857142861;23.07967131118255;6.459999999999997;27.99;;;21.53;;;🟢 Ganho Rápido;🟢 Baixa;Avaliar aumento de preço com baixo risco competitivo.;4
7908615031484;ANTHELIOS LA ROCHE-POSAY AIRLICIUM ANT FPS80 2.0 40G;95.99;5;ZANOL E THOMAZ LTDA;Zanol e Thomaz;;;;;ANTHELIOS LA ROCHE-POSAY AIRLICIUM ANT FPS80 2.0 40G;LA ROCHE POSAY;ANTHELIOS;B;SUBIR PREÇO;0.8385714285714414;29.38847796645484;28.20999999999999;95.99;;;67.78;;;🟢 Ganho Rápido;🟢 Baixa;Avaliar aumento de preço com baixo risco competitivo.;4
